elapsed_sec,phase,odom_x_m,odom_y_m,odom_yaw_deg,relative_x_m,relative_y_m,relative_yaw_deg
0.0385,long_1_forward,0.023964,0.514650,9.699005,0.000051,0.000000,0.002666
0.0797,long_1_forward,0.023914,0.514642,9.696606,0.000000,-0.000000,0.000267
0.1338,long_1_forward,0.023989,0.514655,9.667775,0.000076,-0.000000,-0.028564
0.1813,long_1_forward,0.025236,0.514866,9.528400,0.001341,-0.000002,-0.167938
0.2304,long_1_forward,0.027458,0.515240,9.597909,0.003594,-0.000007,-0.098430
0.3158,long_1_forward,0.032325,0.516060,9.539080,0.008530,-0.000018,-0.157258
0.3289,long_1_forward,0.035794,0.516646,9.628845,0.012048,-0.000025,-0.067493
0.3801,long_1_forward,0.041658,0.517641,9.622572,0.017996,-0.000033,-0.073766
0.4307,long_1_forward,0.045551,0.518300,9.590414,0.021944,-0.000039,-0.105924
0.4800,long_1_forward,0.051466,0.519300,9.605878,0.027943,-0.000049,-0.090461
0.5290,long_1_forward,0.055484,0.519980,9.602312,0.032018,-0.000056,-0.094027
0.5821,long_1_forward,0.061399,0.520976,9.510644,0.038017,-0.000070,-0.185694
0.6315,long_1_forward,0.065443,0.521655,9.559940,0.042117,-0.000082,-0.136399
0.6830,long_1_forward,0.071333,0.522647,9.559421,0.048090,-0.000096,-0.136917
0.7304,long_1_forward,0.075327,0.523317,9.498213,0.052140,-0.000108,-0.198125
0.7816,long_1_forward,0.081194,0.524298,9.480545,0.058088,-0.000129,-0.215794
0.8313,long_1_forward,0.085163,0.524962,9.528650,0.062112,-0.000143,-0.167688
0.8816,long_1_forward,0.091078,0.525957,9.552692,0.068111,-0.000159,-0.143647
0.9316,long_1_forward,0.094922,0.526603,9.530476,0.072009,-0.000170,-0.165863
0.9790,long_1_forward,0.100788,0.527588,9.540970,0.077957,-0.000186,-0.155369
1.0330,long_1_forward,0.104732,0.528251,9.537952,0.081956,-0.000197,-0.158386
1.0848,long_1_forward,0.110623,0.529240,9.520412,0.087929,-0.000215,-0.175926
1.1315,long_1_forward,0.114417,0.529877,9.541938,0.091776,-0.000226,-0.154401
1.1797,long_1_forward,0.120158,0.530843,9.573013,0.097598,-0.000240,-0.123325
1.2290,long_1_forward,0.124102,0.531505,9.465807,0.101597,-0.000252,-0.230532
1.2824,long_1_forward,0.129994,0.532485,9.430834,0.107570,-0.000278,-0.265504
1.3330,long_1_forward,0.133814,0.533119,9.413131,0.111443,-0.000297,-0.283208
1.3791,long_1_forward,0.139607,0.534083,9.478572,0.117315,-0.000322,-0.217767
1.4339,long_1_forward,0.143501,0.534732,9.452122,0.121263,-0.000338,-0.244217
1.4823,long_1_forward,0.149294,0.535695,9.421038,0.127135,-0.000365,-0.275300
1.5356,long_1_forward,0.153140,0.536330,9.341641,0.131033,-0.000386,-0.354698
1.5824,long_1_forward,0.159009,0.537292,9.271986,0.136981,-0.000427,-0.424352
1.6390,long_1_forward,0.163081,0.537957,9.256205,0.141106,-0.000458,-0.440133
1.6835,long_1_forward,0.168852,0.538898,9.267232,0.146953,-0.000502,-0.429107
1.7282,long_1_forward,0.172949,0.539561,9.129392,0.151104,-0.000538,-0.566947
1.7790,long_1_forward,0.178572,0.540466,9.163105,0.156798,-0.000593,-0.533234
1.8329,long_1_forward,0.182695,0.541130,9.137107,0.160974,-0.000633,-0.559231
1.8801,long_1_forward,0.188567,0.542079,9.214754,0.166922,-0.000687,-0.481585
1.9320,long_1_forward,0.192689,0.542748,9.224054,0.171098,-0.000722,-0.472285
1.9841,long_1_forward,0.198435,0.543681,9.218961,0.176919,-0.000770,-0.477377
2.0323,long_1_forward,0.202458,0.544333,9.193762,0.180994,-0.000805,-0.502576
2.0814,long_1_forward,0.208478,0.545313,9.306407,0.187094,-0.000852,-0.389931
2.1294,long_1_forward,0.212550,0.545981,9.323952,0.191220,-0.000880,-0.372386
2.1797,long_1_forward,0.218267,0.546933,9.572541,0.197016,-0.000905,-0.123797
2.2324,long_1_forward,0.222411,0.547626,9.431815,0.201217,-0.000919,-0.264523
2.2796,long_1_forward,0.228228,0.548598,9.540740,0.207115,-0.000941,-0.155599
2.3324,long_1_forward,0.232696,0.549349,9.541999,0.211645,-0.000953,-0.154339
2.3795,long_1_forward,0.238287,0.550290,9.564728,0.217315,-0.000967,-0.131610
2.4299,long_1_forward,0.242330,0.550970,9.518106,0.221415,-0.000978,-0.178232
2.4805,long_1_forward,0.248272,0.551965,9.492338,0.227439,-0.000998,-0.204001
2.5341,long_1_forward,0.252366,0.552648,9.450687,0.231590,-0.001015,-0.245651
2.5791,long_1_forward,0.258358,0.553647,9.481212,0.237664,-0.001039,-0.215126
2.6354,long_1_forward,0.262452,0.554331,9.493191,0.241815,-0.001054,-0.203148
2.6803,long_1_forward,0.268418,0.555331,9.541519,0.247865,-0.001073,-0.154820
2.7326,long_1_forward,0.272362,0.555993,9.505006,0.251864,-0.001085,-0.191332
2.7828,long_1_forward,0.276431,0.556676,9.558844,0.255989,-0.001097,-0.137494
2.8336,long_1_forward,0.282470,0.557697,9.632837,0.262114,-0.001108,-0.063501
2.8804,long_1_forward,0.286363,0.558358,9.626263,0.266063,-0.001112,-0.070075
2.9348,long_1_forward,0.292153,0.559338,9.590138,0.271935,-0.001121,-0.106200
2.9853,long_1_forward,0.296071,0.560000,9.589621,0.275909,-0.001129,-0.106717
3.0317,long_1_forward,0.301961,0.560994,9.579120,0.281882,-0.001140,-0.117219
3.0796,long_1_forward,0.305929,0.561665,9.619676,0.285906,-0.001147,-0.076662
3.1339,long_1_forward,0.311768,0.562654,9.601634,0.291829,-0.001156,-0.094704
3.1826,long_1_forward,0.315711,0.563322,9.621635,0.295828,-0.001162,-0.074703
3.2284,long_1_forward,0.321601,0.564316,9.545844,0.301801,-0.001174,-0.150495
3.2830,long_1_forward,0.325470,0.564967,9.538603,0.305725,-0.001184,-0.157736
3.3319,long_1_forward,0.331336,0.565955,9.595526,0.311673,-0.001198,-0.100813
3.3828,long_1_forward,0.335229,0.566611,9.525156,0.315621,-0.001207,-0.171182
3.4293,long_1_forward,0.340971,0.567573,9.503639,0.321443,-0.001225,-0.192699
3.4845,long_1_forward,0.344815,0.568218,9.542566,0.325340,-0.001237,-0.153772
3.5457,long_1_forward,0.350606,0.569188,9.472664,0.331212,-0.001257,-0.223674
3.5842,long_1_forward,0.354426,0.569826,9.473312,0.335085,-0.001272,-0.223026
3.6319,long_1_forward,0.360368,0.570816,9.460796,0.341109,-0.001296,-0.235542
3.6866,long_1_forward,0.364213,0.571454,9.377229,0.345007,-0.001315,-0.319109
3.7310,long_1_forward,0.369982,0.572406,9.366926,0.350853,-0.001348,-0.329412
3.7826,long_1_forward,0.374003,0.573067,9.294449,0.354928,-0.001374,-0.401889
3.8333,long_1_forward,0.379872,0.574030,9.336918,0.360876,-0.001413,-0.359421
3.8805,long_1_forward,0.383893,0.574691,9.336719,0.364951,-0.001439,-0.359620
3.9331,long_1_forward,0.389738,0.575650,9.297213,0.370874,-0.001478,-0.399126
4.0091,long_1_forward,0.393634,0.576294,9.467356,0.374822,-0.001500,-0.228983
4.0294,long_1_forward,0.399801,0.577319,9.421528,0.381074,-0.001527,-0.274810
4.0809,long_1_forward,0.403721,0.577971,9.466910,0.385047,-0.001545,-0.229429
4.1330,long_1_forward,0.409462,0.578936,9.615894,0.390869,-0.001560,-0.080444
4.1827,long_1_forward,0.413605,0.579635,9.516252,0.395070,-0.001570,-0.180086
4.2317,long_1_forward,0.419420,0.580614,9.603972,0.400968,-0.001584,-0.092366
4.2838,long_1_forward,0.423638,0.581328,9.614759,0.405245,-0.001591,-0.081580
4.3324,long_1_forward,0.429252,0.582282,9.661458,0.410940,-0.001596,-0.034881
4.3836,long_1_forward,0.433244,0.582964,9.740045,0.414990,-0.001596,0.043706
4.4284,long_1_forward,0.439431,0.584025,9.713954,0.421267,-0.001593,0.017616
4.4820,long_1_forward,0.443447,0.584714,9.768902,0.425342,-0.001589,0.072564
4.5298,long_1_forward,0.449234,0.585712,9.800801,0.431214,-0.001580,0.104463
4.5794,long_1_forward,0.453274,0.586408,9.757237,0.435314,-0.001574,0.060899
4.6289,long_1_forward,0.459111,0.587417,9.852690,0.441237,-0.001563,0.156352
5.1027,long_1_forward,0.463301,0.588142,9.780031,0.445489,-0.001554,0.083693
5.1034,long_1_forward,0.469038,0.589128,9.722821,0.451311,-0.001549,0.026482
5.1040,long_1_forward,0.473154,0.589836,9.801219,0.455487,-0.001544,0.104881
5.1046,long_1_forward,0.478990,0.590842,9.763495,0.461410,-0.001535,0.067156
5.1051,long_1_forward,0.482907,0.591516,9.748190,0.465383,-0.001531,0.051851
5.1057,long_1_forward,0.488744,0.592519,9.749004,0.471306,-0.001525,0.052666
5.1063,long_1_forward,0.492635,0.593188,9.773618,0.475255,-0.001521,0.077279
5.1069,long_1_forward,0.498546,0.594208,9.811402,0.481253,-0.001511,0.115063
5.1075,long_1_forward,0.502462,0.594886,9.814173,0.485227,-0.001503,0.117834
5.1277,long_1_forward,0.508348,0.595905,9.833086,0.491200,-0.001490,0.136747
5.1925,long_1_forward,0.512263,0.596583,9.811144,0.495174,-0.001481,0.114805
5.2310,long_1_forward,0.518175,0.597603,9.769039,0.501173,-0.001471,0.072701
5.2799,long_1_forward,0.522165,0.598292,9.843333,0.505222,-0.001463,0.146994
5.3447,long_1_forward,0.527851,0.599280,9.875052,0.510993,-0.001447,0.178714
5.3830,long_1_forward,0.531741,0.599956,9.813527,0.514942,-0.001437,0.117189
5.4319,long_1_forward,0.537626,0.600978,9.907045,0.520915,-0.001420,0.210706
5.4827,long_1_forward,0.541492,0.601649,9.773650,0.524838,-0.001410,0.077312
5.5326,long_1_forward,0.547203,0.602634,9.804341,0.530634,-0.001400,0.108002
5.5828,long_1_forward,0.551095,0.603304,9.718521,0.534583,-0.001396,0.022183
5.6333,long_1_forward,0.556858,0.604290,9.704759,0.540429,-0.001394,0.008421
5.6842,long_1_forward,0.560675,0.604942,9.669113,0.544302,-0.001395,-0.027225
5.7355,long_1_forward,0.566564,0.605943,9.621637,0.550275,-0.001400,-0.074702
5.7850,long_1_forward,0.570582,0.606623,9.600862,0.554350,-0.001406,-0.095477
5.8363,long_1_forward,0.576396,0.607609,9.643346,0.560248,-0.001414,-0.052993
5.8834,long_1_forward,0.580414,0.608286,9.499265,0.564323,-0.001423,-0.197073
5.9297,long_1_forward,0.586130,0.609250,9.640444,0.570119,-0.001436,-0.055894
5.9789,long_1_forward,0.590323,0.609959,9.547264,0.574371,-0.001443,-0.149075
6.0315,long_1_forward,0.596213,0.610952,9.603104,0.580344,-0.001456,-0.093235
6.0814,long_1_forward,0.600180,0.611625,9.651293,0.584369,-0.001461,-0.045045
6.1296,long_1_forward,0.606019,0.612617,9.637414,0.590291,-0.001466,-0.058924
6.1820,long_1_forward,0.609962,0.613288,9.681599,0.594291,-0.001469,-0.014740
6.2295,long_1_forward,0.616049,0.614332,9.767703,0.600466,-0.001466,0.071364
6.2854,long_1_forward,0.619990,0.615009,9.731419,0.604465,-0.001462,0.035081
6.3361,long_1_forward,0.625826,0.616018,9.889804,0.610388,-0.001450,0.193465
6.3830,long_1_forward,0.630041,0.616748,9.772686,0.614666,-0.001440,0.076348
6.4288,long_1_forward,0.635876,0.617761,9.905964,0.620588,-0.001425,0.209625
6.4849,long_1_forward,0.640089,0.618501,10.030666,0.624866,-0.001405,0.334328
6.5285,long_1_forward,0.646147,0.619567,9.934985,0.631016,-0.001374,0.238647
6.5848,long_1_forward,0.649886,0.620225,10.023844,0.634813,-0.001355,0.327506
6.6315,long_1_forward,0.656017,0.621310,10.048257,0.641039,-0.001319,0.351919
6.6800,long_1_forward,0.659980,0.622012,10.027703,0.645063,-0.001295,0.331365
6.7284,long_1_forward,0.665911,0.623064,10.090679,0.651087,-0.001256,0.394341
6.7804,long_1_forward,0.669774,0.623750,10.053926,0.655010,-0.001231,0.357588
6.8284,long_1_forward,0.675731,0.624802,9.974677,0.661059,-0.001197,0.278339
6.8817,long_1_forward,0.679645,0.625489,9.944025,0.665033,-0.001179,0.247687
6.9289,long_1_forward,0.685528,0.626522,9.978507,0.671006,-0.001151,0.282169
6.9824,long_1_forward,0.689442,0.627212,10.009200,0.674980,-0.001131,0.312862
7.0327,long_1_forward,0.695349,0.628253,9.979979,0.680979,-0.001099,0.283641
7.0834,long_1_forward,0.699263,0.628942,9.989241,0.684952,-0.001079,0.292902
7.1355,long_1_forward,0.705295,0.630008,10.054799,0.691078,-0.001045,0.358460
7.1916,long_1_forward,0.709133,0.630687,9.994850,0.694975,-0.001022,0.298512
7.2356,long_1_forward,0.715015,0.631727,10.069226,0.700949,-0.000987,0.372887
7.2831,long_1_forward,0.718877,0.632414,10.111484,0.704872,-0.000960,0.415146
7.3293,long_1_forward,0.724784,0.633463,10.016152,0.710870,-0.000922,0.319813
7.3849,long_1_forward,0.728622,0.634142,10.063555,0.714768,-0.000898,0.367217
7.4297,long_1_forward,0.734354,0.635157,10.021862,0.720589,-0.000863,0.325523
7.4850,long_1_forward,0.738317,0.635858,10.042433,0.724614,-0.000840,0.346094
7.5316,long_1_forward,0.744174,0.636894,10.002872,0.730561,-0.000806,0.306534
7.5853,long_1_forward,0.747889,0.637547,9.944083,0.734333,-0.000787,0.247745
7.6318,long_1_forward,0.753623,0.638551,9.922532,0.740154,-0.000763,0.226194
7.6847,long_1_forward,0.757587,0.639244,9.896531,0.744179,-0.000748,0.200193
7.7318,long_1_forward,0.763397,0.640256,9.880040,0.750076,-0.000729,0.183701
7.7869,long_1_forward,0.767261,0.640931,9.939025,0.753999,-0.000714,0.242687
7.8291,long_1_forward,0.773172,0.641958,9.762072,0.759998,-0.000698,0.065734
7.8860,long_1_forward,0.777038,0.642625,9.823660,0.763921,-0.000691,0.127322
7.9298,long_1_forward,0.783148,0.643681,9.795393,0.770122,-0.000679,0.099055
7.9880,long_1_forward,0.786864,0.644323,9.788987,0.773893,-0.000673,0.092649
8.0329,long_1_forward,0.792825,0.645352,9.810092,0.779942,-0.000662,0.113753
8.0920,long_1_stop,0.796616,0.646010,9.859197,0.783790,-0.000653,0.162859
8.1345,long_1_stop,0.802701,0.647066,9.845074,0.789965,-0.000636,0.148736
8.1839,long_1_stop,0.806590,0.647746,9.974952,0.793914,-0.000621,0.278614
8.2324,long_1_stop,0.811203,0.648550,9.812001,0.798596,-0.000605,0.115662
8.2820,long_1_stop,0.812450,0.648766,9.852664,0.799862,-0.000602,0.156326
8.3297,long_1_stop,0.813722,0.648987,9.838917,0.801153,-0.000599,0.142578
8.3839,long_1_stop,0.813922,0.649022,9.850909,0.801355,-0.000598,0.154571
8.4306,long_1_stop,0.814146,0.649061,9.845749,0.801583,-0.000597,0.149410
8.4853,long_1_stop,0.814221,0.649074,9.859952,0.801659,-0.000597,0.163614
8.5324,long_1_stop,0.814321,0.649091,9.861998,0.801760,-0.000597,0.165659
8.5846,long_1_stop,0.814370,0.649100,9.869935,0.801811,-0.000597,0.173596
8.6334,long_1_stop,0.814420,0.649108,9.882552,0.801861,-0.000597,0.186213
8.6864,long_1_stop,0.814445,0.649113,9.885168,0.801887,-0.000597,0.188829
8.7322,long_1_stop,0.814495,0.649122,9.891805,0.801937,-0.000596,0.195466
8.7836,long_1_stop,0.814545,0.649130,9.910347,0.801988,-0.000596,0.214009
8.8396,long_1_stop,0.814570,0.649135,9.917666,0.802013,-0.000596,0.221327
8.8846,long_1_stop,0.814595,0.649139,9.930351,0.802039,-0.000596,0.234013
8.9292,long_1_stop,0.814595,0.649139,9.932641,0.802039,-0.000596,0.236302
8.9812,long_1_stop,0.814595,0.649139,9.935684,0.802039,-0.000596,0.239345
9.0289,long_1_stop,0.814595,0.649139,9.937226,0.802039,-0.000596,0.240887
9.0849,long_1_stop,0.814595,0.649139,9.937185,0.802039,-0.000596,0.240846
9.1298,long_1_turn_90,0.814595,0.649139,9.938009,0.802039,-0.000596,0.241671
9.1839,long_1_turn_90,0.814595,0.649139,9.957390,0.802039,-0.000596,0.261052
9.2294,long_1_turn_90,0.814545,0.649130,10.052444,0.801988,-0.000596,0.356106
9.2850,long_1_turn_90,0.814595,0.649139,10.253245,0.802039,-0.000596,0.556906
9.3295,long_1_turn_90,0.814545,0.649130,10.652951,0.801988,-0.000597,0.956612
9.3841,long_1_turn_90,0.814669,0.649154,10.991933,0.802114,-0.000594,1.295595
9.4295,long_1_turn_90,0.814669,0.649154,11.591339,0.802114,-0.000594,1.895000
9.4851,long_1_turn_90,0.814744,0.649169,12.001017,0.802190,-0.000591,2.304678
9.5324,long_1_turn_90,0.814793,0.649180,12.693716,0.802241,-0.000589,2.997377
9.5854,long_1_turn_90,0.814842,0.649191,13.115009,0.802291,-0.000586,3.418670
9.6313,long_1_turn_90,0.814842,0.649191,13.796914,0.802291,-0.000586,4.100576
9.6862,long_1_turn_90,0.814892,0.649204,14.234060,0.802342,-0.000582,4.537722
9.7300,long_1_turn_90,0.814892,0.649204,14.941422,0.802342,-0.000582,5.245083
9.7847,long_1_turn_90,0.814916,0.649210,15.353328,0.802367,-0.000580,5.656990
9.8334,long_1_turn_90,0.814745,0.649162,15.986210,0.802191,-0.000598,6.289872
9.8811,long_1_turn_90,0.814818,0.649183,16.387065,0.802266,-0.000590,6.690727
9.9338,long_1_turn_90,0.814746,0.649162,17.044370,0.802191,-0.000599,7.348032
9.9838,long_1_turn_90,0.814818,0.649184,17.437468,0.802266,-0.000589,7.741130
10.0366,long_1_turn_90,0.814794,0.649176,18.128209,0.802241,-0.000593,8.431870
10.0823,long_1_turn_90,0.814890,0.649208,18.514193,0.802341,-0.000577,8.817854
10.1360,long_1_turn_90,0.814890,0.649208,19.195270,0.802341,-0.000577,9.498932
10.1845,long_1_turn_90,0.814986,0.649242,19.648733,0.802441,-0.000560,9.952395
10.2329,long_1_turn_90,0.814962,0.649233,20.354079,0.802416,-0.000565,10.657740
10.2864,long_1_turn_90,0.814986,0.649242,20.791328,0.802441,-0.000560,11.094990
10.3295,long_1_turn_90,0.814938,0.649224,21.530712,0.802391,-0.000570,11.834373
10.3835,long_1_turn_90,0.815056,0.649271,21.956552,0.802515,-0.000544,12.260213
10.4283,long_1_turn_90,0.815079,0.649280,22.688753,0.802540,-0.000538,12.992415
10.4825,long_1_turn_90,0.815103,0.649290,23.109297,0.802565,-0.000532,13.412958
10.5323,long_1_turn_90,0.815079,0.649280,23.790205,0.802540,-0.000538,14.093867
10.5836,long_1_turn_90,0.815056,0.649270,24.185168,0.802515,-0.000545,14.488829
10.6324,long_1_turn_90,0.815010,0.649249,24.870331,0.802466,-0.000558,15.173993
10.6830,long_1_turn_90,0.815010,0.649249,25.228872,0.802466,-0.000558,15.532533
10.7319,long_1_turn_90,0.814919,0.649205,25.716247,0.802369,-0.000585,16.019908
10.7819,long_1_turn_90,0.815010,0.649250,26.293005,0.802466,-0.000557,16.596666
10.8296,long_1_turn_90,0.814942,0.649216,26.789392,0.802394,-0.000579,17.093054
10.8796,long_1_turn_90,0.815055,0.649273,27.411011,0.802514,-0.000541,17.714673
10.9292,long_1_turn_90,0.815077,0.649285,27.862722,0.802538,-0.000533,18.166384
10.9801,long_1_turn_90,0.815122,0.649309,28.476323,0.802586,-0.000517,18.779984
11.0733,long_1_turn_90,0.815166,0.649333,28.960699,0.802634,-0.000501,19.264361
11.0797,long_1_turn_90,0.815188,0.649346,29.618197,0.802658,-0.000492,19.921859
11.1324,long_1_turn_90,0.815188,0.649346,30.101819,0.802658,-0.000492,20.405480
11.1812,long_1_turn_90,0.815232,0.649371,30.761564,0.802705,-0.000474,21.065225
11.2316,long_1_turn_90,0.815210,0.649358,31.252467,0.802682,-0.000483,21.556128
11.2800,long_1_turn_90,0.815253,0.649385,31.905023,0.802729,-0.000464,22.208685
11.3319,long_1_turn_90,0.815253,0.649385,32.387357,0.802729,-0.000464,22.691019
11.3838,long_1_turn_90,0.815274,0.649399,33.042728,0.802752,-0.000455,23.346389
11.4328,long_1_turn_90,0.815253,0.649385,33.489251,0.802729,-0.000465,23.792913
11.4830,long_1_turn_90,0.815232,0.649371,34.123093,0.802706,-0.000475,24.426754
11.5345,long_1_turn_90,0.815232,0.649371,34.581204,0.802706,-0.000475,24.884865
11.5836,long_1_turn_90,0.815191,0.649342,35.188623,0.802660,-0.000497,25.492284
11.6348,long_1_turn_90,0.815211,0.649356,35.645583,0.802683,-0.000486,25.949244
11.6827,long_1_turn_90,0.815211,0.649356,36.272775,0.802683,-0.000486,26.576437
11.7403,long_1_turn_90,0.815232,0.649371,36.723452,0.802705,-0.000474,27.027113
11.7840,long_1_turn_90,0.815272,0.649402,37.384460,0.802750,-0.000451,27.688122
11.8325,long_1_turn_90,0.815292,0.649417,37.829474,0.802773,-0.000439,28.133136
11.8827,long_1_turn_90,0.815312,0.649433,38.520160,0.802795,-0.000427,28.823822
11.9294,long_1_turn_90,0.815332,0.649449,38.977100,0.802817,-0.000415,29.280761
11.9826,long_1_turn_90,0.815332,0.649449,39.681661,0.802817,-0.000415,29.985323
12.0325,long_1_turn_90,0.815332,0.649449,40.165372,0.802817,-0.000415,30.469033
12.0827,long_1_turn_90,0.815332,0.649449,40.845877,0.802817,-0.000415,31.149539
12.1297,long_1_turn_90,0.815351,0.649465,41.289372,0.802839,-0.000402,31.593033
12.1858,long_1_turn_90,0.815332,0.649449,41.953567,0.802817,-0.000415,32.257228
12.2332,long_1_turn_90,0.815351,0.649466,42.362879,0.802839,-0.000401,32.666541
12.2793,long_1_turn_90,0.815314,0.649431,43.022215,0.802796,-0.000429,33.325876
12.3318,long_1_turn_90,0.815258,0.649379,43.431053,0.802733,-0.000471,33.734714
12.3836,long_1_turn_90,0.815222,0.649344,44.094831,0.802691,-0.000499,34.398492
12.4299,long_1_turn_90,0.815222,0.649344,44.511367,0.802691,-0.000499,34.815028
12.5018,long_1_turn_90,0.815222,0.649344,45.177511,0.802691,-0.000499,35.481173
12.5299,long_1_turn_90,0.815239,0.649362,45.583942,0.802711,-0.000484,35.887603
12.5804,long_1_turn_90,0.815275,0.649399,46.247181,0.802752,-0.000455,36.550842
12.6327,long_1_turn_90,0.815292,0.649417,46.658208,0.802773,-0.000439,36.961869
12.6825,long_1_turn_90,0.815309,0.649435,47.354668,0.802793,-0.000424,37.658330
12.7308,long_1_turn_90,0.815326,0.649454,47.804621,0.802813,-0.000408,38.108282
12.7837,long_1_turn_90,0.815326,0.649454,48.518700,0.802813,-0.000408,38.822362
12.8322,long_1_turn_90,0.815326,0.649454,48.938173,0.802813,-0.000408,39.241834
12.8852,long_1_turn_90,0.815310,0.649435,49.670871,0.802793,-0.000425,39.974532
12.9296,long_1_turn_90,0.815310,0.649435,50.098232,0.802793,-0.000425,40.401894
12.9833,long_1_turn_90,0.815310,0.649435,50.796739,0.802793,-0.000425,41.100400
13.0294,long_1_turn_90,0.815294,0.649415,51.227280,0.802774,-0.000441,41.530941
13.0789,long_1_turn_90,0.815278,0.649395,51.898940,0.802755,-0.000458,42.202602
13.1292,long_1_turn_90,0.815263,0.649375,52.300951,0.802737,-0.000475,42.604613
13.1842,long_1_turn_90,0.815247,0.649355,52.975924,0.802718,-0.000493,43.279586
13.2305,long_1_turn_90,0.815232,0.649335,53.363497,0.802700,-0.000510,43.667158
13.2799,long_1_turn_90,0.815232,0.649335,54.041769,0.802700,-0.000510,44.345430
13.3305,long_1_turn_90,0.815247,0.649356,54.478682,0.802718,-0.000492,44.782344
13.3838,long_1_turn_90,0.815262,0.649376,55.158819,0.802736,-0.000474,45.462480
13.4293,long_1_turn_90,0.815262,0.649376,55.554601,0.802736,-0.000474,45.858262
13.4828,long_1_turn_90,0.815290,0.649418,56.265145,0.802771,-0.000438,46.568807
13.5377,long_1_turn_90,0.815290,0.649418,56.730705,0.802771,-0.000438,47.034366
13.5822,long_1_turn_90,0.815317,0.649461,57.434651,0.802805,-0.000400,47.738313
13.6327,long_1_turn_90,0.815317,0.649461,57.858854,0.802805,-0.000400,48.162515
13.6844,long_1_turn_90,0.815317,0.649461,58.586658,0.802805,-0.000400,48.890320
13.7336,long_1_turn_90,0.815331,0.649482,59.022308,0.802822,-0.000381,49.325970
13.7878,long_1_turn_90,0.815305,0.649439,59.729793,0.802789,-0.000420,50.033455
13.8285,long_1_turn_90,0.815305,0.649439,60.122570,0.802789,-0.000420,50.426231
13.8806,long_1_turn_90,0.815280,0.649395,60.824543,0.802757,-0.000459,51.128204
13.9300,long_1_turn_90,0.815268,0.649373,61.208181,0.802741,-0.000479,51.511842
13.9847,long_1_turn_90,0.815231,0.649306,61.874582,0.802694,-0.000539,52.178243
14.0329,long_1_turn_90,0.815219,0.649284,62.289659,0.802679,-0.000559,52.593321
14.0789,long_1_turn_90,0.815231,0.649306,62.947843,0.802694,-0.000538,53.251505
14.1359,long_1_turn_90,0.815231,0.649306,63.377066,0.802694,-0.000538,53.680728
14.1840,long_1_turn_90,0.815254,0.649351,64.041152,0.802724,-0.000497,54.344813
14.2364,long_1_turn_90,0.815254,0.649351,64.494178,0.802724,-0.000497,54.797839
14.3105,long_1_turn_90,0.815286,0.649420,65.191123,0.802767,-0.000435,55.494785
14.3377,long_1_turn_90,0.815275,0.649397,65.629710,0.802753,-0.000456,55.933372
14.3946,long_1_turn_90,0.815275,0.649397,66.323705,0.802753,-0.000456,56.627367
14.4514,long_1_turn_90,0.815285,0.649420,66.786082,0.802767,-0.000435,57.089743
14.4868,long_1_turn_90,0.815295,0.649444,67.460905,0.802780,-0.000414,57.764566
14.5436,long_1_turn_90,0.815286,0.649420,67.901240,0.802767,-0.000435,58.204902
14.6253,long_1_turn_90,0.815295,0.649444,68.591383,0.802780,-0.000413,58.895044
14.6370,long_1_turn_90,0.815295,0.649444,69.030496,0.802780,-0.000413,59.334157
14.6821,long_1_turn_90,0.815286,0.649420,69.686665,0.802767,-0.000435,59.990327
14.7508,long_1_turn_90,0.815277,0.649396,70.119310,0.802755,-0.000457,60.422971
14.7860,long_1_turn_90,0.815252,0.649325,70.734334,0.802717,-0.000523,61.037996
15.1709,long_1_turn_90,0.815235,0.649277,71.151686,0.802693,-0.000568,61.455348
15.1780,long_1_turn_90,0.815243,0.649301,71.772666,0.802705,-0.000546,62.076328
15.1849,long_1_turn_90,0.815236,0.649277,72.205810,0.802693,-0.000568,62.509471
15.1890,long_1_turn_90,0.815251,0.649325,72.835867,0.802716,-0.000523,63.139529
15.1918,long_1_turn_90,0.815266,0.649374,73.300074,0.802739,-0.000478,63.603736
15.1940,long_1_turn_90,0.815280,0.649422,73.953437,0.802761,-0.000432,64.257098
15.1954,long_1_turn_90,0.815287,0.649446,74.419877,0.802772,-0.000409,64.723539
15.1967,long_1_turn_90,0.815287,0.649446,75.102192,0.802772,-0.000409,65.405854
15.2334,long_1_turn_90,0.815274,0.649397,75.561270,0.802751,-0.000455,65.864931
15.2820,long_1_turn_90,0.815280,0.649422,76.244111,0.802762,-0.000432,66.547773
15.3372,long_1_turn_90,0.815280,0.649422,76.689802,0.802762,-0.000432,66.993463
15.3799,long_1_turn_90,0.815274,0.649397,77.376283,0.802752,-0.000456,67.679945
15.4367,long_1_turn_90,0.815264,0.649348,77.839172,0.802733,-0.000503,68.142834
15.4832,long_1_turn_90,0.815253,0.649298,78.473219,0.802714,-0.000550,68.776880
15.5387,long_1_turn_90,0.815248,0.649274,78.918397,0.802705,-0.000573,69.222058
15.5833,long_1_turn_90,0.815243,0.649249,79.554028,0.802696,-0.000597,69.857689
15.6366,long_1_turn_90,0.815243,0.649249,79.990989,0.802696,-0.000597,70.294651
15.6832,long_1_turn_90,0.815239,0.649224,80.576090,0.802688,-0.000621,70.879752
15.7353,long_1_turn_90,0.815235,0.649199,81.028317,0.802680,-0.000645,71.331979
15.7858,long_1_turn_90,0.815239,0.649224,81.629039,0.802688,-0.000621,71.932701
15.8375,long_1_turn_90,0.815243,0.649249,82.081737,0.802695,-0.000597,72.385399
15.8835,long_1_turn_90,0.815249,0.649299,82.711488,0.802710,-0.000548,73.015149
15.9378,long_1_turn_90,0.815252,0.649324,83.183508,0.802718,-0.000524,73.487170
15.9795,long_1_turn_90,0.815252,0.649324,83.823272,0.802718,-0.000524,74.126933
16.0364,long_1_turn_90,0.815252,0.649324,84.310756,0.802718,-0.000524,74.614417
16.0843,long_1_turn_90,0.815252,0.649324,84.966543,0.802718,-0.000524,75.270204
16.1352,long_1_turn_90,0.815250,0.649299,85.427704,0.802711,-0.000549,75.731365
16.1839,long_1_turn_90,0.815250,0.649299,86.101126,0.802711,-0.000549,76.404788
16.2373,long_1_turn_90,0.815249,0.649274,86.586309,0.802706,-0.000573,76.889970
16.2839,long_1_turn_90,0.815251,0.649324,87.198007,0.802717,-0.000524,77.501668
16.3384,long_1_turn_90,0.815250,0.649299,87.654714,0.802711,-0.000549,77.958376
16.3853,long_1_turn_90,0.815248,0.649248,88.234679,0.802701,-0.000598,78.538341
16.4595,long_1_turn_90,0.815248,0.649248,88.697465,0.802701,-0.000598,79.001127
16.4849,long_1_turn_90,0.815247,0.649198,89.299560,0.802692,-0.000648,79.603222
16.5377,long_1_turn_90,0.815247,0.649198,89.736228,0.802692,-0.000648,80.039889
16.5933,long_1_turn_90,0.815247,0.649198,90.352393,0.802692,-0.000648,80.656054
16.6354,long_1_turn_90,0.815247,0.649223,90.795092,0.802696,-0.000623,81.098753
16.6838,long_1_turn_90,0.815247,0.649248,91.409809,0.802700,-0.000598,81.713470
16.7362,long_1_turn_90,0.815247,0.649248,91.862206,0.802700,-0.000598,82.165868
16.7801,long_1_turn_90,0.815248,0.649223,92.529010,0.802696,-0.000623,82.832672
16.8384,long_1_turn_90,0.815248,0.649223,92.992650,0.802696,-0.000623,83.296312
16.8839,long_1_turn_90,0.815245,0.649274,93.668894,0.802702,-0.000573,83.972555
16.9373,long_1_turn_90,0.815247,0.649248,94.141324,0.802699,-0.000598,84.444986
16.9834,long_1_turn_90,0.815247,0.649248,94.795711,0.802699,-0.000598,85.099373
17.0357,long_1_turn_stop,0.815249,0.649223,95.246818,0.802697,-0.000623,85.550479
17.0868,long_1_turn_stop,0.815254,0.649173,95.814700,0.802694,-0.000674,86.118362
17.1347,long_1_turn_stop,0.815254,0.649173,96.057677,0.802694,-0.000674,86.361339
17.1856,long_1_turn_stop,0.815259,0.649122,96.238028,0.802690,-0.000724,86.541690
17.2365,long_1_turn_stop,0.815262,0.649097,96.296345,0.802689,-0.000749,86.600006
17.2808,long_1_turn_stop,0.815262,0.649097,96.340037,0.802689,-0.000749,86.643699
17.3355,long_1_turn_stop,0.815265,0.649072,96.376845,0.802687,-0.000775,86.680507
17.3831,long_1_turn_stop,0.815270,0.649022,96.392609,0.802685,-0.000825,86.696271
17.4330,long_1_turn_stop,0.815270,0.649022,96.406413,0.802685,-0.000825,86.710075
17.4850,long_1_turn_stop,0.815273,0.648997,96.426501,0.802683,-0.000850,86.730162
17.5351,long_1_turn_stop,0.815276,0.648971,96.431145,0.802682,-0.000876,86.734807
17.5852,long_1_turn_stop,0.815276,0.648971,96.431903,0.802682,-0.000876,86.735565
17.6356,long_1_turn_stop,0.815276,0.648971,96.433030,0.802682,-0.000876,86.736692
17.6836,long_1_turn_stop,0.815276,0.648971,96.432217,0.802682,-0.000876,86.735879
17.7372,long_1_turn_stop,0.815276,0.648971,96.433099,0.802682,-0.000876,86.736760
17.7837,long_1_turn_stop,0.815276,0.648971,96.438686,0.802682,-0.000876,86.742347
17.8291,long_1_turn_stop,0.815276,0.648971,96.437115,0.802682,-0.000876,86.740776
17.8844,long_1_turn_stop,0.815276,0.648971,96.438959,0.802682,-0.000876,86.742620
17.9298,long_1_turn_stop,0.815276,0.648971,96.439888,0.802682,-0.000876,86.743549
17.9815,long_1_turn_stop,0.815276,0.648971,96.438419,0.802682,-0.000876,86.742081
18.0324,short_1_forward,0.815276,0.648971,96.436985,0.802682,-0.000876,86.740646
18.0796,short_1_forward,0.815276,0.648971,96.502370,0.802682,-0.000876,86.806032
18.1293,short_1_forward,0.815250,0.649198,96.521871,0.802694,-0.000648,86.825532
18.1833,short_1_forward,0.815096,0.650556,96.451690,0.802771,0.000716,86.755352
18.2293,short_1_forward,0.814679,0.654228,96.498805,0.802978,0.004406,86.802467
18.2834,short_1_forward,0.814316,0.657396,96.586990,0.803154,0.007590,86.890651
18.3317,short_1_forward,0.813691,0.662827,96.522752,0.803453,0.013049,86.826413
18.3847,short_1_forward,0.813249,0.666700,96.525784,0.803669,0.016941,86.829446
18.4331,short_1_forward,0.812590,0.672459,96.520156,0.803990,0.022728,86.823818
18.4827,short_1_forward,0.812147,0.676357,96.441602,0.804210,0.026645,86.745264
18.5393,short_1_forward,0.811471,0.682343,96.452770,0.804551,0.032659,86.756431
18.5798,short_1_forward,0.811022,0.686316,96.445584,0.804778,0.036652,86.749246
18.6292,short_1_forward,0.810354,0.692201,96.499911,0.805111,0.042565,86.803573
18.6818,short_1_forward,0.809905,0.696099,96.655435,0.805325,0.046483,86.959096
18.7301,short_1_forward,0.809192,0.702310,96.434581,0.805668,0.052725,86.738242
18.7916,short_1_forward,0.808776,0.705981,96.482242,0.805877,0.056415,86.785903
18.8291,short_1_forward,0.808068,0.712193,96.521010,0.806225,0.062657,86.824671
18.8866,short_1_forward,0.807618,0.716167,96.408722,0.806451,0.066649,86.712383
18.9369,short_1_forward,0.806957,0.722052,96.402520,0.806791,0.072562,86.706181
18.9837,short_1_forward,0.806493,0.726228,96.288859,0.807036,0.076757,86.592520
19.0324,short_1_forward,0.805861,0.731939,96.348500,0.807375,0.082492,86.652161
19.0911,short_1_forward,0.805396,0.736089,96.431555,0.807616,0.086661,86.735216
19.1387,short_1_forward,0.804708,0.742278,96.248916,0.807980,0.092877,86.552577
19.1816,short_1_forward,0.804293,0.746026,96.404050,0.808202,0.096642,86.707711
19.2447,short_1_forward,0.803617,0.752114,96.266305,0.808561,0.102757,86.569967
19.2806,short_1_forward,0.803206,0.755837,96.312648,0.808784,0.106496,86.616310
19.3334,short_1_forward,0.802511,0.762101,96.355480,0.809153,0.112787,86.659142
19.3812,short_1_forward,0.802067,0.766101,96.318372,0.809389,0.116805,86.622033
19.4296,short_1_forward,0.801442,0.771761,96.290593,0.809726,0.122490,86.594255
19.4801,short_1_forward,0.800994,0.775812,96.327558,0.809967,0.126558,86.631220
19.5347,short_1_forward,0.800316,0.781925,96.329198,0.810328,0.132698,86.632859
19.5809,short_1_forward,0.799875,0.785874,96.411051,0.810559,0.136665,86.714712
19.6288,short_1_forward,0.799185,0.792011,96.417061,0.810912,0.142830,86.720723
19.6804,short_1_forward,0.798756,0.795783,96.553979,0.811125,0.146621,86.857641
19.7339,short_1_forward,0.798049,0.801944,96.543959,0.811465,0.152813,86.847621
19.7808,short_1_forward,0.797579,0.806017,96.607084,0.811689,0.156907,86.910746
19.8337,short_1_forward,0.796890,0.811951,96.651439,0.812008,0.162872,86.955101
19.8831,short_1_forward,0.796433,0.815873,96.641884,0.812218,0.166815,86.945545
19.9357,short_1_forward,0.795742,0.821806,96.638052,0.812537,0.172780,86.941714
19.9829,short_1_forward,0.795273,0.825828,96.654240,0.812752,0.176824,86.957901
20.0337,short_1_forward,0.794599,0.831662,96.540305,0.813070,0.182687,86.843967
20.0869,short_1_forward,0.794145,0.835635,96.491859,0.813292,0.186680,86.795520
20.1319,short_1_forward,0.793468,0.841595,96.463015,0.813628,0.192669,86.766676
20.1838,short_1_forward,0.793019,0.845569,96.446636,0.813854,0.196662,86.750298
20.2344,short_1_forward,0.792372,0.851329,96.364380,0.814187,0.202448,86.668042
20.2801,short_1_forward,0.791942,0.855203,96.309800,0.814416,0.206340,86.613462
20.3318,short_1_forward,0.791282,0.861165,96.309342,0.814770,0.212328,86.613004
20.3849,short_1_forward,0.790860,0.864989,96.305176,0.814997,0.216168,86.608837
20.4315,short_1_forward,0.790240,0.870676,96.144489,0.815344,0.221878,86.448150
20.4844,short_1_forward,0.789807,0.874677,96.195121,0.815591,0.225895,86.498783
20.5390,short_1_forward,0.789177,0.880515,96.131423,0.815953,0.231756,86.435084
20.5853,short_1_forward,0.788765,0.884365,96.062137,0.816196,0.235621,86.365799
20.6318,short_1_forward,0.788146,0.890205,96.055143,0.816569,0.241481,86.358805
20.6955,short_1_forward,0.787725,0.894182,96.013698,0.816824,0.245472,86.317359
20.7361,short_1_forward,0.787099,0.900148,95.963742,0.817212,0.251458,86.267403
20.7873,short_1_forward,0.786675,0.904175,96.068981,0.817472,0.255499,86.372643
20.8351,short_1_forward,0.786042,0.910242,95.840457,0.817870,0.261586,86.144118
20.8935,short_1_forward,0.785654,0.914019,95.904934,0.818123,0.265374,86.208595
20.9296,short_1_forward,0.785004,0.920338,95.838080,0.818547,0.271713,86.141741
20.9810,short_1_forward,0.784611,0.924165,95.866179,0.818805,0.275552,86.169841
21.0324,short_1_forward,0.783986,0.930233,95.902004,0.819211,0.281638,86.205665
21.0837,short_1_forward,0.783558,0.934413,95.787625,0.819493,0.285830,86.091287
21.1298,short_1_forward,0.782976,0.940103,95.901464,0.819877,0.291537,86.205125
21.1846,short_1_forward,0.782538,0.944384,95.776854,0.820167,0.295830,86.080516
21.2297,short_1_forward,0.781965,0.950126,95.623161,0.820569,0.301587,85.926823
21.2828,short_1_forward,0.781564,0.954156,95.734869,0.820852,0.305627,86.038530
21.3292,short_1_forward,0.780961,0.960226,95.612690,0.821280,0.311712,85.916352
21.3840,short_1_forward,0.780588,0.964004,95.665638,0.821549,0.315499,85.969300
21.4293,short_1_forward,0.779989,0.969973,95.784538,0.821964,0.321483,86.088199
21.4826,short_1_forward,0.779566,0.974179,95.709672,0.822256,0.325700,86.013334
21.5313,short_1_forward,0.778984,0.979971,95.778418,0.822657,0.331508,86.082080
21.5814,short_1_forward,0.778562,0.984177,95.664791,0.822950,0.335724,85.968453
21.6296,short_1_forward,0.777994,0.989894,95.685466,0.823353,0.341456,85.989128
21.6836,short_1_forward,0.777583,0.993974,95.816100,0.823635,0.345546,86.119762
21.7288,short_1_forward,0.776952,1.000168,95.819228,0.824056,0.351758,86.122890
21.8321,short_1_forward,0.776535,1.004247,95.864151,0.824332,0.355850,86.167812
21.8418,short_1_forward,0.775931,1.010114,95.882490,0.824725,0.361734,86.186151
21.8847,short_1_forward,0.775515,1.014142,95.909647,0.824993,0.365775,86.213308
21.9306,short_1_forward,0.774883,1.020234,95.930342,0.825397,0.371886,86.234004
21.9876,short_1_forward,0.774462,1.024313,95.860940,0.825669,0.375978,86.164602
22.0343,short_1_forward,0.773843,1.030356,95.848291,0.826076,0.382039,86.151952
22.0883,short_1_stop,0.773427,1.034435,95.775925,0.826353,0.386130,86.079587
22.1297,short_1_stop,0.772837,1.040252,95.818785,0.826751,0.391963,86.122446
22.1845,short_1_stop,0.772452,1.044080,95.657141,0.827016,0.395801,85.960803
22.2328,short_1_stop,0.772083,1.047782,95.731447,0.827276,0.399512,86.035108
22.2897,short_1_stop,0.771985,1.048764,95.725867,0.827344,0.400497,86.029528
22.3296,short_1_stop,0.771914,1.049470,95.727144,0.827393,0.401204,86.030805
22.3895,short_1_stop,0.771904,1.049570,95.725525,0.827400,0.401305,86.029187
22.4299,short_1_stop,0.771899,1.049621,95.734083,0.827404,0.401356,86.037745
22.4918,short_1_stop,0.771894,1.049671,95.736050,0.827407,0.401406,86.039712
22.5331,short_1_stop,0.771894,1.049671,95.753481,0.827407,0.401406,86.057143
22.5887,short_1_stop,0.771894,1.049671,95.746227,0.827407,0.401406,86.049889
22.6328,short_1_stop,0.771891,1.049696,95.769430,0.827409,0.401431,86.073091
22.6881,short_1_stop,0.771891,1.049696,95.766752,0.827409,0.401431,86.070414
22.7314,short_1_stop,0.771891,1.049696,95.782926,0.827409,0.401431,86.086588
22.7871,short_1_stop,0.771891,1.049696,95.770529,0.827409,0.401431,86.074191
22.8367,short_1_stop,0.771891,1.049696,95.787598,0.827409,0.401431,86.091259
22.8880,short_1_stop,0.771891,1.049696,95.778650,0.827409,0.401431,86.082312
22.9291,short_1_stop,0.771891,1.049696,95.792256,0.827409,0.401431,86.095918
22.9900,short_1_stop,0.771891,1.049696,95.781901,0.827409,0.401431,86.085563
23.0330,short_1_stop,0.771891,1.049696,95.793335,0.827409,0.401431,86.096997
23.0842,short_1_turn_90,0.771891,1.049696,95.783452,0.827409,0.401431,86.087113
23.1325,short_1_turn_90,0.771891,1.049696,95.798943,0.827409,0.401431,86.102604
23.2005,short_1_turn_90,0.771891,1.049696,95.908376,0.827409,0.401431,86.212038
23.2295,short_1_turn_90,0.771875,1.049847,96.089656,0.827419,0.401583,86.393318
23.2844,short_1_turn_90,0.771867,1.049923,96.249769,0.827424,0.401659,86.553431
23.3359,short_1_turn_90,0.771841,1.050149,96.757956,0.827436,0.401886,87.061618
23.3877,short_1_turn_90,0.771841,1.050149,97.379845,0.827436,0.401886,87.683506
23.4307,short_1_turn_90,0.771835,1.050199,97.772683,0.827438,0.401937,88.076345
23.4876,short_1_turn_90,0.771831,1.050224,98.197678,0.827439,0.401962,88.501339
23.5327,short_1_turn_90,0.771831,1.050224,98.822845,0.827439,0.401962,89.126507
23.5871,short_1_turn_90,0.771827,1.050249,99.500236,0.827439,0.401987,89.803898
23.6329,short_1_turn_90,0.771823,1.050274,99.908190,0.827439,0.402013,90.211851
23.6884,short_1_turn_90,0.771814,1.050324,100.364057,0.827439,0.402063,90.667718
23.7401,short_1_turn_90,0.771814,1.050324,101.024727,0.827439,0.402063,91.328389
23.7856,short_1_turn_90,0.771814,1.050324,101.716714,0.827439,0.402063,92.020376
23.8337,short_1_turn_90,0.771814,1.050324,102.124764,0.827439,0.402063,92.428425
23.8925,short_1_turn_90,0.771819,1.050299,102.558863,0.827440,0.402038,92.862525
23.9297,short_1_turn_90,0.771831,1.050250,103.216515,0.827443,0.401988,93.520176
23.9841,short_1_turn_90,0.771836,1.050225,103.870860,0.827445,0.401962,94.174522
24.0338,short_1_turn_90,0.771843,1.050201,104.250919,0.827446,0.401937,94.554581
24.0860,short_1_turn_90,0.771855,1.050152,104.690265,0.827451,0.401887,94.993926
24.1351,short_1_turn_90,0.771868,1.050103,105.325049,0.827455,0.401836,95.628710
24.1884,short_1_turn_90,0.771862,1.050127,106.008081,0.827453,0.401861,96.311743
24.2322,short_1_turn_90,0.771869,1.050103,106.367315,0.827456,0.401836,96.670977
24.2887,short_1_turn_90,0.771876,1.050079,106.831679,0.827459,0.401811,97.135341
24.3343,short_1_turn_90,0.771876,1.050079,107.422449,0.827459,0.401811,97.726111
24.3888,short_1_turn_90,0.771868,1.050103,108.141272,0.827455,0.401836,98.444934
24.4298,short_1_turn_90,0.771868,1.050103,108.545865,0.827455,0.401836,98.849527
24.4940,short_1_turn_90,0.771844,1.050175,109.015605,0.827443,0.401911,99.319266
24.5400,short_1_turn_90,0.771835,1.050199,109.652656,0.827439,0.401936,99.956318
24.5887,short_1_turn_90,0.771835,1.050199,110.359164,0.827439,0.401936,100.662826
24.6340,short_1_turn_90,0.771853,1.050151,110.813372,0.827448,0.401886,101.117034
24.6909,short_1_turn_90,0.771853,1.050151,111.289600,0.827448,0.401886,101.593262
24.7306,short_1_turn_90,0.771872,1.050104,111.879920,0.827459,0.401837,102.183581
24.7884,short_1_turn_90,0.771881,1.050081,112.567966,0.827464,0.401812,102.871627
24.8331,short_1_turn_90,0.771901,1.050034,112.929365,0.827476,0.401763,103.233026
24.8876,short_1_turn_90,0.771941,1.049941,113.394951,0.827499,0.401664,103.698613
24.9303,short_1_turn_90,0.771961,1.049895,113.970777,0.827512,0.401615,104.274439
24.9882,short_1_turn_90,0.771982,1.049848,114.658550,0.827524,0.401566,104.962211
25.0334,short_1_turn_90,0.772014,1.049780,115.040931,0.827544,0.401493,105.344593
25.0925,short_1_turn_90,0.772025,1.049757,115.546775,0.827551,0.401469,105.850437
25.1350,short_1_turn_90,0.772036,1.049734,116.130838,0.827558,0.401444,106.434500
25.1913,short_1_turn_90,0.772024,1.049757,116.829567,0.827551,0.401469,107.133228
25.2299,short_1_turn_90,0.772001,1.049802,117.209626,0.827536,0.401517,107.513287
25.2960,short_1_turn_90,0.772001,1.049802,117.721699,0.827536,0.401517,108.025360
25.3330,short_1_turn_90,0.771989,1.049824,118.316663,0.827528,0.401541,108.620324
25.3901,short_1_turn_90,0.771989,1.049824,118.846959,0.827528,0.401541,109.150620
25.4354,short_1_turn_90,0.771989,1.049824,119.439109,0.827528,0.401541,109.742770
25.4829,short_1_turn_90,0.772002,1.049802,120.003023,0.827536,0.401517,110.306684
25.5331,short_1_turn_90,0.771976,1.049846,120.607344,0.827519,0.401564,110.911006
25.5849,short_1_turn_90,0.772015,1.049781,121.086099,0.827546,0.401494,111.389761
25.6359,short_1_turn_90,0.772042,1.049737,121.441201,0.827565,0.401447,111.744863
25.6825,short_1_turn_90,0.772068,1.049694,122.117581,0.827584,0.401400,112.421243
25.7321,short_1_turn_90,0.772095,1.049651,122.485127,0.827603,0.401353,112.788789
25.7821,short_1_turn_90,0.772150,1.049566,123.162422,0.827643,0.401260,113.466084
25.8308,short_1_turn_90,0.772178,1.049524,123.559912,0.827663,0.401213,113.863574
25.8849,short_1_turn_90,0.772220,1.049461,124.234339,0.827694,0.401144,114.538000
25.9298,short_1_turn_90,0.772206,1.049482,124.619233,0.827684,0.401167,114.922895
25.9867,short_1_turn_90,0.772221,1.049461,125.299384,0.827694,0.401144,115.603045
26.0311,short_1_turn_90,0.772206,1.049482,125.716380,0.827683,0.401167,116.020042
26.0807,short_1_turn_90,0.772206,1.049482,126.382816,0.827683,0.401167,116.686477
26.1314,short_1_turn_90,0.772206,1.049482,126.775169,0.827683,0.401167,117.078830
26.1876,short_1_turn_90,0.772145,1.049563,127.505945,0.827637,0.401257,117.809606
26.2325,short_1_turn_90,0.772129,1.049583,127.922518,0.827625,0.401279,118.226179
26.2829,short_1_turn_90,0.772129,1.049583,128.638035,0.827625,0.401279,118.941696
26.3345,short_1_turn_90,0.772113,1.049602,129.050291,0.827613,0.401301,119.353953
26.3841,short_1_turn_90,0.772146,1.049563,129.722600,0.827638,0.401257,120.026262
26.4339,short_1_turn_90,0.772146,1.049563,130.125787,0.827638,0.401257,120.429448
26.4861,short_1_turn_90,0.772178,1.049525,130.756117,0.827663,0.401214,121.059779
26.5336,short_1_turn_90,0.772212,1.049486,131.145192,0.827690,0.401171,121.448854
26.5843,short_1_turn_90,0.772245,1.049448,131.801123,0.827716,0.401128,122.104784
26.6334,short_1_turn_90,0.772245,1.049448,132.248910,0.827716,0.401128,122.552571
26.6846,short_1_turn_90,0.772279,1.049411,132.899103,0.827744,0.401085,123.202764
26.7351,short_1_turn_90,0.772297,1.049393,133.337464,0.827758,0.401064,123.641126
26.7855,short_1_turn_90,0.772244,1.049448,133.982712,0.827715,0.401127,124.286374
26.8350,short_1_turn_90,0.772279,1.049411,134.405720,0.827744,0.401085,124.709381
26.8833,short_1_turn_90,0.772226,1.049465,135.094285,0.827700,0.401147,125.397946
26.9328,short_1_turn_90,0.772226,1.049465,135.487990,0.827700,0.401147,125.791652
26.9826,short_1_turn_90,0.772190,1.049501,136.186241,0.827671,0.401188,126.489902
27.0384,short_1_turn_90,0.772208,1.049483,136.605560,0.827686,0.401168,126.909221
27.0833,short_1_turn_90,0.772134,1.049552,137.324014,0.827624,0.401249,127.627675
27.1354,short_1_turn_90,0.772171,1.049518,137.750272,0.827655,0.401209,128.053934
27.2084,short_1_turn_90,0.772134,1.049552,138.443263,0.827624,0.401248,128.746925
27.2308,short_1_turn_90,0.772134,1.049552,138.862801,0.827624,0.401248,129.166462
27.2835,short_1_turn_90,0.772134,1.049552,139.506546,0.827624,0.401248,129.810207
27.3328,short_1_turn_90,0.772211,1.049486,139.910073,0.827689,0.401171,130.213735
27.3853,short_1_turn_90,0.772230,1.049470,140.552480,0.827706,0.401151,130.856142
27.4301,short_1_turn_90,0.772289,1.049422,140.967059,0.827755,0.401094,131.270720
27.4828,short_1_turn_90,0.772289,1.049422,141.584617,0.827755,0.401094,131.888279
27.5334,short_1_turn_90,0.772329,1.049391,142.045245,0.827789,0.401057,132.348907
27.5848,short_1_turn_90,0.772189,1.049499,142.696900,0.827669,0.401187,133.000561
27.6349,short_1_turn_90,0.772269,1.049438,143.149058,0.827739,0.401113,133.452720
27.6835,short_1_turn_90,0.772127,1.049543,143.785960,0.827616,0.401241,134.089622
27.7320,short_1_turn_90,0.772127,1.049543,144.244443,0.827616,0.401241,134.548105
27.7826,short_1_turn_90,0.772086,1.049573,144.871619,0.827580,0.401277,135.175280
27.8332,short_1_turn_90,0.772127,1.049544,145.353365,0.827616,0.401241,135.657027
27.8844,short_1_turn_90,0.772065,1.049587,145.980855,0.827562,0.401294,136.284516
27.9300,short_1_turn_90,0.772107,1.049558,146.470033,0.827599,0.401259,136.773695
27.9831,short_1_turn_90,0.772064,1.049586,147.109270,0.827562,0.401294,137.412932
28.0335,short_1_turn_90,0.772107,1.049559,147.588832,0.827599,0.401260,137.892493
28.0806,short_1_turn_90,0.772021,1.049613,148.188604,0.827523,0.401327,138.492266
28.1344,short_1_turn_90,0.772107,1.049560,148.659860,0.827600,0.401260,138.963522
28.1829,short_1_turn_90,0.772086,1.049573,149.259523,0.827580,0.401277,139.563185
28.2367,short_1_turn_90,0.772129,1.049547,149.734986,0.827619,0.401244,140.038648
28.2805,short_1_turn_90,0.772107,1.049560,150.354034,0.827600,0.401260,140.657695
28.3336,short_1_turn_90,0.772130,1.049547,150.840179,0.827619,0.401244,141.143841
28.3855,short_1_turn_90,0.772085,1.049572,151.438982,0.827580,0.401276,141.742644
28.4308,short_1_turn_90,0.772085,1.049572,151.930578,0.827580,0.401276,142.234240
28.4856,short_1_turn_90,0.772040,1.049595,152.520187,0.827539,0.401307,142.823849
28.5345,short_1_turn_90,0.771973,1.049630,152.998738,0.827479,0.401352,143.302399
28.5867,short_1_turn_90,0.771950,1.049641,153.613072,0.827458,0.401367,143.916734
28.6347,short_1_turn_90,0.771928,1.049653,154.090134,0.827438,0.401382,144.393795
28.6836,short_1_turn_90,0.771928,1.049653,154.740299,0.827438,0.401382,145.043961
28.7310,short_1_turn_90,0.771928,1.049653,155.233384,0.827438,0.401382,145.537046
28.7852,short_1_turn_90,0.771858,1.049684,155.892279,0.827375,0.401425,146.195941
28.8365,short_1_turn_90,0.771858,1.049684,156.345612,0.827375,0.401425,146.649274
28.8837,short_1_turn_90,0.771858,1.049684,156.979167,0.827375,0.401425,147.282829
28.9300,short_1_turn_90,0.771882,1.049674,157.432856,0.827396,0.401411,147.736517
28.9858,short_1_turn_90,0.771929,1.049655,158.030989,0.827439,0.401385,148.334650
29.0337,short_1_turn_90,0.771976,1.049636,158.491658,0.827482,0.401358,148.795319
29.0838,short_1_turn_90,0.771952,1.049645,159.132630,0.827461,0.401371,149.436292
29.1313,short_1_turn_90,0.771952,1.049645,159.611085,0.827461,0.401371,149.914746
29.1856,short_1_turn_90,0.771952,1.049645,160.286481,0.827461,0.401371,150.590143
29.2354,short_1_turn_90,0.771928,1.049654,160.779307,0.827439,0.401383,151.082968
29.2858,short_1_turn_90,0.771808,1.049695,161.382877,0.827328,0.401444,151.686538
29.3370,short_1_turn_90,0.771808,1.049695,161.846865,0.827328,0.401444,152.150527
29.3918,short_1_turn_90,0.771736,1.049718,162.490515,0.827260,0.401479,152.794177
29.4384,short_1_turn_90,0.771664,1.049741,162.985731,0.827193,0.401514,153.289393
29.4846,short_1_turn_90,0.771615,1.049755,163.642030,0.827147,0.401536,153.945692
29.5369,short_1_turn_90,0.771591,1.049762,164.109762,0.827124,0.401547,154.413423
29.5871,short_1_turn_90,0.771566,1.049769,164.820648,0.827102,0.401558,155.124309
29.6338,short_1_turn_90,0.771493,1.049789,165.274145,0.827032,0.401590,155.577806
29.6850,short_1_turn_90,0.771542,1.049776,165.942793,0.827079,0.401569,156.246455
29.7328,short_1_turn_90,0.771591,1.049764,166.368109,0.827125,0.401549,156.671771
29.7857,short_1_turn_90,0.771616,1.049758,166.998426,0.827148,0.401539,157.302088
29.8338,short_1_turn_90,0.771665,1.049747,167.440722,0.827195,0.401519,157.744383
29.8811,short_1_turn_90,0.771715,1.049736,168.127033,0.827242,0.401501,158.430694
29.9295,short_1_turn_90,0.771665,1.049746,168.546489,0.827195,0.401519,158.850150
29.9844,short_1_turn_90,0.771690,1.049742,169.251309,0.827219,0.401510,159.554971
30.0376,short_1_turn_90,0.771640,1.049751,169.693346,0.827171,0.401527,159.997007
30.0806,short_1_turn_90,0.771640,1.049751,170.368961,0.827171,0.401527,160.672622
30.1294,short_1_turn_90,0.771540,1.049767,170.778758,0.827076,0.401561,161.082420
30.1908,short_1_turn_90,0.771540,1.049767,171.458499,0.827076,0.401561,161.762160
30.2311,short_1_turn_90,0.771415,1.049786,171.890699,0.826955,0.401600,162.194361
30.2848,short_1_turn_90,0.771390,1.049789,172.595001,0.826931,0.401607,162.898663
30.3419,short_1_turn_90,0.771290,1.049802,173.016082,0.826834,0.401637,163.319744
30.3831,short_1_turn_90,0.771315,1.049799,173.720780,0.826858,0.401630,164.024442
30.4309,short_1_turn_90,0.771315,1.049799,174.142913,0.826858,0.401630,164.446575
30.4844,short_1_turn_90,0.771340,1.049796,174.836437,0.826883,0.401623,165.140099
30.5335,short_1_turn_90,0.771390,1.049792,175.245210,0.826932,0.401610,165.548872
30.5858,short_1_turn_90,0.771441,1.049788,175.894410,0.826981,0.401598,166.198071
30.6515,short_1_turn_90,0.771466,1.049786,176.291544,0.827006,0.401592,166.595206
30.6838,short_1_turn_90,0.771517,1.049783,177.018017,0.827055,0.401581,167.321678
30.7296,short_1_turn_90,0.771491,1.049785,177.450313,0.827030,0.401586,167.753975
30.7889,short_1_turn_90,0.771542,1.049783,178.154451,0.827080,0.401576,168.458113
30.8329,short_1_turn_90,0.771517,1.049783,178.578114,0.827055,0.401581,168.881775
30.8845,short_1_turn_90,0.771567,1.049783,179.308125,0.827105,0.401571,169.611786
30.9308,short_1_turn_90,0.771517,1.049783,179.705068,0.827055,0.401580,170.008729
30.9866,short_1_turn_stop,0.771466,1.049783,-179.600234,0.827005,0.401589,170.703428
31.0339,short_1_turn_stop,0.771441,1.049783,-179.220967,0.826980,0.401593,171.082695
31.0972,short_1_turn_stop,0.771415,1.049782,-178.781840,0.826955,0.401596,171.521821
31.1424,short_1_turn_stop,0.771390,1.049782,-178.660208,0.826930,0.401600,171.643453
31.1873,short_1_turn_stop,0.771415,1.049782,-178.526419,0.826955,0.401596,171.777243
31.2350,short_1_turn_stop,0.771365,1.049781,-178.488853,0.826905,0.401604,171.814809
31.2836,short_1_turn_stop,0.771390,1.049782,-178.440672,0.826930,0.401600,171.862989
31.3339,short_1_turn_stop,0.771340,1.049780,-178.427463,0.826880,0.401607,171.876199
31.3851,short_1_turn_stop,0.771314,1.049780,-178.420428,0.826855,0.401611,171.883234
31.4292,short_1_turn_stop,0.771314,1.049780,-178.415947,0.826855,0.401611,171.887714
31.4848,short_1_turn_stop,0.771314,1.049780,-178.415387,0.826855,0.401611,171.888275
31.5328,short_1_turn_stop,0.771314,1.049780,-178.411726,0.826855,0.401611,171.891935
31.5853,short_1_turn_stop,0.771314,1.049780,-178.409540,0.826855,0.401611,171.894121
31.6331,short_1_turn_stop,0.771314,1.049780,-178.407437,0.826855,0.401611,171.896225
31.6866,short_1_turn_stop,0.771314,1.049780,-178.406644,0.826855,0.401611,171.897017
31.7339,short_1_turn_stop,0.771340,1.049780,-178.403748,0.826880,0.401607,171.899913
31.7823,short_1_turn_stop,0.771340,1.049780,-178.402123,0.826880,0.401607,171.901539
31.8333,short_1_turn_stop,0.771340,1.049780,-178.396877,0.826880,0.401607,171.906784
31.8838,short_1_turn_stop,0.771314,1.049780,-178.366824,0.826855,0.401611,171.936837
31.9321,short_1_turn_stop,0.771238,1.049777,-178.366524,0.826779,0.401621,171.937138
31.9847,short_1_turn_stop,0.771264,1.049778,-178.329614,0.826805,0.401618,171.974048
32.0335,long_2_forward,0.771213,1.049777,-178.325761,0.826754,0.401625,171.977900
32.0825,long_2_forward,0.771213,1.049777,-178.153914,0.826754,0.401625,172.149748
32.1344,long_2_forward,0.770682,1.049760,-178.251490,0.826228,0.401698,172.052172
32.1816,long_2_forward,0.768961,1.049706,-178.159678,0.824523,0.401935,172.143983
32.2335,long_2_forward,0.764762,1.049571,-178.145198,0.820361,0.402508,172.158463
32.2814,long_2_forward,0.761474,1.049460,-178.015766,0.817101,0.402954,172.287895
32.3330,long_2_forward,0.755504,1.049255,-178.042090,0.811182,0.403757,172.261572
32.3827,long_2_forward,0.751633,1.049122,-178.023402,0.807344,0.404277,172.280259
32.4298,long_2_forward,0.745638,1.048916,-178.035478,0.801400,0.405084,172.268183
32.4826,long_2_forward,0.741692,1.048779,-177.997093,0.797487,0.405614,172.306569
32.5336,long_2_forward,0.735697,1.048569,-177.980058,0.791543,0.406416,172.323603
32.5850,long_2_forward,0.731675,1.048427,-177.995207,0.787554,0.406954,172.308454
32.6317,long_2_forward,0.725731,1.048220,-178.003226,0.781660,0.407750,172.300435
32.6839,long_2_forward,0.721760,1.048079,-177.943803,0.777722,0.408281,172.359858
32.7331,long_2_forward,0.715740,1.047863,-177.955743,0.771751,0.409082,172.347919
32.7859,long_2_forward,0.711769,1.047719,-177.885679,0.767813,0.409609,172.417983
32.8336,long_2_forward,0.705850,1.047497,-177.808156,0.761941,0.410387,172.495506
32.8846,long_2_forward,0.701955,1.047348,-177.806312,0.758077,0.410896,172.497350
32.9318,long_2_forward,0.695860,1.047111,-177.752722,0.752029,0.411689,172.550939
32.9827,long_2_forward,0.691889,1.046953,-177.670350,0.748088,0.412202,172.633312
33.0358,long_2_forward,0.685895,1.046711,-177.713831,0.742139,0.412973,172.589831
33.0890,long_2_forward,0.681899,1.046552,-177.713093,0.738174,0.413489,172.590568
33.1320,long_2_forward,0.675956,1.046319,-177.797911,0.732276,0.414260,172.505751
33.1864,long_2_forward,0.672010,1.046168,-177.841583,0.728361,0.414777,172.462079
33.2307,long_2_forward,0.665965,1.045943,-177.879245,0.722365,0.415572,172.424417
33.2873,long_2_forward,0.662095,1.045802,-177.962095,0.718526,0.416085,172.341567
33.3330,long_2_forward,0.656050,1.045592,-178.064315,0.712532,0.416897,172.239346
33.3886,long_2_forward,0.651952,1.045458,-178.174350,0.708469,0.417454,172.129312
33.4294,long_2_forward,0.646082,1.045277,-178.288414,0.702653,0.418264,172.015248
33.4892,long_2_forward,0.642110,1.045157,-178.251107,0.698718,0.418815,172.052554
33.5575,long_2_forward,0.636216,1.044974,-178.210645,0.692877,0.419628,172.093016
33.5908,long_2_forward,0.632295,1.044853,-178.235138,0.688991,0.420169,172.068523
33.6339,long_2_forward,0.626299,1.044662,-178.128137,0.683049,0.420991,172.175525
33.6889,long_2_forward,0.622074,1.044526,-178.177341,0.678862,0.421568,172.126320
33.7297,long_2_forward,0.616382,1.044345,-178.176713,0.673221,0.422349,172.126949
33.7936,long_2_forward,0.612259,1.044210,-178.075353,0.669133,0.422910,172.228309
33.8332,long_2_forward,0.606263,1.044026,-178.400046,0.663192,0.423738,171.903615
33.8865,long_2_forward,0.602215,1.043908,-178.258580,0.659182,0.424303,172.045082
33.9341,long_2_forward,0.596067,1.043726,-178.362221,0.653092,0.425160,171.941441
34.0002,long_2_forward,0.592298,1.043615,-178.243225,0.649357,0.425685,172.060436
34.0325,long_2_forward,0.586023,1.043421,-178.220208,0.643140,0.426551,172.083454
34.1005,long_2_forward,0.582026,1.043296,-178.188461,0.639179,0.427100,172.115201
34.1339,long_2_forward,0.576182,1.043111,-178.201411,0.633387,0.427903,172.102251
34.1872,long_2_forward,0.572008,1.042978,-178.126812,0.629250,0.428474,172.176850
34.2339,long_2_forward,0.566089,1.042780,-178.059575,0.623382,0.429277,172.244086
34.2907,long_2_forward,0.561940,1.042638,-178.007843,0.619269,0.429835,172.295818
34.3299,long_2_forward,0.555945,1.042435,-178.115269,0.613325,0.430645,172.188393
34.3879,long_2_forward,0.551948,1.042303,-178.093467,0.609363,0.431188,172.210195
34.4298,long_2_forward,0.545801,1.042098,-178.079724,0.603269,0.432021,172.223937
34.4893,long_2_forward,0.541855,1.041966,-178.094628,0.599357,0.432556,172.209034
34.5300,long_2_forward,0.535910,1.041769,-178.110310,0.593464,0.433363,172.193352
34.5892,long_2_forward,0.531888,1.041636,-178.111990,0.589477,0.433909,172.191672
34.6310,long_2_forward,0.525918,1.041438,-178.084587,0.583559,0.434719,172.219074
34.6884,long_2_forward,0.521946,1.041304,-178.059766,0.579622,0.435257,172.243895
34.7314,long_2_forward,0.516027,1.041099,-177.961043,0.573753,0.436051,172.342619
34.7894,long_2_forward,0.512005,1.040955,-177.958461,0.569764,0.436587,172.345200
34.8347,long_2_forward,0.505960,1.040736,-177.877906,0.563768,0.437389,172.425756
34.8893,long_2_forward,0.501989,1.040589,-177.906661,0.559829,0.437913,172.397001
34.9306,long_2_forward,0.496121,1.040373,-177.863453,0.554008,0.438688,172.440208
34.9877,long_2_forward,0.492100,1.040219,-177.755782,0.550019,0.439214,172.547880
35.0342,long_2_forward,0.486055,1.039981,-177.745728,0.544020,0.439998,172.557934
35.0852,long_2_forward,0.482034,1.039827,-177.848877,0.540030,0.440523,172.454784
35.1354,long_2_forward,0.476242,1.039609,-177.843208,0.534284,0.441283,172.460453
35.1899,long_2_forward,0.472346,1.039462,-177.834958,0.530420,0.441795,172.468704
35.2311,long_2_forward,0.466327,1.039236,-177.873821,0.524448,0.442586,172.429840
35.2875,long_2_forward,0.462406,1.039094,-177.961057,0.520560,0.443106,172.342605
35.3359,long_2_forward,0.456487,1.038883,-177.964075,0.514690,0.443895,172.339586
35.3901,long_2_forward,0.452642,1.038749,-178.045614,0.510877,0.444411,172.258047
35.4330,long_2_forward,0.446723,1.038552,-178.125937,0.505009,0.445213,172.177724
35.4883,long_2_forward,0.442701,1.038421,-178.160307,0.501022,0.445762,172.143355
35.5353,long_2_forward,0.436933,1.038235,-178.148504,0.495306,0.446550,172.155157
35.5878,long_2_forward,0.432936,1.038108,-178.211820,0.491344,0.447098,172.091841
35.6581,long_2_forward,0.426991,1.037920,-178.150895,0.485453,0.447913,172.152767
35.7538,long_2_forward,0.423019,1.037792,-178.157233,0.481516,0.448456,172.146428
35.7657,long_2_forward,0.416998,1.037596,-178.132194,0.475548,0.449278,172.171468
35.8177,long_2_forward,0.413102,1.037472,-178.205359,0.471687,0.449811,172.098303
35.8415,long_2_forward,0.407006,1.037274,-178.068864,0.465644,0.450643,172.234797
35.8864,long_2_forward,0.402629,1.037135,-178.307825,0.461307,0.451243,171.995836
35.9297,long_2_forward,0.397114,1.036973,-178.322811,0.455843,0.452012,171.980851
35.9874,long_2_forward,0.392864,1.036846,-178.249250,0.451632,0.452603,172.054412
36.0305,long_2_forward,0.386893,1.036663,-178.238895,0.445716,0.453428,172.064767
36.0906,long_2_forward,0.382795,1.036537,-178.237392,0.441655,0.453994,172.066269
36.1303,long_2_forward,0.376698,1.036341,-178.091185,0.435612,0.454828,172.212476
36.1858,long_2_forward,0.372929,1.036215,-178.081951,0.431876,0.455339,172.221711
36.2310,long_2_forward,0.366681,1.036003,-178.027050,0.425681,0.456182,172.276612
36.2895,long_2_forward,0.362633,1.035864,-178.032473,0.421668,0.456727,172.271189
36.3353,long_2_forward,0.356740,1.035655,-177.902413,0.415823,0.457513,172.401249
36.3902,long_2_forward,0.352591,1.035506,-177.992530,0.411709,0.458065,172.311132
36.4313,long_2_forward,0.346723,1.035297,-177.934897,0.405890,0.458848,172.368765
36.4891,long_2_forward,0.342600,1.035151,-177.983979,0.401801,0.459398,172.319683
36.5319,long_2_forward,0.336656,1.034939,-177.948680,0.395906,0.460191,172.354981
36.5847,long_2_forward,0.332710,1.034800,-177.993186,0.391993,0.460717,172.310476
36.6349,long_2_forward,0.326588,1.034582,-177.939200,0.385922,0.461534,172.364462
36.6869,long_2_forward,0.322693,1.034440,-177.864928,0.382059,0.462050,172.438733
36.7305,long_2_forward,0.316724,1.034217,-177.862770,0.376137,0.462835,172.440891
36.7858,long_2_forward,0.312778,1.034069,-177.847429,0.372223,0.463354,172.456232
36.8375,long_2_forward,0.306759,1.033840,-177.794427,0.366251,0.464142,172.509234
36.8889,long_2_forward,0.302661,1.033684,-177.835504,0.362186,0.464678,172.468158
36.9308,long_2_forward,0.296617,1.033449,-177.719568,0.356188,0.465465,172.584093
36.9849,long_2_forward,0.292494,1.033284,-177.690458,0.352097,0.465997,172.613203
37.0340,long_2_forward,0.288448,1.033121,-177.704815,0.348081,0.466518,172.598846
37.0881,long_2_forward,0.282328,1.032872,-177.624793,0.342006,0.467303,172.678869
37.1399,long_2_forward,0.278282,1.032701,-177.555917,0.337989,0.467816,172.747745
37.1836,long_2_forward,0.272187,1.032444,-177.602103,0.331938,0.468589,172.701559
37.2371,long_2_forward,0.268166,1.032278,-177.668533,0.327947,0.469102,172.635128
37.2828,long_2_forward,0.262299,1.032039,-177.673164,0.322123,0.469855,172.630497
37.3363,long_2_forward,0.258354,1.031879,-177.690526,0.318207,0.470362,172.613135
37.3849,long_2_forward,0.252410,1.031643,-177.751971,0.312309,0.471130,172.551691
37.4442,long_2_forward,0.248389,1.031484,-177.735947,0.308318,0.471651,172.567714
37.4875,long_2_forward,0.242673,1.031263,-177.823674,0.302647,0.472396,172.479987
37.5374,long_2_forward,0.238677,1.031113,-177.877168,0.298682,0.472921,172.426493
37.5866,long_2_forward,0.232783,1.030897,-177.930211,0.292837,0.473701,172.373450
37.6463,long_2_forward,0.228863,1.030754,-177.900527,0.288948,0.474221,172.403134
37.6861,long_2_forward,0.222868,1.030537,-177.944227,0.283003,0.475016,172.359435
37.8038,long_2_forward,0.219074,1.030402,-177.970591,0.279240,0.475522,172.333070
37.8166,long_2_forward,0.213029,1.030186,-177.934378,0.273244,0.476327,172.369284
37.8321,long_2_forward,0.208804,1.030036,-178.002516,0.269055,0.476890,172.301146
37.8900,long_2_forward,0.203189,1.029841,-178.020916,0.263487,0.477644,172.282745
37.9772,long_2_forward,0.199015,1.029693,-177.936359,0.259348,0.478202,172.367303
37.9934,long_2_forward,0.192995,1.029488,-178.152124,0.253379,0.479013,172.151537
38.0389,long_2_forward,0.188998,1.029357,-178.098548,0.249417,0.479557,172.205113
38.0878,long_2_forward,0.182851,1.029149,-178.018444,0.243323,0.480387,172.285218
38.1351,long_2_forward,0.179006,1.029013,-177.946740,0.239510,0.480901,172.356921
38.1814,long_2_forward,0.172758,1.028786,-177.894517,0.233314,0.481730,172.409145
38.2369,long_2_forward,0.168610,1.028631,-177.823128,0.229199,0.482276,172.480534
38.2828,long_2_forward,0.162894,1.028408,-177.693614,0.223527,0.483018,172.610048
38.3347,long_2_forward,0.158696,1.028239,-177.716344,0.219360,0.483559,172.587317
38.3826,long_2_forward,0.152854,1.028002,-177.641076,0.213562,0.484310,172.662586
38.4337,long_2_forward,0.148757,1.027834,-177.637879,0.209495,0.484833,172.665782
38.4869,long_2_forward,0.142688,1.027588,-177.719377,0.203471,0.485613,172.584284
38.5385,long_2_forward,0.138692,1.027431,-177.790220,0.199506,0.486132,172.513442
38.5878,long_2_forward,0.132596,1.027197,-177.806353,0.193458,0.486927,172.497309
38.6367,long_2_forward,0.128626,1.027041,-177.708039,0.189518,0.487443,172.595623
38.6867,long_2_forward,0.122682,1.026804,-177.733037,0.183619,0.488211,172.570624
38.7336,long_2_forward,0.118636,1.026643,-177.693299,0.179603,0.488733,172.610362
38.7861,long_2_forward,0.112642,1.026396,-177.585478,0.173654,0.489499,172.718183
38.8337,long_2_forward,0.108672,1.026228,-177.576858,0.169712,0.490002,172.726803
38.8876,long_2_forward,0.102679,1.025972,-177.528405,0.163761,0.490759,172.775257
38.9349,long_2_forward,0.098759,1.025802,-177.517108,0.159869,0.491252,172.786554
38.9818,long_2_forward,0.092741,1.025538,-177.453123,0.153893,0.492005,172.850539
39.0373,long_2_forward,0.088772,1.025360,-177.421526,0.149950,0.492499,172.882135
39.0854,long_2_forward,0.082880,1.025095,-177.419327,0.144098,0.493229,172.884335
39.1363,long_2_forward,0.078910,1.024915,-177.378277,0.140154,0.493720,172.925384
39.1830,long_2_forward,0.072868,1.024636,-177.336668,0.134151,0.494463,172.966994
39.2330,long_2_forward,0.068847,1.024451,-177.410161,0.130157,0.494958,172.893501
39.2858,long_2_forward,0.063007,1.024183,-177.323103,0.124355,0.495677,172.980558
39.3342,long_2_forward,0.059138,1.024003,-177.354850,0.120511,0.496151,172.948812
39.3841,long_2_forward,0.053121,1.023724,-177.341190,0.114533,0.496890,172.962472
39.4364,long_2_forward,0.049177,1.023542,-177.359809,0.110614,0.497375,172.943853
39.4865,long_2_forward,0.043361,1.023275,-177.398399,0.104837,0.498092,172.905262
39.5337,long_2_forward,0.039468,1.023098,-177.390203,0.100969,0.498573,172.913459
39.5842,long_2_forward,0.033576,1.022831,-177.410215,0.095117,0.499301,172.893446
39.6353,long_2_forward,0.029530,1.022651,-177.509936,0.091099,0.499806,172.793725
39.6869,long_2_forward,0.023790,1.022403,-177.543076,0.085399,0.500528,172.760585
39.7350,long_2_forward,0.019845,1.022237,-177.615913,0.081482,0.501028,172.687748
39.7842,long_2_forward,0.013802,1.021981,-177.533446,0.075482,0.501794,172.770216
39.8360,long_2_forward,0.009933,1.021813,-177.513392,0.071640,0.502281,172.790269
39.8854,long_2_forward,0.003889,1.021549,-177.485525,0.065638,0.503038,172.818136
39.9388,long_2_forward,-0.000106,1.021378,-177.601365,0.061671,0.503542,172.702296
39.9846,long_2_forward,-0.005948,1.021126,-177.452481,0.055871,0.504278,172.851181
40.0433,long_2_stop,-0.010272,1.020936,-177.535140,0.051576,0.504819,172.768522
40.0846,long_2_stop,-0.015961,1.020683,-177.367800,0.045926,0.505528,172.935862
40.1341,long_2_stop,-0.019678,1.020517,-177.520168,0.042234,0.505990,172.783494
40.1861,long_2_stop,-0.022586,1.020391,-177.512176,0.039346,0.506356,172.791485
40.2321,long_2_stop,-0.023092,1.020369,-177.509636,0.038844,0.506419,172.794026
40.2844,long_2_stop,-0.023648,1.020345,-177.447904,0.038292,0.506489,172.855757
40.3368,long_2_stop,-0.023724,1.020341,-177.444366,0.038216,0.506498,172.859295
40.3846,long_2_stop,-0.023800,1.020338,-177.442194,0.038141,0.506508,172.861467
40.4368,long_2_stop,-0.023774,1.020339,-177.439722,0.038166,0.506505,172.863940
40.4850,long_2_stop,-0.023850,1.020335,-177.420638,0.038091,0.506514,172.883023
40.5374,long_2_stop,-0.023850,1.020335,-177.420365,0.038091,0.506514,172.883296
40.5843,long_2_stop,-0.023875,1.020334,-177.399738,0.038066,0.506517,172.903924
40.6336,long_2_stop,-0.023901,1.020333,-177.393495,0.038040,0.506520,172.910166
40.6845,long_2_stop,-0.023901,1.020333,-177.381051,0.038040,0.506520,172.922611
40.7354,long_2_stop,-0.023901,1.020333,-177.379548,0.038040,0.506520,172.924114
40.7804,long_2_stop,-0.023926,1.020332,-177.375204,0.038015,0.506523,172.928458
40.8339,long_2_stop,-0.023926,1.020332,-177.375313,0.038015,0.506523,172.928348
40.8831,long_2_stop,-0.023926,1.020332,-177.366325,0.038015,0.506523,172.937337
40.9306,long_2_stop,-0.023926,1.020332,-177.363606,0.038015,0.506523,172.940055
40.9823,long_2_stop,-0.023926,1.020332,-177.355956,0.038015,0.506523,172.947705
41.0333,long_2_stop,-0.023926,1.020332,-177.351653,0.038015,0.506523,172.952008
41.1149,long_2_turn_90,-0.023926,1.020332,-177.345219,0.038015,0.506523,172.958442
41.1309,long_2_turn_90,-0.023926,1.020332,-177.340384,0.038015,0.506523,172.963278
41.1857,long_2_turn_90,-0.023926,1.020332,-177.225459,0.038015,0.506523,173.078203
41.2328,long_2_turn_90,-0.023901,1.020333,-177.063925,0.038040,0.506520,173.239737
41.2841,long_2_turn_90,-0.024078,1.020324,-176.684276,0.037864,0.506541,173.619386
41.3325,long_2_turn_90,-0.024254,1.020313,-176.285966,0.037688,0.506560,174.017695
41.3837,long_2_turn_90,-0.024381,1.020304,-175.731888,0.037562,0.506572,174.571774
41.4365,long_2_turn_90,-0.024431,1.020300,-175.284893,0.037512,0.506577,175.018769
41.4839,long_2_turn_90,-0.024507,1.020293,-174.678782,0.037436,0.506583,175.624880
41.5355,long_2_turn_90,-0.024532,1.020291,-174.202936,0.037411,0.506585,176.100725
41.5933,long_2_turn_90,-0.024658,1.020277,-173.589913,0.037285,0.506593,176.713749
41.6443,long_2_turn_90,-0.024683,1.020275,-173.091528,0.037259,0.506594,177.212134
41.6872,long_2_turn_90,-0.024683,1.020275,-172.433111,0.037259,0.506594,177.870550
41.7325,long_2_turn_90,-0.024658,1.020278,-171.941925,0.037285,0.506593,178.361737
41.7839,long_2_turn_90,-0.024683,1.020274,-171.324790,0.037259,0.506594,178.978871
41.8346,long_2_turn_90,-0.024633,1.020282,-170.854491,0.037310,0.506593,179.449171
41.8864,long_2_turn_90,-0.024633,1.020282,-170.284566,0.037310,0.506593,-179.980904
41.9305,long_2_turn_90,-0.024533,1.020300,-169.809308,0.037411,0.506594,-179.505646
41.9871,long_2_turn_90,-0.024533,1.020300,-169.211598,0.037411,0.506594,-178.907936
42.0343,long_2_turn_90,-0.024484,1.020309,-168.706560,0.037462,0.506595,-178.402898
42.0894,long_2_turn_90,-0.024508,1.020304,-168.085668,0.037437,0.506594,-177.782007
42.1341,long_2_turn_90,-0.024484,1.020310,-167.569784,0.037462,0.506595,-177.266123
42.1809,long_2_turn_90,-0.024582,1.020287,-166.938975,0.037361,0.506590,-176.635314
42.2339,long_2_turn_90,-0.024582,1.020287,-166.486257,0.037361,0.506590,-176.182595
42.2900,long_2_turn_90,-0.024632,1.020275,-165.886853,0.037310,0.506586,-175.583191
42.3367,long_2_turn_90,-0.024656,1.020269,-165.396008,0.037285,0.506584,-175.092347
42.3843,long_2_turn_90,-0.024754,1.020243,-164.798066,0.037184,0.506575,-174.494405
42.4299,long_2_turn_90,-0.024705,1.020256,-164.299053,0.037235,0.506580,-173.995391
42.4860,long_2_turn_90,-0.024802,1.020228,-163.646933,0.037134,0.506569,-173.343272
42.5330,long_2_turn_90,-0.024754,1.020243,-163.171170,0.037184,0.506575,-172.867508
42.5821,long_2_turn_90,-0.024754,1.020243,-162.558311,0.037184,0.506575,-172.254649
42.6330,long_2_turn_90,-0.024706,1.020258,-162.085334,0.037234,0.506582,-171.781672
42.6826,long_2_turn_90,-0.024706,1.020258,-161.514849,0.037234,0.506582,-171.211187
42.7298,long_2_turn_90,-0.024610,1.020291,-161.073045,0.037334,0.506598,-170.769383
42.7848,long_2_turn_90,-0.024586,1.020299,-160.458601,0.037359,0.506602,-170.154940
42.8311,long_2_turn_90,-0.024586,1.020299,-159.961637,0.037359,0.506602,-169.657975
42.8845,long_2_turn_90,-0.024586,1.020299,-159.320514,0.037359,0.506602,-169.016853
42.9298,long_2_turn_90,-0.024562,1.020308,-158.834819,0.037384,0.506607,-168.531158
42.9854,long_2_turn_90,-0.024586,1.020299,-158.174695,0.037359,0.506602,-167.871034
43.0312,long_2_turn_90,-0.024586,1.020299,-157.702825,0.037359,0.506602,-167.399163
43.0860,long_2_turn_90,-0.024656,1.020270,-157.083490,0.037285,0.506585,-166.779829
43.1352,long_2_turn_90,-0.024679,1.020260,-156.634802,0.037261,0.506579,-166.331140
43.1847,long_2_turn_90,-0.024725,1.020239,-156.011328,0.037212,0.506567,-165.707667
43.2313,long_2_turn_90,-0.024818,1.020198,-155.567393,0.037114,0.506541,-165.263732
43.2857,long_2_turn_90,-0.024841,1.020187,-154.901491,0.037089,0.506535,-164.597829
43.3630,long_2_turn_90,-0.024887,1.020165,-154.426315,0.037040,0.506521,-164.122653
43.3808,long_2_turn_90,-0.024909,1.020154,-153.795820,0.037016,0.506514,-163.492158
43.4297,long_2_turn_90,-0.024909,1.020154,-153.352582,0.037016,0.506514,-163.048920
43.4866,long_2_turn_90,-0.024909,1.020154,-152.713713,0.037016,0.506514,-162.410051
43.5347,long_2_turn_90,-0.024864,1.020178,-152.284859,0.037064,0.506529,-161.981198
43.5857,long_2_turn_90,-0.024842,1.020190,-151.661796,0.037088,0.506537,-161.358134
43.6522,long_2_turn_90,-0.024798,1.020214,-151.233420,0.037136,0.506554,-160.929758
43.6860,long_2_turn_90,-0.024798,1.020214,-150.581601,0.037136,0.506554,-160.277940
43.7361,long_2_turn_90,-0.024798,1.020214,-150.135890,0.037136,0.506554,-159.832229
43.7820,long_2_turn_90,-0.024798,1.020214,-149.471354,0.037136,0.506554,-159.167692
43.8333,long_2_turn_90,-0.024819,1.020201,-149.028607,0.037113,0.506545,-158.724946
43.8857,long_2_turn_90,-0.024841,1.020188,-148.363675,0.037089,0.506535,-158.060013
43.9322,long_2_turn_90,-0.024862,1.020174,-147.924822,0.037066,0.506526,-157.621160
43.9839,long_2_turn_90,-0.024862,1.020174,-147.484985,0.037066,0.506526,-157.181323
44.0345,long_2_turn_90,-0.024926,1.020133,-146.823235,0.036996,0.506496,-156.519573
44.0885,long_2_turn_90,-0.024947,1.020119,-146.145393,0.036973,0.506486,-155.841732
44.1398,long_2_turn_90,-0.024989,1.020091,-145.711389,0.036927,0.506465,-155.407728
44.1854,long_2_turn_90,-0.025031,1.020062,-145.009861,0.036881,0.506443,-154.706199
44.2349,long_2_turn_90,-0.025031,1.020062,-144.579135,0.036881,0.506443,-154.275474
44.2833,long_2_turn_90,-0.025052,1.020047,-143.918875,0.036858,0.506432,-153.615213
44.3302,long_2_turn_90,-0.025052,1.020047,-143.520142,0.036858,0.506432,-153.216480
44.3861,long_2_turn_90,-0.025011,1.020078,-143.058831,0.036903,0.506455,-152.755169
44.4306,long_2_turn_90,-0.024971,1.020108,-142.430945,0.036948,0.506479,-152.127284
44.4901,long_2_turn_90,-0.024951,1.020124,-141.739798,0.036970,0.506491,-151.436137
44.5324,long_2_turn_90,-0.024970,1.020108,-141.344207,0.036948,0.506479,-151.040546
44.5850,long_2_turn_90,-0.024970,1.020108,-140.863526,0.036948,0.506479,-150.559865
44.6338,long_2_turn_90,-0.025010,1.020076,-140.239288,0.036904,0.506453,-149.935626
44.6858,long_2_turn_90,-0.025029,1.020060,-139.540191,0.036882,0.506441,-149.236529
44.7343,long_2_turn_90,-0.025048,1.020043,-139.138439,0.036861,0.506428,-148.834777
44.7867,long_2_turn_90,-0.025048,1.020043,-138.447702,0.036861,0.506428,-148.144040
44.8340,long_2_turn_90,-0.025105,1.019993,-138.021102,0.036796,0.506387,-147.717440
44.8872,long_2_turn_90,-0.025124,1.019976,-137.549873,0.036775,0.506374,-147.246212
44.9331,long_2_turn_90,-0.025142,1.019958,-136.908423,0.036754,0.506360,-146.604762
44.9847,long_2_turn_90,-0.025124,1.019976,-136.243682,0.036775,0.506374,-145.940020
45.0358,long_2_turn_90,-0.025160,1.019941,-135.782275,0.036733,0.506345,-145.478614
45.0890,long_2_turn_90,-0.025160,1.019941,-135.336400,0.036733,0.506345,-145.032739
45.1334,long_2_turn_90,-0.025142,1.019958,-134.717831,0.036754,0.506360,-144.414170
45.1868,long_2_turn_90,-0.025125,1.019977,-134.044320,0.036774,0.506375,-143.740658
45.2651,long_2_turn_90,-0.025107,1.019995,-133.648442,0.036794,0.506390,-143.344781
45.2854,long_2_turn_90,-0.025090,1.020013,-133.171408,0.036815,0.506405,-142.867746
45.3344,long_2_turn_90,-0.025090,1.020013,-132.528127,0.036815,0.506405,-142.224466
45.3861,long_2_turn_90,-0.025073,1.020032,-131.849671,0.036835,0.506421,-141.546009
45.4297,long_2_turn_90,-0.025089,1.020013,-131.432128,0.036815,0.506405,-141.128466
45.4880,long_2_turn_90,-0.025089,1.020013,-130.979942,0.036815,0.506405,-140.676280
45.5365,long_2_turn_90,-0.025122,1.019975,-130.340144,0.036776,0.506373,-140.036483
45.5869,long_2_turn_90,-0.025122,1.019975,-129.646498,0.036776,0.506373,-139.342836
45.6344,long_2_turn_90,-0.025171,1.019916,-129.231004,0.036718,0.506323,-138.927342
45.6886,long_2_turn_90,-0.025171,1.019916,-128.746866,0.036718,0.506323,-138.443205
45.7345,long_2_turn_90,-0.025186,1.019896,-128.087179,0.036700,0.506306,-137.783518
45.7870,long_2_turn_90,-0.025186,1.019896,-127.377741,0.036700,0.506306,-137.074079
45.8303,long_2_turn_90,-0.025171,1.019916,-126.937836,0.036718,0.506323,-136.634174
45.8875,long_2_turn_90,-0.025156,1.019937,-126.461553,0.036736,0.506341,-136.157892
45.9309,long_2_turn_90,-0.025141,1.019957,-125.845033,0.036754,0.506358,-135.541371
45.9874,long_2_turn_90,-0.025112,1.019998,-125.167724,0.036790,0.506394,-134.864063
46.0331,long_2_turn_90,-0.025083,1.020040,-124.745318,0.036826,0.506430,-134.441656
46.0896,long_2_turn_90,-0.025054,1.020081,-124.276330,0.036861,0.506466,-133.972668
46.1307,long_2_turn_90,-0.025040,1.020102,-123.664536,0.036879,0.506485,-133.360874
46.1863,long_2_turn_90,-0.025040,1.020102,-122.963554,0.036879,0.506485,-132.659892
46.2348,long_2_turn_90,-0.025040,1.020102,-122.530383,0.036879,0.506485,-132.226722
46.2889,long_2_turn_90,-0.025040,1.020102,-122.060944,0.036879,0.506485,-131.757283
46.3350,long_2_turn_90,-0.025080,1.020038,-121.432990,0.036828,0.506428,-131.129329
46.3910,long_2_turn_90,-0.025093,1.020016,-120.778918,0.036812,0.506409,-130.475256
46.4304,long_2_turn_90,-0.025106,1.019994,-120.329601,0.036796,0.506389,-130.025939
46.4900,long_2_turn_90,-0.025118,1.019973,-119.864219,0.036779,0.506370,-129.560557
46.5314,long_2_turn_90,-0.025143,1.019929,-119.206676,0.036747,0.506331,-128.903015
46.5862,long_2_turn_90,-0.025143,1.019929,-118.536819,0.036747,0.506331,-128.233158
46.6372,long_2_turn_90,-0.025131,1.019951,-118.075399,0.036763,0.506351,-127.771738
46.6868,long_2_turn_90,-0.025131,1.019951,-117.605871,0.036763,0.506351,-127.302210
46.7344,long_2_turn_90,-0.025143,1.019928,-116.980704,0.036748,0.506330,-126.677043
46.7840,long_2_turn_90,-0.025132,1.019951,-116.348215,0.036763,0.506351,-126.044553
46.8346,long_2_turn_90,-0.025087,1.020042,-115.907224,0.036822,0.506433,-125.603562
46.8874,long_2_turn_90,-0.025076,1.020065,-115.456472,0.036837,0.506453,-125.152811
46.9311,long_2_turn_90,-0.025044,1.020133,-114.813471,0.036880,0.506516,-124.509810
46.9844,long_2_turn_90,-0.025023,1.020179,-114.160396,0.036908,0.506558,-123.856735
47.0323,long_2_turn_90,-0.025023,1.020179,-113.703149,0.036908,0.506558,-123.399488
47.0870,long_2_turn_90,-0.025033,1.020156,-113.254255,0.036895,0.506536,-122.950594
47.1355,long_2_turn_90,-0.025033,1.020156,-112.608338,0.036895,0.506536,-122.304677
47.1866,long_2_turn_90,-0.025033,1.020156,-111.966744,0.036895,0.506536,-121.663083
47.2302,long_2_turn_90,-0.025052,1.020109,-111.520432,0.036868,0.506493,-121.216771
47.2845,long_2_turn_90,-0.025052,1.020109,-111.084168,0.036868,0.506493,-120.780506
47.3313,long_2_turn_90,-0.025070,1.020062,-110.400684,0.036843,0.506450,-120.097023
47.3877,long_2_turn_90,-0.025078,1.020038,-109.730219,0.036830,0.506428,-119.426558
47.4298,long_2_turn_90,-0.025070,1.020062,-109.272665,0.036842,0.506450,-118.969003
47.4894,long_2_turn_90,-0.025053,1.020110,-108.834686,0.036867,0.506494,-118.531024
47.5310,long_2_turn_90,-0.025045,1.020134,-108.151086,0.036879,0.506516,-117.847425
47.5927,long_2_turn_90,-0.025037,1.020158,-107.526548,0.036890,0.506539,-117.222886
47.6332,long_2_turn_90,-0.025022,1.020206,-107.077278,0.036913,0.506584,-116.773617
47.6865,long_2_turn_90,-0.025015,1.020230,-106.673935,0.036925,0.506607,-116.370273
47.7333,long_2_turn_90,-0.025001,1.020279,-106.001045,0.036947,0.506652,-115.697384
47.7869,long_2_turn_90,-0.024994,1.020303,-105.336645,0.036958,0.506675,-115.032984
47.8333,long_2_turn_90,-0.024974,1.020377,-104.860260,0.036990,0.506744,-114.556599
47.8840,long_2_turn_90,-0.024987,1.020328,-104.429036,0.036969,0.506698,-114.125375
47.9319,long_2_turn_90,-0.024987,1.020328,-103.749788,0.036969,0.506698,-113.446126
47.9852,long_2_turn_90,-0.024993,1.020303,-103.101514,0.036959,0.506675,-112.797852
48.0327,long_2_turn_90,-0.024999,1.020278,-102.635927,0.036949,0.506651,-112.332266
48.0877,long_2_turn_90,-0.025009,1.020229,-102.220515,0.036930,0.506604,-111.916854
48.1337,long_2_turn_90,-0.025009,1.020229,-101.540454,0.036930,0.506604,-111.236792
48.1911,long_2_turn_90,-0.025019,1.020179,-100.887522,0.036912,0.506557,-110.583860
48.2316,long_2_turn_90,-0.025019,1.020179,-100.397162,0.036912,0.506557,-110.093500
48.2873,long_2_turn_90,-0.025024,1.020154,-99.927839,0.036903,0.506533,-109.624178
48.3636,long_2_turn_90,-0.025024,1.020154,-99.243803,0.036903,0.506533,-108.940141
48.3883,long_2_turn_90,-0.025024,1.020154,-98.807435,0.036903,0.506533,-108.503774
48.4329,long_2_turn_90,-0.025016,1.020204,-98.091099,0.036919,0.506581,-107.787437
48.4856,long_2_turn_90,-0.025006,1.020280,-97.675065,0.036942,0.506654,-107.371404
48.5515,long_2_turn_90,-0.025003,1.020305,-96.983543,0.036949,0.506678,-106.679881
48.5892,long_2_turn_90,-0.025003,1.020305,-96.576839,0.036949,0.506678,-106.273178
48.6341,long_2_turn_90,-0.024994,1.020380,-95.889128,0.036970,0.506751,-105.585466
48.6855,long_2_turn_90,-0.024994,1.020380,-95.474283,0.036970,0.506751,-105.170621
48.7494,long_2_turn_90,-0.024992,1.020406,-94.775985,0.036977,0.506775,-104.472323
48.7897,long_2_turn_90,-0.024992,1.020406,-94.373024,0.036977,0.506775,-104.069362
48.8300,long_2_turn_90,-0.024994,1.020380,-93.714191,0.036971,0.506751,-103.410529
48.8810,long_2_turn_90,-0.024994,1.020380,-93.270706,0.036971,0.506751,-102.967045
48.9332,long_2_turn_90,-0.024997,1.020330,-92.560934,0.036960,0.506701,-102.257272
48.9888,long_2_turn_stop,-0.024997,1.020330,-92.131759,0.036960,0.506701,-101.828097
49.0343,long_2_turn_stop,-0.024997,1.020330,-91.537191,0.036960,0.506701,-101.233529
49.0837,long_2_turn_stop,-0.024997,1.020330,-91.315947,0.036960,0.506701,-101.012286
49.1325,long_2_turn_stop,-0.024997,1.020330,-91.117967,0.036960,0.506701,-100.814306
49.1904,long_2_turn_stop,-0.024996,1.020355,-91.062916,0.036964,0.506726,-100.759255
49.2324,long_2_turn_stop,-0.024996,1.020330,-91.010747,0.036960,0.506701,-100.707086
49.2826,long_2_turn_stop,-0.024996,1.020330,-90.990523,0.036960,0.506701,-100.686861
49.3342,long_2_turn_stop,-0.024997,1.020304,-90.960532,0.036955,0.506676,-100.656870
49.3885,long_2_turn_stop,-0.024997,1.020279,-90.958462,0.036950,0.506652,-100.654800
49.4315,long_2_turn_stop,-0.024997,1.020279,-90.950874,0.036950,0.506652,-100.647212
49.4810,long_2_turn_stop,-0.024997,1.020279,-90.945061,0.036950,0.506652,-100.641400
49.5373,long_2_turn_stop,-0.024998,1.020254,-90.912727,0.036946,0.506627,-100.609066
49.6013,long_2_turn_stop,-0.024999,1.020203,-90.904886,0.036936,0.506577,-100.601224
49.6328,long_2_turn_stop,-0.024999,1.020203,-90.873672,0.036936,0.506577,-100.570011
49.6843,long_2_turn_stop,-0.024998,1.020254,-90.857430,0.036946,0.506627,-100.553768
49.7345,long_2_turn_stop,-0.024997,1.020279,-90.848919,0.036950,0.506652,-100.545258
49.7894,long_2_turn_stop,-0.024997,1.020279,-90.829788,0.036950,0.506652,-100.526127
49.8329,long_2_turn_stop,-0.024998,1.020254,-90.805411,0.036946,0.506627,-100.501750
49.8840,long_2_turn_stop,-0.024998,1.020254,-90.803628,0.036946,0.506627,-100.499967
49.9306,long_2_turn_stop,-0.024998,1.020254,-90.797051,0.036946,0.506627,-100.493389
49.9810,short_2_forward,-0.024998,1.020254,-90.793370,0.036946,0.506627,-100.489708
50.0339,short_2_forward,-0.024998,1.020254,-90.721174,0.036946,0.506627,-100.417513
50.0854,short_2_forward,-0.025006,1.019646,-90.920520,0.036835,0.506029,-100.616859
50.1356,short_2_forward,-0.025034,1.017875,-90.848598,0.036509,0.504288,-100.544937
50.1893,short_2_forward,-0.025091,1.013800,-90.748604,0.035767,0.500281,-100.444943
50.2339,short_2_forward,-0.025153,1.008713,-90.666499,0.034848,0.495277,-100.362837
50.2964,short_2_forward,-0.025197,1.005043,-90.681757,0.034188,0.491667,-100.378096
50.3320,short_2_forward,-0.025240,1.001146,-90.597220,0.033488,0.487833,-100.293559
50.3890,short_2_forward,-0.025307,0.995173,-90.685603,0.032417,0.481956,-100.381941
50.4302,short_2_forward,-0.025376,0.989301,-90.667025,0.031359,0.476180,-100.363363
50.4864,short_2_forward,-0.025422,0.985302,-90.629213,0.030641,0.472246,-100.325551
50.5343,short_2_forward,-0.025469,0.981253,-90.704816,0.029913,0.468262,-100.401155
50.5896,short_2_forward,-0.025543,0.975280,-90.725184,0.028833,0.462387,-100.421522
50.6315,short_2_forward,-0.025619,0.969332,-90.735559,0.027757,0.456538,-100.431897
50.6815,short_2_forward,-0.025674,0.965233,-90.811060,0.027012,0.452505,-100.507398
50.7361,short_2_forward,-0.025728,0.961310,-90.752505,0.026298,0.448648,-100.448843
50.7934,short_2_forward,-0.025810,0.955210,-90.794872,0.025190,0.442649,-100.491211
50.8299,short_2_forward,-0.025893,0.949111,-90.762497,0.024081,0.436651,-100.458836
50.8840,short_2_forward,-0.025951,0.945087,-90.887039,0.023346,0.432694,-100.583377
50.9342,short_2_forward,-0.026012,0.941164,-90.893466,0.022625,0.428838,-100.589804
50.9867,short_2_forward,-0.026103,0.935040,-90.813840,0.021504,0.422816,-100.510178
51.0338,short_2_forward,-0.026191,0.929017,-90.862081,0.020402,0.416894,-100.558420
51.0841,short_2_forward,-0.026252,0.925170,-90.950416,0.019694,0.413113,-100.646755
51.1344,short_2_forward,-0.026315,0.921171,-90.857341,0.018959,0.409182,-100.553680
51.1824,short_2_forward,-0.026408,0.914996,-90.858892,0.017828,0.403110,-100.555230
51.2314,short_2_forward,-0.026465,0.910947,-90.761821,0.017089,0.399129,-100.458159
51.2846,short_2_forward,-0.026541,0.905050,-90.715478,0.016021,0.393329,-100.411817
51.3350,short_2_forward,-0.026593,0.900925,-90.735572,0.015275,0.389271,-100.431911
51.3845,short_2_forward,-0.026669,0.894876,-90.700609,0.014181,0.383321,-100.396947
51.4303,short_2_forward,-0.026718,0.890852,-90.689756,0.013455,0.379363,-100.386094
51.4861,short_2_forward,-0.026787,0.884930,-90.648529,0.012390,0.373537,-100.344867
51.5338,short_2_forward,-0.026834,0.880880,-90.675105,0.011661,0.369553,-100.371443
51.5808,short_2_forward,-0.026908,0.874857,-90.733537,0.010574,0.363628,-100.429876
51.6301,short_2_forward,-0.026959,0.870782,-90.699591,0.009837,0.359620,-100.395929
51.6832,short_2_forward,-0.027033,0.864910,-90.737622,0.008776,0.353845,-100.433960
51.7317,short_2_forward,-0.027086,0.860861,-90.773480,0.008041,0.349863,-100.469818
51.7840,short_2_forward,-0.027167,0.854762,-90.749622,0.006934,0.343864,-100.445961
51.8334,short_2_forward,-0.027221,0.850813,-90.818600,0.006216,0.339981,-100.514939
51.8869,short_2_forward,-0.027307,0.844866,-90.833429,0.005130,0.334133,-100.529767
51.9306,short_2_forward,-0.027363,0.840893,-90.791136,0.004405,0.330226,-100.487475
51.9857,short_2_forward,-0.027447,0.834819,-90.785453,0.003299,0.324253,-100.481792
52.0336,short_2_forward,-0.027503,0.830719,-90.791355,0.002553,0.320221,-100.487693
52.0854,short_2_forward,-0.027588,0.824695,-90.828388,0.001455,0.314298,-100.524726
52.1348,short_2_forward,-0.027646,0.820722,-90.821558,0.000729,0.310391,-100.517896
52.1882,short_2_forward,-0.027728,0.814800,-90.769573,-0.000349,0.304568,-100.465912
52.2318,short_2_forward,-0.027785,0.810827,-90.885270,-0.001075,0.300661,-100.581608
52.2869,short_2_forward,-0.027875,0.804955,-90.858113,-0.002152,0.294888,-100.554451
52.3359,short_2_forward,-0.027937,0.800931,-90.916894,-0.002891,0.290932,-100.613232
52.3849,short_2_forward,-0.028030,0.795009,-90.880147,-0.003980,0.285111,-100.576486
52.4367,short_2_forward,-0.028089,0.791061,-90.826325,-0.004703,0.281229,-100.522664
52.4958,short_2_forward,-0.028174,0.785164,-90.843271,-0.005781,0.275431,-100.539609
52.5353,short_2_forward,-0.028233,0.781242,-90.872757,-0.006500,0.271574,-100.569095
52.5855,short_2_forward,-0.028320,0.775345,-90.820588,-0.007579,0.265776,-100.516926
52.6371,short_2_forward,-0.028381,0.771245,-90.882340,-0.008329,0.261745,-100.578678
52.6815,short_2_forward,-0.028472,0.765348,-90.875072,-0.009411,0.255948,-100.571411
52.7376,short_2_forward,-0.028534,0.761375,-90.922132,-0.010142,0.252042,-100.618471
52.7854,short_2_forward,-0.028629,0.755403,-90.892202,-0.011241,0.246171,-100.588541
52.8398,short_2_forward,-0.028698,0.751227,-91.000973,-0.012013,0.242066,-100.697312
52.8855,short_2_forward,-0.028803,0.745179,-90.987989,-0.013135,0.236122,-100.684327
52.9396,short_2_forward,-0.028876,0.740927,-90.981821,-0.013923,0.231943,-100.678160
52.9817,short_2_forward,-0.028973,0.735233,-90.967867,-0.014977,0.226347,-100.664206
53.0433,short_2_forward,-0.029048,0.731108,-91.138055,-0.015747,0.222294,-100.834393
53.0849,short_2_forward,-0.029160,0.725212,-91.034837,-0.016850,0.216501,-100.731176
53.1326,short_2_forward,-0.029236,0.721011,-91.034038,-0.017633,0.212372,-100.730377
53.1928,short_2_forward,-0.029338,0.715241,-90.993959,-0.018705,0.206702,-100.690297
53.2337,short_2_forward,-0.029409,0.711192,-90.999006,-0.019456,0.202723,-100.695344
53.2826,short_2_forward,-0.029511,0.705067,-90.915343,-0.020589,0.196703,-100.611682
53.3359,short_2_forward,-0.029578,0.700942,-90.940786,-0.021349,0.192648,-100.637124
53.3871,short_2_forward,-0.029673,0.694995,-90.885543,-0.022445,0.186802,-100.581881
53.4339,short_2_forward,-0.029734,0.690971,-90.854793,-0.023183,0.182846,-100.551132
53.4847,short_2_forward,-0.029824,0.684922,-90.849650,-0.024290,0.176899,-100.545989
53.5358,short_2_forward,-0.029888,0.680899,-90.976576,-0.025031,0.172943,-100.672914
53.5817,short_2_forward,-0.029984,0.674926,-90.877558,-0.026132,0.167072,-100.573897
53.6370,short_2_forward,-0.030045,0.670953,-90.864547,-0.026861,0.163166,-100.560885
53.6807,short_2_forward,-0.030137,0.664854,-90.872320,-0.027979,0.157169,-100.568658
53.7359,short_2_forward,-0.030197,0.660880,-90.842315,-0.028707,0.153263,-100.538653
53.7824,short_2_forward,-0.030284,0.654958,-90.848851,-0.029791,0.147440,-100.545190
53.8340,short_2_forward,-0.030343,0.651010,-90.855770,-0.030513,0.143558,-100.552109
53.8951,short_2_forward,-0.030436,0.644860,-90.873413,-0.031641,0.137512,-100.569751
53.9366,short_2_forward,-0.030498,0.640862,-90.914243,-0.032376,0.133581,-100.610582
53.9836,short_2_forward,-0.030594,0.634839,-90.911436,-0.033485,0.127660,-100.607775
54.0390,short_2_stop,-0.030657,0.630992,-90.950061,-0.034194,0.123879,-100.646399
54.1406,short_2_stop,-0.030754,0.624994,-90.917460,-0.035301,0.117983,-100.613799
54.1605,short_2_stop,-0.030807,0.621755,-90.960668,-0.035899,0.114799,-100.657007
54.1875,short_2_stop,-0.030853,0.619072,-90.968311,-0.036395,0.112162,-100.664650
54.2375,short_2_stop,-0.030868,0.618186,-90.998801,-0.036559,0.111292,-100.695140
54.2848,short_2_stop,-0.030876,0.617731,-91.013541,-0.036644,0.110844,-100.709879
54.3344,short_2_stop,-0.030878,0.617604,-91.029639,-0.036667,0.110720,-100.725978
54.3844,short_2_stop,-0.030880,0.617503,-91.039605,-0.036686,0.110620,-100.735943
54.4353,short_2_stop,-0.030881,0.617452,-91.055806,-0.036696,0.110571,-100.752144
54.4808,short_2_stop,-0.030881,0.617427,-91.063866,-0.036700,0.110546,-100.760204
54.5433,short_2_stop,-0.030882,0.617402,-91.069774,-0.036705,0.110521,-100.766112
54.5816,short_2_stop,-0.030882,0.617377,-91.070539,-0.036710,0.110496,-100.766877
54.6370,short_2_stop,-0.030882,0.617377,-91.071946,-0.036710,0.110496,-100.768284
54.6851,short_2_stop,-0.030882,0.617377,-91.068203,-0.036710,0.110496,-100.764541
54.7333,short_2_stop,-0.030882,0.617377,-91.070088,-0.036710,0.110496,-100.766426
54.7860,short_2_stop,-0.030882,0.617377,-91.054228,-0.036710,0.110496,-100.750567
54.8375,short_2_stop,-0.030883,0.617351,-91.050512,-0.036715,0.110471,-100.746851
54.8889,short_2_stop,-0.030883,0.617326,-91.040014,-0.036719,0.110446,-100.736353
54.9333,short_2_stop,-0.030883,0.617326,-91.037480,-0.036719,0.110446,-100.733819
54.9871,short_2_stop,-0.030883,0.617326,-91.026641,-0.036719,0.110446,-100.722979
55.0369,short_2_turn_90,-0.030883,0.617326,-91.027515,-0.036719,0.110446,-100.723854
55.0833,short_2_turn_90,-0.030883,0.617326,-90.981828,-0.036719,0.110446,-100.678167
55.1326,short_2_turn_90,-0.030883,0.617351,-90.907277,-0.036715,0.110471,-100.603615
55.1845,short_2_turn_90,-0.030884,0.617250,-90.629056,-0.036733,0.110372,-100.325394
55.2390,short_2_turn_90,-0.030884,0.617225,-90.294049,-0.036737,0.110347,-99.990387
55.2809,short_2_turn_90,-0.030884,0.617199,-89.764388,-0.036742,0.110322,-99.460726
55.3367,short_2_turn_90,-0.030884,0.617149,-89.347029,-0.036750,0.110272,-99.043368
55.3824,short_2_turn_90,-0.030884,0.617149,-88.739067,-0.036750,0.110272,-98.435406
55.4368,short_2_turn_90,-0.030884,0.617149,-88.278583,-0.036750,0.110272,-97.974921
55.4876,short_2_turn_90,-0.030886,0.617199,-87.638744,-0.036743,0.110322,-97.335083
55.5363,short_2_turn_90,-0.030886,0.617199,-87.157475,-0.036743,0.110322,-96.853814
55.5845,short_2_turn_90,-0.030886,0.617199,-86.523005,-0.036743,0.110322,-96.219344
55.6374,short_2_turn_90,-0.030884,0.617174,-86.061606,-0.036746,0.110297,-95.757944
55.6848,short_2_turn_90,-0.030882,0.617149,-85.430353,-0.036748,0.110272,-95.126691
55.7299,short_2_turn_90,-0.030880,0.617124,-84.958469,-0.036750,0.110246,-94.654807
55.7820,short_2_turn_90,-0.030875,0.617073,-84.332905,-0.036754,0.110196,-94.029244
55.8317,short_2_turn_90,-0.030875,0.617073,-83.890193,-0.036754,0.110196,-93.586531
55.8897,short_2_turn_90,-0.030873,0.617048,-83.254255,-0.036756,0.110171,-92.950593
55.9303,short_2_turn_90,-0.030873,0.617048,-82.777610,-0.036756,0.110171,-92.473948
55.9844,short_2_turn_90,-0.030876,0.617073,-82.156711,-0.036755,0.110196,-91.853050
56.0349,short_2_turn_90,-0.030876,0.617073,-81.681221,-0.036755,0.110196,-91.377559
56.0867,short_2_turn_90,-0.030876,0.617073,-81.046444,-0.036755,0.110196,-90.742782
56.1351,short_2_turn_90,-0.030884,0.617123,-80.579061,-0.036754,0.110247,-90.275399
56.1823,short_2_turn_90,-0.030888,0.617148,-79.932938,-0.036754,0.110272,-89.629277
56.2360,short_2_turn_90,-0.030888,0.617148,-79.461922,-0.036754,0.110272,-89.158260
56.2868,short_2_turn_90,-0.030888,0.617148,-78.818450,-0.036754,0.110272,-88.514788
56.3540,short_2_turn_90,-0.030898,0.617198,-78.352337,-0.036756,0.110322,-88.048676
56.3875,short_2_turn_90,-0.030909,0.617247,-77.669059,-0.036758,0.110373,-87.365397
56.4311,short_2_turn_90,-0.030898,0.617198,-77.199449,-0.036755,0.110322,-86.895787
56.4890,short_2_turn_90,-0.030903,0.617223,-76.563668,-0.036757,0.110348,-86.260006
56.5337,short_2_turn_90,-0.030897,0.617198,-76.104645,-0.036755,0.110323,-85.800983
56.6007,short_2_turn_90,-0.030891,0.617173,-75.457273,-0.036753,0.110297,-85.153611
56.6347,short_2_turn_90,-0.030872,0.617100,-75.006214,-0.036746,0.110222,-84.702552
56.6850,short_2_turn_90,-0.030865,0.617076,-74.382454,-0.036744,0.110196,-84.078792
56.7305,short_2_turn_90,-0.030865,0.617076,-73.914189,-0.036744,0.110196,-83.610528
56.8003,short_2_turn_90,-0.030872,0.617100,-73.291870,-0.036747,0.110222,-82.988209
56.8353,short_2_turn_90,-0.030872,0.617100,-72.877059,-0.036747,0.110222,-82.573398
56.8830,short_2_turn_90,-0.030888,0.617148,-72.274159,-0.036754,0.110272,-81.970497
56.9322,short_2_turn_90,-0.030895,0.617172,-71.793853,-0.036757,0.110297,-81.490191
56.9886,short_2_turn_90,-0.030911,0.617220,-71.119016,-0.036765,0.110347,-80.815355
57.0311,short_2_turn_90,-0.030936,0.617292,-70.656107,-0.036777,0.110422,-80.352446
57.0880,short_2_turn_90,-0.030945,0.617316,-69.995116,-0.036782,0.110447,-79.691454
57.1304,short_2_turn_90,-0.030945,0.617316,-69.555880,-0.036782,0.110447,-79.252218
57.1860,short_2_turn_90,-0.030954,0.617339,-68.874999,-0.036787,0.110471,-78.571337
57.2308,short_2_turn_90,-0.030963,0.617363,-68.441828,-0.036792,0.110496,-78.138167
57.2904,short_2_turn_90,-0.030972,0.617386,-67.768372,-0.036797,0.110521,-77.464710
57.3436,short_2_turn_90,-0.030982,0.617410,-67.323849,-0.036803,0.110546,-77.020188
57.3859,short_2_turn_90,-0.030972,0.617387,-66.623659,-0.036797,0.110521,-76.319998
57.4318,short_2_turn_90,-0.030962,0.617363,-66.185598,-0.036791,0.110497,-75.881937
57.4856,short_2_turn_90,-0.030952,0.617340,-65.531512,-0.036785,0.110472,-75.227850
57.5333,short_2_turn_90,-0.030920,0.617271,-65.053440,-0.036765,0.110399,-74.749778
57.5847,short_2_turn_90,-0.030942,0.617317,-64.382940,-0.036778,0.110447,-74.079279
57.6345,short_2_turn_90,-0.030931,0.617294,-63.961620,-0.036771,0.110423,-73.657959
57.6853,short_2_turn_90,-0.030953,0.617340,-63.316161,-0.036786,0.110472,-73.012499
57.7315,short_2_turn_90,-0.030976,0.617385,-62.916485,-0.036801,0.110520,-72.612824
57.7860,short_2_turn_90,-0.031011,0.617452,-62.233350,-0.036824,0.110592,-71.929689
57.8366,short_2_turn_90,-0.031047,0.617519,-61.821824,-0.036848,0.110664,-71.518163
57.8826,short_2_turn_90,-0.031059,0.617542,-61.126279,-0.036856,0.110688,-70.822617
57.9298,short_2_turn_90,-0.031108,0.617630,-60.684875,-0.036890,0.110784,-70.381213
57.9835,short_2_turn_90,-0.031120,0.617652,-59.963678,-0.036898,0.110808,-69.660017
58.0344,short_2_turn_90,-0.031133,0.617674,-59.520775,-0.036907,0.110831,-69.217113
58.0826,short_2_turn_90,-0.031146,0.617696,-58.817211,-0.036916,0.110855,-68.513549
58.1345,short_2_turn_90,-0.031133,0.617674,-58.408933,-0.036907,0.110831,-68.105271
58.1828,short_2_turn_90,-0.031120,0.617652,-57.715095,-0.036897,0.110808,-67.411433
58.2310,short_2_turn_90,-0.031079,0.617588,-57.316826,-0.036868,0.110738,-67.013165
58.2855,short_2_turn_90,-0.031065,0.617567,-56.600582,-0.036858,0.110715,-66.296920
58.3367,short_2_turn_90,-0.031009,0.617483,-56.191962,-0.036817,0.110622,-65.888301
58.3857,short_2_turn_90,-0.031052,0.617546,-55.490188,-0.036848,0.110691,-65.186526
58.4395,short_2_turn_90,-0.031023,0.617504,-55.097196,-0.036827,0.110645,-64.793534
58.4866,short_2_turn_90,-0.031067,0.617566,-54.424572,-0.036860,0.110714,-64.120911
58.5487,short_2_turn_90,-0.031081,0.617587,-54.039374,-0.036871,0.110737,-63.735712
58.5831,short_2_turn_90,-0.031111,0.617627,-53.358127,-0.036893,0.110782,-63.054466
58.6356,short_2_turn_90,-0.031111,0.617627,-52.948452,-0.036893,0.110782,-62.644791
58.6870,short_2_turn_90,-0.031142,0.617668,-52.232454,-0.036917,0.110827,-61.928792
58.7303,short_2_turn_90,-0.031142,0.617668,-51.821051,-0.036917,0.110827,-61.517390
58.7825,short_2_turn_90,-0.031174,0.617707,-51.095272,-0.036941,0.110871,-60.791610
58.8349,short_2_turn_90,-0.031174,0.617707,-50.685829,-0.036941,0.110871,-60.382168
58.8858,short_2_turn_90,-0.031190,0.617727,-49.962987,-0.036954,0.110893,-59.659325
58.9326,short_2_turn_90,-0.031157,0.617688,-49.557407,-0.036928,0.110849,-59.253745
58.9852,short_2_turn_90,-0.031223,0.617765,-48.830204,-0.036981,0.110936,-58.526542
59.0347,short_2_turn_90,-0.031123,0.617651,-48.474293,-0.036901,0.110807,-58.170631
59.0882,short_2_turn_90,-0.031190,0.617726,-47.987519,-0.036955,0.110893,-57.683857
59.1349,short_2_turn_90,-0.031105,0.617633,-47.380178,-0.036886,0.110786,-57.076517
59.1909,short_2_turn_90,-0.031140,0.617670,-46.876981,-0.036914,0.110828,-56.573320
59.2352,short_2_turn_90,-0.031053,0.617578,-46.262128,-0.036844,0.110723,-55.958466
59.2827,short_2_turn_90,-0.031123,0.617651,-45.807626,-0.036901,0.110807,-55.503965
59.3356,short_2_turn_90,-0.031123,0.617651,-45.236479,-0.036901,0.110807,-54.932818
59.3848,short_2_turn_90,-0.031159,0.617687,-44.784081,-0.036930,0.110848,-54.480420
59.4328,short_2_turn_90,-0.031159,0.617687,-44.181300,-0.036930,0.110848,-53.877639
59.4818,short_2_turn_90,-0.031250,0.617774,-43.684780,-0.037005,0.110950,-53.381118
59.5344,short_2_turn_90,-0.031250,0.617774,-43.054059,-0.037005,0.110950,-52.750398
59.5893,short_2_turn_90,-0.031268,0.617792,-42.523805,-0.037021,0.110970,-52.220143
59.6304,short_2_turn_90,-0.031231,0.617758,-41.862762,-0.036989,0.110930,-51.559100
59.6887,short_2_turn_90,-0.031269,0.617791,-41.146528,-0.037021,0.110970,-50.842866
59.7333,short_2_turn_90,-0.031173,0.617708,-40.764413,-0.036941,0.110872,-50.460751
59.7876,short_2_turn_90,-0.031192,0.617725,-40.258897,-0.036957,0.110891,-49.955235
59.8410,short_2_turn_90,-0.031134,0.617676,-39.635355,-0.036908,0.110833,-49.331694
59.8874,short_2_turn_90,-0.031134,0.617676,-39.167644,-0.036908,0.110833,-48.863983
59.9298,short_2_turn_90,-0.031095,0.617644,-38.536917,-0.036874,0.110796,-48.233256
59.9838,short_2_turn_90,-0.031075,0.617628,-38.083502,-0.036857,0.110777,-47.779840
60.0314,short_2_turn_90,-0.031035,0.617597,-37.456412,-0.036823,0.110739,-47.152751
60.0855,short_2_turn_90,-0.030995,0.617567,-37.002843,-0.036789,0.110702,-46.699182
60.1343,short_2_turn_90,-0.031035,0.617597,-36.396739,-0.036824,0.110739,-46.093077
60.1951,short_2_turn_90,-0.031097,0.617642,-35.950997,-0.036876,0.110794,-45.647336
60.2304,short_2_turn_90,-0.031097,0.617642,-35.348073,-0.036876,0.110794,-45.044411
60.2860,short_2_turn_90,-0.031117,0.617656,-34.885030,-0.036894,0.110811,-44.581369
60.3325,short_2_turn_90,-0.031117,0.617656,-34.190335,-0.036894,0.110811,-43.886674
60.3847,short_2_turn_90,-0.031138,0.617671,-33.749802,-0.036913,0.110829,-43.446140
60.4304,short_2_turn_90,-0.031138,0.617671,-33.069325,-0.036913,0.110829,-42.765664
60.4860,short_2_turn_90,-0.031138,0.617671,-32.604406,-0.036913,0.110829,-42.300745
60.5358,short_2_turn_90,-0.031117,0.617657,-31.910206,-0.036894,0.110812,-41.606545
60.5865,short_2_turn_90,-0.031095,0.617644,-31.460189,-0.036875,0.110795,-41.156527
60.6339,short_2_turn_90,-0.031117,0.617657,-30.815291,-0.036894,0.110812,-40.511630
60.6845,short_2_turn_90,-0.031073,0.617631,-30.374662,-0.036855,0.110779,-40.071000
60.7315,short_2_turn_90,-0.031051,0.617618,-29.720186,-0.036836,0.110763,-39.416525
60.7860,short_2_turn_90,-0.030985,0.617581,-29.301699,-0.036777,0.110715,-38.998037
60.8349,short_2_turn_90,-0.030963,0.617569,-28.635212,-0.036757,0.110699,-38.331551
60.8839,short_2_turn_90,-0.030941,0.617557,-28.251327,-0.036737,0.110683,-37.947665
60.9331,short_2_turn_90,-0.030941,0.617557,-27.590812,-0.036737,0.110683,-37.287150
60.9858,short_2_turn_90,-0.030986,0.617580,-27.176590,-0.036778,0.110714,-36.872928
61.0313,short_2_turn_90,-0.031031,0.617603,-26.498839,-0.036819,0.110744,-36.195177
61.0850,short_2_turn_90,-0.031031,0.617603,-26.101188,-0.036819,0.110744,-35.797527
61.1351,short_2_turn_90,-0.031077,0.617625,-25.388759,-0.036860,0.110773,-35.085097
61.1881,short_2_turn_90,-0.031054,0.617614,-24.954768,-0.036839,0.110759,-34.651107
61.2363,short_2_turn_90,-0.031077,0.617625,-24.248988,-0.036860,0.110773,-33.945326
61.2843,short_2_turn_90,-0.031007,0.617594,-23.825721,-0.036797,0.110731,-33.522060
61.3401,short_2_turn_90,-0.031077,0.617624,-23.103302,-0.036860,0.110773,-32.799641
61.3847,short_2_turn_90,-0.031007,0.617594,-22.683346,-0.036796,0.110732,-32.379685
61.4325,short_2_turn_90,-0.031031,0.617604,-21.968391,-0.036818,0.110745,-31.664730
61.4852,short_2_turn_90,-0.030913,0.617557,-21.576927,-0.036710,0.110679,-31.273266
61.5335,short_2_turn_90,-0.030889,0.617548,-20.889247,-0.036688,0.110666,-30.585585
61.5841,short_2_turn_90,-0.030818,0.617521,-20.503155,-0.036623,0.110628,-30.199494
61.6305,short_2_turn_90,-0.030771,0.617504,-19.836558,-0.036579,0.110602,-29.532896
61.6849,short_2_turn_90,-0.030723,0.617486,-19.443313,-0.036535,0.110578,-29.139651
61.7318,short_2_turn_90,-0.030771,0.617503,-18.765324,-0.036579,0.110602,-28.461662
61.7816,short_2_turn_90,-0.030771,0.617503,-18.403916,-0.036579,0.110602,-28.100255
61.8357,short_2_turn_90,-0.030795,0.617511,-17.720518,-0.036601,0.110614,-27.416857
61.8815,short_2_turn_90,-0.030723,0.617488,-17.308781,-0.036534,0.110579,-27.005119
61.9363,short_2_turn_90,-0.030844,0.617525,-16.560552,-0.036647,0.110636,-26.256891
61.9828,short_2_turn_90,-0.030795,0.617511,-16.149522,-0.036602,0.110614,-25.845860
62.0390,short_2_turn_90,-0.030844,0.617524,-15.397512,-0.036647,0.110635,-25.093850
62.0822,short_2_turn_90,-0.030746,0.617498,-15.033508,-0.036555,0.110593,-24.729847
62.1347,short_2_turn_90,-0.030844,0.617523,-14.288735,-0.036648,0.110634,-23.985073
62.1811,short_2_turn_90,-0.030770,0.617505,-13.862510,-0.036578,0.110604,-23.558848
62.2303,short_2_turn_90,-0.030795,0.617511,-13.152995,-0.036601,0.110614,-22.849333
62.2815,short_2_turn_90,-0.030696,0.617488,-12.784071,-0.036508,0.110575,-22.480410
62.3340,short_2_turn_90,-0.030696,0.617488,-12.049801,-0.036508,0.110575,-21.746140
62.3817,short_2_turn_90,-0.030548,0.617457,-11.650579,-0.036367,0.110519,-21.346917
62.4308,short_2_turn_90,-0.030573,0.617462,-10.973338,-0.036390,0.110528,-20.669677
62.4815,short_2_turn_90,-0.030523,0.617453,-10.568614,-0.036343,0.110510,-20.264952
62.5348,short_2_turn_90,-0.030498,0.617448,-9.940539,-0.036319,0.110502,-19.636877
62.5846,short_2_turn_90,-0.030523,0.617452,-9.562020,-0.036343,0.110510,-19.258358
62.6426,short_2_turn_90,-0.030548,0.617456,-8.899648,-0.036367,0.110518,-18.595986
62.6871,short_2_turn_90,-0.030498,0.617449,-8.451134,-0.036319,0.110502,-18.147472
62.7356,short_2_turn_90,-0.030548,0.617456,-7.717959,-0.036367,0.110518,-17.414297
62.7842,short_2_turn_90,-0.030548,0.617456,-7.297391,-0.036367,0.110518,-16.993729
62.8423,short_2_turn_90,-0.030598,0.617462,-6.580079,-0.036416,0.110532,-16.276418
62.8863,short_2_turn_90,-0.030573,0.617459,-6.148139,-0.036391,0.110525,-15.844477
62.9361,short_2_turn_stop,-0.030573,0.617459,-5.456113,-0.036391,0.110525,-15.152451
62.9813,short_2_turn_stop,-0.030548,0.617457,-5.033300,-0.036367,0.110519,-14.729639
63.0348,short_2_turn_stop,-0.030497,0.617453,-4.722515,-0.036318,0.110506,-14.418854
63.0845,short_2_turn_stop,-0.030472,0.617451,-4.485761,-0.036293,0.110500,-14.182100
63.1300,short_2_turn_stop,-0.030472,0.617451,-4.369269,-0.036293,0.110500,-14.065608
63.1862,short_2_turn_stop,-0.030472,0.617451,-4.336956,-0.036293,0.110500,-14.033295
63.2313,short_2_turn_stop,-0.030472,0.617451,-4.272490,-0.036293,0.110500,-13.968828
63.2854,short_2_turn_stop,-0.030472,0.617451,-4.241028,-0.036293,0.110500,-13.937366
63.3303,short_2_turn_stop,-0.030497,0.617452,-4.204337,-0.036318,0.110506,-13.900675
63.3871,short_2_turn_stop,-0.030523,0.617454,-4.191978,-0.036342,0.110512,-13.888317
63.4319,short_2_turn_stop,-0.030497,0.617452,-4.190528,-0.036318,0.110506,-13.886867
63.4893,short_2_turn_stop,-0.030497,0.617452,-4.157504,-0.036318,0.110506,-13.853842
63.5504,short_2_turn_stop,-0.030447,0.617449,-4.136480,-0.036269,0.110494,-13.832819
63.5881,short_2_turn_stop,-0.030447,0.617449,-4.106956,-0.036269,0.110494,-13.803295
63.6367,short_2_turn_stop,-0.030422,0.617447,-4.083313,-0.036244,0.110488,-13.779652
63.6812,short_2_turn_stop,-0.030472,0.617451,-4.055866,-0.036293,0.110500,-13.752204
63.7334,short_2_turn_stop,-0.030472,0.617451,-4.048965,-0.036293,0.110500,-13.745303
63.7886,short_2_turn_stop,-0.030472,0.617451,-4.041238,-0.036293,0.110500,-13.737577
63.8362,short_2_turn_stop,-0.030472,0.617451,-4.041593,-0.036293,0.110500,-13.737931
63.8841,short_2_turn_stop,-0.030472,0.617451,-4.037225,-0.036293,0.110500,-13.733563
63.9406,short_2_turn_stop,-0.030447,0.617449,-4.036977,-0.036269,0.110494,-13.733315
