elapsed_sec,phase,odom_x_m,odom_y_m,odom_yaw_deg,relative_x_m,relative_y_m,relative_yaw_deg
0.0049,long_1_forward,-0.447362,0.976648,-155.515703,-0.000111,0.000000,0.000000
0.0149,long_1_forward,-0.447470,0.976599,-155.535223,0.000008,-0.000000,-0.019519
0.0484,long_1_forward,-0.447501,0.976585,-155.536070,0.000043,0.000000,-0.020366
0.1149,long_1_forward,-0.447542,0.976566,-155.571280,0.000087,-0.000000,-0.055577
0.1483,long_1_forward,-0.447552,0.976562,-155.579876,0.000098,-0.000000,-0.064173
0.2123,long_1_forward,-0.447995,0.976360,-155.601772,0.000585,-0.000000,-0.086069
0.2452,long_1_forward,-0.450039,0.975431,-155.648038,0.002830,-0.000002,-0.132335
0.3125,long_1_forward,-0.453132,0.974031,-155.564195,0.006225,-0.000010,-0.048491
0.3537,long_1_forward,-0.456893,0.972322,-155.495427,0.010356,-0.000013,0.020276
0.4123,long_1_forward,-0.461194,0.970361,-155.435330,0.015083,-0.000011,0.080374
0.4484,long_1_forward,-0.465660,0.968321,-155.369983,0.019994,-0.000005,0.145720
0.5129,long_1_forward,-0.470325,0.966179,-155.238673,0.025126,0.000011,0.277030
0.5483,long_1_forward,-0.474929,0.964062,-155.228682,0.030194,0.000030,0.287021
0.6137,long_1_forward,-0.479659,0.961872,-155.194544,0.035406,0.000062,0.321159
0.6455,long_1_forward,-0.484160,0.959798,-155.043111,0.040361,0.000084,0.472592
0.7126,long_1_forward,-0.488871,0.957595,-155.014421,0.045562,0.000136,0.501283
0.7485,long_1_forward,-0.493387,0.955501,-155.117242,0.050540,0.000171,0.398461
0.8128,long_1_forward,-0.498086,0.953313,-155.098445,0.055724,0.000215,0.417258
0.8459,long_1_forward,-0.502555,0.951246,-155.098445,0.060647,0.000244,0.417258
0.9169,long_1_forward,-0.507221,0.949072,-155.108028,0.065794,0.000288,0.407675
0.9486,long_1_forward,-0.511709,0.946996,-155.136949,0.070739,0.000317,0.378754
1.0127,long_1_forward,-0.516314,0.944855,-155.182171,0.075818,0.000357,0.333532
1.0497,long_1_forward,-0.520816,0.942778,-155.164372,0.080775,0.000382,0.351331
1.1189,long_1_forward,-0.525441,0.940632,-155.115714,0.085873,0.000418,0.399989
1.1485,long_1_forward,-0.529866,0.938586,-155.025029,0.090749,0.000446,0.490675
1.2123,long_1_forward,-0.534526,0.936407,-155.126200,0.095892,0.000498,0.389504
1.2487,long_1_forward,-0.538971,0.934351,-155.362520,0.100790,0.000526,0.153183
1.3167,long_1_forward,-0.543594,0.932231,-155.286841,0.105876,0.000540,0.228863
1.3457,long_1_forward,-0.548029,0.930192,-155.254026,0.110757,0.000558,0.261678
1.4161,long_1_forward,-0.552827,0.927978,-155.358901,0.116041,0.000585,0.156803
1.4484,long_1_forward,-0.557187,0.925978,-155.374344,0.120839,0.000598,0.141359
1.5135,long_1_forward,-0.561887,0.923824,-155.448413,0.126008,0.000610,0.067290
1.5466,long_1_forward,-0.566207,0.921848,-155.455130,0.130759,0.000618,0.060573
1.6136,long_1_forward,-0.571065,0.919632,-155.525223,0.136098,0.000621,-0.009519
1.6487,long_1_forward,-0.575520,0.917600,-155.516994,0.140995,0.000624,-0.001290
1.7129,long_1_forward,-0.580364,0.915398,-155.578003,0.146316,0.000620,-0.062299
1.7518,long_1_forward,-0.584888,0.913339,-155.523981,0.151286,0.000619,-0.008278
1.8138,long_1_forward,-0.589774,0.911118,-155.432533,0.156654,0.000615,0.083170
1.8490,long_1_forward,-0.594330,0.909034,-155.377131,0.161664,0.000624,0.138573
1.9158,long_1_forward,-0.599397,0.906712,-155.272038,0.167238,0.000637,0.243666
1.9484,long_1_forward,-0.603787,0.904693,-155.161687,0.172069,0.000655,0.354017
2.0120,long_1_forward,-0.608674,0.902425,-155.238711,0.177457,0.000693,0.276992
2.0487,long_1_forward,-0.613048,0.900411,-155.199722,0.182272,0.000714,0.315982
2.1137,long_1_forward,-0.617907,0.898162,-155.148518,0.187626,0.000747,0.367186
2.1456,long_1_forward,-0.622388,0.896091,-155.126612,0.192562,0.000774,0.389092
2.2123,long_1_forward,-0.627128,0.893888,-155.147400,0.197789,0.000815,0.368303
2.2486,long_1_forward,-0.631661,0.891794,-155.066261,0.202782,0.000842,0.449442
2.3131,long_1_forward,-0.636379,0.889592,-155.148860,0.207989,0.000890,0.366843
2.3485,long_1_forward,-0.640926,0.887492,-155.219558,0.212997,0.000917,0.296145
2.4121,long_1_forward,-0.645803,0.885237,-155.126679,0.218370,0.000948,0.389025
2.4479,long_1_forward,-0.650241,0.883185,-155.079920,0.223260,0.000977,0.435784
2.5124,long_1_forward,-0.655083,0.880929,-155.141173,0.228602,0.001023,0.374530
2.5680,long_1_forward,-0.659480,0.878896,-155.210105,0.233445,0.001051,0.305598
2.6128,long_1_forward,-0.664359,0.876640,-155.116602,0.238820,0.001082,0.399101
2.6528,long_1_forward,-0.668834,0.874569,-154.974182,0.243752,0.001112,0.541521
2.7123,long_1_forward,-0.673599,0.872336,-155.109988,0.249014,0.001169,0.405715
2.7483,long_1_forward,-0.678009,0.870294,-155.133505,0.253873,0.001200,0.382198
2.8162,long_1_forward,-0.682733,0.868101,-155.008196,0.259082,0.001238,0.507508
2.8493,long_1_forward,-0.687236,0.866009,-154.976141,0.264046,0.001276,0.539562
2.9138,long_1_forward,-0.692057,0.863751,-155.012165,0.269369,0.001332,0.503538
2.9518,long_1_forward,-0.696514,0.861680,-155.019514,0.274284,0.001371,0.496189
3.0156,long_1_forward,-0.701267,0.859460,-155.038692,0.279530,0.001421,0.477011
3.0452,long_1_forward,-0.705700,0.857401,-155.095381,0.284418,0.001457,0.420322
3.1123,long_1_forward,-0.710450,0.855192,-155.127149,0.289656,0.001499,0.388554
3.1486,long_1_forward,-0.714955,0.853106,-155.117575,0.294620,0.001530,0.398129
3.2145,long_1_forward,-0.719668,0.850917,-155.279132,0.299817,0.001569,0.236571
3.2498,long_1_forward,-0.724021,0.848912,-155.333562,0.304610,0.001590,0.182142
3.3144,long_1_forward,-0.728763,0.846737,-155.406623,0.309826,0.001604,0.109081
3.3522,long_1_forward,-0.733129,0.844734,-155.427300,0.314629,0.001617,0.088403
3.4123,long_1_forward,-0.738169,0.842434,-155.494163,0.320170,0.001621,0.021541
3.4484,long_1_forward,-0.742412,0.840494,-155.598488,0.324836,0.001629,-0.082785
3.5123,long_1_forward,-0.747236,0.838314,-155.636499,0.330129,0.001613,-0.120796
3.5484,long_1_forward,-0.751551,0.836352,-155.680340,0.334869,0.001610,-0.164636
3.6127,long_1_forward,-0.756217,0.834252,-155.796388,0.339986,0.001588,-0.280685
3.6518,long_1_forward,-0.760670,0.832239,-155.839804,0.344872,0.001574,-0.324101
3.7123,long_1_forward,-0.765469,0.830098,-155.802207,0.350127,0.001534,-0.286503
3.7484,long_1_forward,-0.769904,0.828095,-155.705641,0.354993,0.001519,-0.189938
3.8128,long_1_forward,-0.774772,0.825905,-155.723137,0.360332,0.001494,-0.207434
3.8457,long_1_forward,-0.779211,0.823895,-155.920573,0.365205,0.001484,-0.404869
3.9130,long_1_forward,-0.784053,0.821744,-155.934004,0.370503,0.001435,-0.418301
3.9486,long_1_forward,-0.788598,0.819701,-155.859958,0.375485,0.001410,-0.344254
4.0123,long_1_forward,-0.793379,0.817570,-155.882736,0.380719,0.001368,-0.367032
4.0483,long_1_forward,-0.797900,0.815534,-155.946368,0.385678,0.001348,-0.430665
4.1123,long_1_forward,-0.802940,0.813297,-155.777646,0.391192,0.001294,-0.261943
4.1519,long_1_forward,-0.807312,0.811323,-155.741314,0.395989,0.001279,-0.225610
4.2130,long_1_forward,-0.812289,0.809085,-155.686341,0.401446,0.001253,-0.170637
4.2485,long_1_forward,-0.816719,0.807081,-155.854657,0.406308,0.001241,-0.338953
4.3128,long_1_forward,-0.821403,0.804988,-155.905394,0.411438,0.001205,-0.389691
4.3518,long_1_forward,-0.825933,0.802953,-155.878569,0.416404,0.001179,-0.362865
4.4140,long_1_forward,-0.830721,0.800818,-155.876258,0.421647,0.001138,-0.360555
4.4494,long_1_forward,-0.835267,0.798773,-155.859401,0.426631,0.001115,-0.343698
4.5123,long_1_forward,-0.840189,0.796576,-155.850012,0.432021,0.001074,-0.334309
4.5521,long_1_forward,-0.844596,0.794592,-155.892359,0.436854,0.001054,-0.376655
4.6128,long_1_forward,-0.849539,0.792388,-155.838152,0.442266,0.001011,-0.322449
4.6486,long_1_forward,-0.853920,0.790417,-155.821317,0.447070,0.000988,-0.305613
4.7141,long_1_forward,-0.858666,0.788291,-155.855076,0.452270,0.000956,-0.339373
4.7498,long_1_forward,-0.863136,0.786282,-155.878357,0.457171,0.000932,-0.362654
4.8132,long_1_forward,-0.867964,0.784126,-155.795909,0.462458,0.000893,-0.280205
4.8457,long_1_forward,-0.872513,0.782077,-155.720636,0.467447,0.000873,-0.204932
4.9122,long_1_forward,-0.877360,0.779894,-155.843165,0.472763,0.000851,-0.327461
4.9487,long_1_forward,-0.881848,0.777875,-155.729805,0.477685,0.000829,-0.214101
5.0137,long_1_forward,-0.886695,0.775692,-155.720001,0.483000,0.000806,-0.204297
5.0484,long_1_forward,-0.891208,0.773654,-155.774036,0.487952,0.000791,-0.258332
5.1159,long_1_forward,-0.896176,0.771422,-155.698824,0.493399,0.000763,-0.183121
5.1452,long_1_forward,-0.900527,0.769456,-155.747169,0.498173,0.000749,-0.231466
5.2138,long_1_forward,-0.905413,0.767257,-155.777773,0.503531,0.000725,-0.262070
5.2485,long_1_forward,-0.909873,0.765247,-155.787995,0.508423,0.000706,-0.272292
5.3224,long_1_forward,-0.914826,0.763024,-155.831736,0.513852,0.000676,-0.316033
5.3480,long_1_forward,-0.919124,0.761091,-155.877259,0.518565,0.000655,-0.361556
5.4179,long_1_forward,-0.924077,0.758878,-155.943583,0.523989,0.000615,-0.427880
5.4478,long_1_forward,-0.928414,0.756935,-155.864966,0.528741,0.000587,-0.349263
5.5174,long_1_forward,-0.933451,0.754684,-155.891341,0.534258,0.000548,-0.375637
5.5458,long_1_forward,-0.937808,0.752728,-156.008223,0.539034,0.000522,-0.492520
5.6158,long_1_forward,-0.942893,0.750474,-156.031118,0.544596,0.000466,-0.515414
5.6497,long_1_forward,-0.947174,0.748561,-156.017833,0.549284,0.000432,-0.502129
5.7145,long_1_forward,-0.952252,0.746310,-156.049925,0.554839,0.000376,-0.534221
5.7485,long_1_forward,-0.956689,0.744330,-156.042846,0.559698,0.000339,-0.527143
5.8123,long_1_forward,-0.961930,0.742011,-156.145501,0.565428,0.000278,-0.629797
5.8502,long_1_forward,-0.966253,0.740087,-156.133726,0.570160,0.000237,-0.618023
5.9132,long_1_forward,-0.971504,0.737775,-156.106502,0.575898,0.000165,-0.590798
5.9761,long_1_forward,-0.975836,0.735847,-156.053348,0.580639,0.000124,-0.537645
6.0124,long_1_forward,-0.980936,0.733589,-156.079570,0.586216,0.000066,-0.563866
6.0453,long_1_forward,-0.985487,0.731561,-156.061394,0.591199,0.000025,-0.545691
6.1140,long_1_forward,-0.990694,0.729259,-155.959227,0.596891,-0.000038,-0.443524
6.1487,long_1_forward,-0.995201,0.727242,-155.910914,0.601829,-0.000071,-0.395210
6.2126,long_1_forward,-1.000464,0.724893,-156.122540,0.607592,-0.000114,-0.606837
6.2513,long_1_forward,-1.004895,0.722921,-156.114705,0.612442,-0.000156,-0.599001
6.3150,long_1_forward,-1.010279,0.720546,-155.949118,0.618326,-0.000226,-0.433414
6.3471,long_1_forward,-1.014666,0.718585,-155.893208,0.623132,-0.000259,-0.377505
6.4125,long_1_forward,-1.019864,0.716261,-155.901517,0.628825,-0.000298,-0.385814
6.4456,long_1_forward,-1.024175,0.714330,-155.842649,0.633549,-0.000328,-0.326946
6.5150,long_1_forward,-1.029332,0.712018,-155.857341,0.639200,-0.000361,-0.341638
6.5502,long_1_forward,-1.033763,0.710031,-155.809132,0.644056,-0.000389,-0.293429
6.6177,long_1_forward,-1.038848,0.707746,-155.853167,0.649631,-0.000417,-0.337464
6.6491,long_1_forward,-1.043308,0.705746,-155.915629,0.654518,-0.000445,-0.399926
6.7134,long_1_forward,-1.048584,0.703391,-155.826994,0.660296,-0.000488,-0.311291
6.7493,long_1_forward,-1.053007,0.701405,-155.859071,0.665144,-0.000514,-0.343367
6.8123,long_1_forward,-1.058269,0.699048,-155.838568,0.670910,-0.000550,-0.322864
6.8485,long_1_forward,-1.062670,0.697073,-155.836462,0.675734,-0.000577,-0.320758
6.9123,long_1_forward,-1.067825,0.694761,-155.778642,0.681383,-0.000608,-0.262938
6.9459,long_1_forward,-1.072227,0.692782,-155.646137,0.686209,-0.000632,-0.130433
7.0141,long_1_forward,-1.077454,0.690411,-155.782698,0.691949,-0.000640,-0.266995
7.0487,long_1_forward,-1.081897,0.688414,-155.820933,0.696821,-0.000664,-0.305229
7.1121,long_1_forward,-1.087065,0.686093,-155.830030,0.702486,-0.000694,-0.314327
7.1504,long_1_forward,-1.091469,0.684116,-155.835642,0.707313,-0.000721,-0.319938
7.2145,long_1_forward,-1.096646,0.681794,-155.846380,0.712987,-0.000753,-0.330677
7.2493,long_1_forward,-1.100999,0.679842,-155.846381,0.717757,-0.000780,-0.330677
7.3125,long_1_forward,-1.106089,0.677559,-155.891724,0.723336,-0.000812,-0.376021
7.3487,long_1_forward,-1.110398,0.675629,-155.981664,0.728058,-0.000842,-0.465961
7.4124,long_1_forward,-1.115492,0.673364,-156.044644,0.733632,-0.000891,-0.528941
7.4502,long_1_forward,-1.119845,0.671424,-156.083519,0.738398,-0.000929,-0.567815
7.5123,long_1_forward,-1.125014,0.669138,-156.299741,0.744049,-0.000992,-0.784038
7.5464,long_1_forward,-1.129342,0.667226,-156.372115,0.748780,-0.001046,-0.856412
7.6253,long_1_forward,-1.134369,0.665042,-156.369677,0.754260,-0.001140,-0.853974
7.6521,long_1_forward,-1.138644,0.663157,-156.328721,0.758932,-0.001197,-0.813018
7.7131,long_1_forward,-1.143785,0.660915,-156.356120,0.764540,-0.001288,-0.840416
7.7518,long_1_forward,-1.148082,0.659022,-156.484124,0.769235,-0.001346,-0.968420
7.8124,long_1_forward,-1.153175,0.656821,-156.527269,0.774783,-0.001453,-1.011566
7.8452,long_1_forward,-1.157605,0.654880,-156.557739,0.779619,-0.001523,-1.042036
7.9123,long_1_forward,-1.162797,0.652647,-156.579225,0.785269,-0.001642,-1.063522
7.9495,long_1_forward,-1.167159,0.650740,-156.658895,0.790029,-0.001714,-1.143192
8.0130,long_1_stop,-1.172542,0.648435,-156.584510,0.795884,-0.001848,-1.068806
8.0483,long_1_stop,-1.176923,0.646522,-156.582158,0.800664,-0.001923,-1.066454
8.1134,long_1_stop,-1.182398,0.644165,-156.575448,0.806622,-0.002047,-1.059745
8.1457,long_1_stop,-1.186368,0.642437,-156.775095,0.810952,-0.002119,-1.259391
8.2122,long_1_stop,-1.190326,0.640763,-156.691203,0.815248,-0.002237,-1.175499
8.2488,long_1_stop,-1.191670,0.640185,-156.730477,0.816711,-0.002268,-1.214773
8.3123,long_1_stop,-1.192650,0.639770,-156.772154,0.817774,-0.002296,-1.256451
8.3518,long_1_stop,-1.192902,0.639662,-156.786782,0.818049,-0.002301,-1.271078
8.4125,long_1_stop,-1.193105,0.639575,-156.773302,0.818269,-0.002306,-1.257598
8.4486,long_1_stop,-1.193178,0.639543,-156.772786,0.818349,-0.002308,-1.257083
8.5275,long_1_stop,-1.193266,0.639504,-156.772786,0.818445,-0.002309,-1.257083
8.5452,long_1_stop,-1.193347,0.639469,-156.789102,0.818533,-0.002311,-1.273399
8.6127,long_1_stop,-1.193393,0.639448,-156.770524,0.818584,-0.002311,-1.254821
8.6491,long_1_stop,-1.193415,0.639439,-156.777325,0.818608,-0.002311,-1.261622
8.7189,long_1_stop,-1.193409,0.639441,-156.758745,0.818601,-0.002311,-1.243042
8.7453,long_1_stop,-1.193427,0.639432,-156.744157,0.818622,-0.002311,-1.228454
8.8126,long_1_stop,-1.193437,0.639428,-156.741906,0.818633,-0.002310,-1.226203
8.8487,long_1_stop,-1.193455,0.639419,-156.732761,0.818653,-0.002310,-1.217057
8.9125,long_1_stop,-1.193466,0.639414,-156.732194,0.818664,-0.002310,-1.216491
8.9482,long_1_stop,-1.193483,0.639406,-156.717563,0.818684,-0.002310,-1.201860
9.0124,long_1_turn_90,-1.193484,0.639406,-156.713601,0.818684,-0.002310,-1.197898
9.0454,long_1_turn_90,-1.193493,0.639402,-156.711747,0.818694,-0.002310,-1.196043
9.1122,long_1_turn_90,-1.193494,0.639401,-156.712904,0.818695,-0.002310,-1.197200
9.1484,long_1_turn_90,-1.193503,0.639397,-156.705638,0.818705,-0.002310,-1.189935
9.2128,long_1_turn_90,-1.193527,0.639386,-156.619897,0.818732,-0.002310,-1.104194
9.2457,long_1_turn_90,-1.193551,0.639376,-156.417272,0.818758,-0.002310,-0.901568
9.3140,long_1_turn_90,-1.193585,0.639361,-155.984401,0.818795,-0.002311,-0.468697
9.3496,long_1_turn_90,-1.193596,0.639356,-155.549278,0.818806,-0.002311,-0.033574
9.4135,long_1_turn_90,-1.193595,0.639357,-155.040778,0.818806,-0.002312,0.474926
9.4484,long_1_turn_90,-1.193595,0.639357,-154.542979,0.818806,-0.002312,0.972725
9.5153,long_1_turn_90,-1.193583,0.639365,-154.097561,0.818791,-0.002314,1.418142
9.5487,long_1_turn_90,-1.193585,0.639366,-153.478661,0.818792,-0.002315,2.037043
9.6136,long_1_turn_90,-1.193573,0.639372,-152.999167,0.818779,-0.002317,2.516537
9.6486,long_1_turn_90,-1.193565,0.639379,-152.350304,0.818769,-0.002319,3.165400
9.7126,long_1_turn_90,-1.193576,0.639376,-151.821016,0.818781,-0.002322,3.694688
9.7483,long_1_turn_90,-1.193588,0.639372,-151.190782,0.818793,-0.002322,4.324921
9.8121,long_1_turn_90,-1.193577,0.639379,-150.672637,0.818780,-0.002324,4.843066
9.8471,long_1_turn_90,-1.193570,0.639387,-150.059248,0.818770,-0.002329,5.456456
9.9161,long_1_turn_90,-1.193571,0.639390,-149.560975,0.818770,-0.002331,5.954728
9.9453,long_1_turn_90,-1.193596,0.639381,-148.895635,0.818796,-0.002334,6.620068
10.0132,long_1_turn_90,-1.193629,0.639362,-148.363753,0.818834,-0.002331,7.151950
10.0489,long_1_turn_90,-1.193664,0.639346,-147.754318,0.818873,-0.002330,7.761385
10.1122,long_1_turn_90,-1.193708,0.639321,-147.278193,0.818924,-0.002326,8.237511
10.1488,long_1_turn_90,-1.193752,0.639297,-146.663498,0.818973,-0.002322,8.852205
10.2126,long_1_turn_90,-1.193763,0.639287,-146.164081,0.818988,-0.002317,9.351623
10.2575,long_1_turn_90,-1.193757,0.639297,-145.570003,0.818978,-0.002324,9.945700
10.3122,long_1_turn_90,-1.193724,0.639316,-145.082514,0.818940,-0.002328,10.433189
10.3525,long_1_turn_90,-1.193699,0.639344,-144.484953,0.818905,-0.002343,11.030751
10.4135,long_1_turn_90,-1.193667,0.639364,-143.945201,0.818868,-0.002348,11.570502
10.4483,long_1_turn_90,-1.193680,0.639373,-143.341406,0.818876,-0.002362,12.174298
10.5124,long_1_turn_90,-1.193667,0.639369,-142.787752,0.818867,-0.002352,12.727951
10.5487,long_1_turn_90,-1.193661,0.639393,-142.184470,0.818850,-0.002372,13.331233
10.6122,long_1_turn_90,-1.193681,0.639376,-141.631334,0.818876,-0.002364,13.884370
10.6502,long_1_turn_90,-1.193671,0.639384,-141.020832,0.818864,-0.002368,14.494872
10.7132,long_1_turn_90,-1.193652,0.639404,-140.461899,0.818839,-0.002378,15.053805
10.7484,long_1_turn_90,-1.193670,0.639402,-139.838472,0.818855,-0.002383,15.677231
10.8162,long_1_turn_90,-1.193689,0.639383,-139.292973,0.818880,-0.002374,16.222730
10.8455,long_1_turn_90,-1.193735,0.639360,-138.679296,0.818932,-0.002372,16.836407
10.9155,long_1_turn_90,-1.193771,0.639319,-138.151470,0.818981,-0.002350,17.364233
10.9459,long_1_turn_90,-1.193784,0.639315,-137.549989,0.818995,-0.002351,17.965715
11.0122,long_1_turn_90,-1.193804,0.639299,-137.038385,0.819020,-0.002346,18.477318
11.0487,long_1_turn_90,-1.193824,0.639285,-136.512763,0.819044,-0.002341,19.002940
11.1145,long_1_turn_90,-1.193812,0.639289,-136.000618,0.819032,-0.002339,19.515086
11.1458,long_1_turn_90,-1.193778,0.639325,-135.445463,0.818985,-0.002359,20.070240
11.2517,long_1_turn_90,-1.193754,0.639357,-134.918710,0.818950,-0.002377,20.596993
11.2604,long_1_turn_90,-1.193748,0.639370,-134.323958,0.818940,-0.002387,21.191746
11.3124,long_1_turn_90,-1.193750,0.639372,-133.768120,0.818940,-0.002389,21.747583
11.3490,long_1_turn_90,-1.193751,0.639374,-133.178452,0.818941,-0.002392,22.337252
11.4216,long_1_turn_90,-1.193753,0.639376,-132.606780,0.818941,-0.002394,22.908923
11.4518,long_1_turn_90,-1.193754,0.639377,-132.040951,0.818942,-0.002396,23.474753
11.5156,long_1_turn_90,-1.193766,0.639372,-131.482527,0.818955,-0.002396,24.033176
11.5482,long_1_turn_90,-1.193763,0.639370,-130.901137,0.818953,-0.002393,24.614567
11.6357,long_1_turn_90,-1.193778,0.639370,-130.339922,0.818966,-0.002399,25.175781
11.6486,long_1_turn_90,-1.193801,0.639341,-129.768462,0.819000,-0.002382,25.747241
11.7244,long_1_turn_90,-1.193838,0.639308,-129.230952,0.819047,-0.002368,26.284752
11.7471,long_1_turn_90,-1.193866,0.639269,-128.675161,0.819088,-0.002343,26.840543
11.8127,long_1_turn_90,-1.193893,0.639242,-128.159383,0.819124,-0.002330,27.356320
11.8498,long_1_turn_90,-1.193894,0.639229,-127.615995,0.819130,-0.002319,27.899708
11.9122,long_1_turn_90,-1.193889,0.639244,-127.095303,0.819120,-0.002330,28.420400
11.9478,long_1_turn_90,-1.193880,0.639253,-126.551409,0.819108,-0.002335,28.964295
12.0126,long_1_turn_90,-1.193866,0.639276,-126.015502,0.819086,-0.002350,29.500202
12.0465,long_1_turn_90,-1.193833,0.639313,-125.444992,0.819040,-0.002370,30.070711
12.1125,long_1_turn_90,-1.193827,0.639347,-124.904480,0.819021,-0.002399,30.611224
12.1512,long_1_turn_90,-1.193823,0.639344,-124.319420,0.819018,-0.002395,31.196284
12.2128,long_1_turn_90,-1.193819,0.639359,-123.789406,0.819009,-0.002406,31.726297
12.2492,long_1_turn_90,-1.193811,0.639368,-123.216536,0.818997,-0.002411,32.299167
12.3184,long_1_turn_90,-1.193807,0.639384,-122.702389,0.818987,-0.002424,32.813314
12.3517,long_1_turn_90,-1.193817,0.639376,-122.081150,0.819000,-0.002421,33.434554
12.4136,long_1_turn_90,-1.193832,0.639354,-121.543622,0.819022,-0.002407,33.972081
12.4484,long_1_turn_90,-1.193827,0.639352,-120.971663,0.819019,-0.002404,34.544041
12.5125,long_1_turn_90,-1.193841,0.639351,-120.441153,0.819032,-0.002408,35.074550
12.5483,long_1_turn_90,-1.193867,0.639310,-119.905604,0.819072,-0.002382,35.610100
12.6141,long_1_turn_90,-1.193902,0.639257,-119.396223,0.819126,-0.002348,36.119481
12.6483,long_1_turn_90,-1.193922,0.639211,-118.861477,0.819164,-0.002314,36.654226
12.7134,long_1_turn_90,-1.193927,0.639198,-118.373070,0.819173,-0.002304,37.142634
12.7474,long_1_turn_90,-1.193910,0.639217,-117.842259,0.819150,-0.002315,37.673445
12.8129,long_1_turn_90,-1.193912,0.639237,-117.352820,0.819144,-0.002334,38.162884
12.8489,long_1_turn_90,-1.193924,0.639216,-116.775252,0.819164,-0.002320,38.740451
12.9352,long_1_turn_90,-1.193921,0.639211,-116.232772,0.819162,-0.002314,39.282932
12.9505,long_1_turn_90,-1.193910,0.639234,-115.729886,0.819144,-0.002330,39.785817
13.0125,long_1_turn_90,-1.193908,0.639249,-115.060121,0.819135,-0.002343,40.455582
13.0518,long_1_turn_90,-1.193909,0.639250,-114.536104,0.819136,-0.002344,40.979599
13.1126,long_1_turn_90,-1.193918,0.639241,-113.857079,0.819147,-0.002340,41.658624
13.1499,long_1_turn_90,-1.193920,0.639229,-113.356003,0.819155,-0.002330,42.159700
13.2132,long_1_turn_90,-1.193944,0.639201,-112.707277,0.819188,-0.002314,42.808427
13.2487,long_1_turn_90,-1.193958,0.639153,-112.184532,0.819220,-0.002276,43.331171
13.3177,long_1_turn_90,-1.193968,0.639129,-111.582748,0.819239,-0.002259,43.932956
13.3484,long_1_turn_90,-1.193978,0.639107,-111.092960,0.819258,-0.002243,44.422744
13.4184,long_1_turn_90,-1.193988,0.639083,-110.475686,0.819277,-0.002225,45.040017
13.4453,long_1_turn_90,-1.193997,0.639060,-109.995244,0.819295,-0.002208,45.520459
13.5161,long_1_turn_90,-1.194007,0.639036,-109.402719,0.819313,-0.002190,46.112985
13.5455,long_1_turn_90,-1.194008,0.639024,-108.909706,0.819320,-0.002179,46.605998
13.6158,long_1_turn_90,-1.194016,0.639014,-108.304516,0.819330,-0.002174,47.211187
13.6483,long_1_turn_90,-1.194017,0.639002,-107.757057,0.819337,-0.002163,47.758646
13.7162,long_1_turn_90,-1.194024,0.638992,-107.151321,0.819348,-0.002157,48.364382
13.7476,long_1_turn_90,-1.194019,0.638990,-106.618190,0.819343,-0.002153,48.897514
13.8151,long_1_turn_90,-1.194019,0.639005,-105.986685,0.819337,-0.002167,49.529019
13.8458,long_1_turn_90,-1.194012,0.639016,-105.436350,0.819327,-0.002174,50.079353
13.9133,long_1_turn_90,-1.194013,0.639031,-104.807743,0.819321,-0.002188,50.707960
13.9475,long_1_turn_90,-1.194020,0.639021,-104.264961,0.819331,-0.002182,51.250743
14.0152,long_1_turn_90,-1.194020,0.639006,-103.635820,0.819338,-0.002169,51.879883
14.0485,long_1_turn_90,-1.194040,0.638974,-103.114679,0.819369,-0.002147,52.401025
14.1284,long_1_turn_90,-1.194039,0.638929,-102.499281,0.819387,-0.002107,53.016422
14.1457,long_1_turn_90,-1.194058,0.638897,-102.019762,0.819418,-0.002085,53.495942
14.2162,long_1_turn_90,-1.194045,0.638874,-101.411901,0.819416,-0.002058,54.103803
14.2485,long_1_turn_90,-1.194054,0.638889,-100.901903,0.819417,-0.002076,54.613800
14.3376,long_1_turn_90,-1.194048,0.638885,-100.314294,0.819413,-0.002070,55.201410
14.3486,long_1_turn_90,-1.194044,0.638909,-99.817887,0.819399,-0.002090,55.697816
14.4212,long_1_turn_90,-1.194051,0.638914,-99.219270,0.819404,-0.002097,56.296434
14.4455,long_1_turn_90,-1.194044,0.638912,-98.759860,0.819399,-0.002093,56.755843
14.5149,long_1_turn_90,-1.194036,0.638949,-98.130480,0.819376,-0.002123,57.385224
14.5489,long_1_turn_90,-1.194045,0.638964,-97.647315,0.819378,-0.002140,57.868389
14.6153,long_1_turn_90,-1.194044,0.638949,-96.998421,0.819383,-0.002127,58.517283
14.6499,long_1_turn_90,-1.194049,0.638938,-96.493113,0.819392,-0.002118,59.022590
14.7253,long_1_turn_90,-1.194047,0.638923,-95.823219,0.819397,-0.002104,59.692484
14.7487,long_1_turn_90,-1.194043,0.638935,-95.345505,0.819388,-0.002113,60.170198
14.8209,long_1_turn_90,-1.194050,0.638938,-94.689238,0.819393,-0.002119,60.826466
14.8489,long_1_turn_90,-1.194053,0.638913,-94.169403,0.819406,-0.002097,61.346300
14.9137,long_1_turn_90,-1.194050,0.638899,-93.544406,0.819410,-0.002084,61.971298
14.9518,long_1_turn_90,-1.194063,0.638865,-93.086421,0.819436,-0.002058,62.429283
15.0185,long_1_turn_90,-1.194055,0.638822,-92.445415,0.819446,-0.002015,63.070288
15.0466,long_1_turn_90,-1.194060,0.638810,-91.998140,0.819455,-0.002006,63.517564
15.1210,long_1_turn_90,-1.194061,0.638784,-91.364357,0.819467,-0.001983,64.151347
15.1580,long_1_turn_90,-1.194058,0.638771,-90.898331,0.819469,-0.001970,64.617373
15.2201,long_1_turn_90,-1.194054,0.638783,-90.287985,0.819462,-0.001979,65.227719
15.2718,long_1_turn_90,-1.194051,0.638819,-89.851675,0.819443,-0.002011,65.664028
15.3139,long_1_turn_90,-1.194052,0.638871,-89.214550,0.819423,-0.002059,66.301153
15.3458,long_1_turn_90,-1.194053,0.638921,-88.752087,0.819403,-0.002105,66.763616
15.4136,long_1_turn_90,-1.194061,0.638949,-88.076465,0.819398,-0.002134,67.439239
15.4494,long_1_turn_90,-1.194058,0.638961,-87.618590,0.819391,-0.002143,67.897114
15.5156,long_1_turn_90,-1.194062,0.638976,-86.905705,0.819389,-0.002158,68.609999
15.5484,long_1_turn_90,-1.194066,0.638964,-86.425943,0.819397,-0.002149,69.089761
15.6143,long_1_turn_90,-1.194056,0.638973,-85.766333,0.819384,-0.002153,69.749370
15.6518,long_1_turn_90,-1.194062,0.639012,-85.278407,0.819374,-0.002191,70.237296
15.7162,long_1_turn_90,-1.194073,0.639002,-84.617626,0.819387,-0.002186,70.898077
15.7486,long_1_turn_90,-1.194065,0.638964,-84.188936,0.819397,-0.002149,71.326767
15.8186,long_1_turn_90,-1.194063,0.638938,-83.536121,0.819405,-0.002124,71.979583
15.8484,long_1_turn_90,-1.194056,0.638937,-83.083760,0.819399,-0.002121,72.431944
15.9197,long_1_turn_90,-1.194061,0.638951,-82.444540,0.819398,-0.002135,73.071164
15.9456,long_1_turn_90,-1.194059,0.638963,-82.006211,0.819392,-0.002146,73.509493
16.0269,long_1_turn_90,-1.194065,0.638977,-81.359955,0.819391,-0.002160,74.155748
16.0493,long_1_turn_90,-1.194064,0.638989,-80.915179,0.819385,-0.002171,74.600525
16.1133,long_1_turn_90,-1.194065,0.639038,-80.267658,0.819365,-0.002216,75.248046
16.1488,long_1_turn_90,-1.194081,0.639088,-79.798740,0.819359,-0.002268,75.716963
16.2150,long_1_turn_90,-1.194086,0.639113,-79.162306,0.819353,-0.002293,76.353397
16.2498,long_1_turn_90,-1.194092,0.639125,-78.654168,0.819354,-0.002307,76.861535
16.3142,long_1_turn_90,-1.194092,0.639126,-77.980051,0.819354,-0.002307,77.535653
16.3485,long_1_turn_90,-1.194089,0.639163,-77.505754,0.819336,-0.002340,78.009949
16.4133,long_1_turn_90,-1.194110,0.639190,-76.840247,0.819343,-0.002373,78.675456
16.4485,long_1_turn_90,-1.194102,0.639202,-76.324200,0.819331,-0.002381,79.191503
16.5146,long_1_turn_90,-1.194116,0.639228,-75.696207,0.819333,-0.002410,79.819496
16.5485,long_1_turn_90,-1.194117,0.639216,-75.190098,0.819339,-0.002399,80.325606
16.6124,long_1_turn_90,-1.194109,0.639203,-74.563692,0.819338,-0.002384,80.952011
16.6514,long_1_turn_90,-1.194111,0.639165,-74.068690,0.819354,-0.002351,81.447013
16.7182,long_1_turn_90,-1.194088,0.639114,-73.435688,0.819355,-0.002294,82.080015
16.7565,long_1_turn_90,-1.194081,0.639128,-72.956098,0.819343,-0.002304,82.559605
16.8155,long_1_turn_90,-1.194097,0.639165,-72.318524,0.819341,-0.002345,83.197180
16.8548,long_1_turn_90,-1.194105,0.639213,-71.817085,0.819329,-0.002392,83.698618
16.9134,long_1_turn_stop,-1.194129,0.639240,-71.217370,0.819340,-0.002426,84.298333
16.9486,long_1_turn_stop,-1.194122,0.639254,-70.702200,0.819328,-0.002436,84.813504
17.0204,long_1_turn_stop,-1.194140,0.639303,-70.062808,0.819324,-0.002489,85.452896
17.0485,long_1_turn_stop,-1.194157,0.639350,-69.604026,0.819320,-0.002538,85.911677
17.1128,long_1_turn_stop,-1.194174,0.639386,-69.186393,0.819321,-0.002578,86.329310
17.1480,long_1_turn_stop,-1.194183,0.639397,-68.969166,0.819324,-0.002592,86.546537
17.2158,long_1_turn_stop,-1.194184,0.639409,-68.828566,0.819320,-0.002603,86.687137
17.2497,long_1_turn_stop,-1.194190,0.639407,-68.785349,0.819326,-0.002604,86.730354
17.3167,long_1_turn_stop,-1.194184,0.639418,-68.767835,0.819316,-0.002611,86.747869
17.3549,long_1_turn_stop,-1.194199,0.639438,-68.750855,0.819321,-0.002636,86.764848
17.4132,long_1_turn_stop,-1.194200,0.639450,-68.750855,0.819318,-0.002647,86.764848
17.4484,long_1_turn_stop,-1.194208,0.639461,-68.742021,0.819320,-0.002660,86.773682
17.5149,long_1_turn_stop,-1.194208,0.639461,-68.742021,0.819320,-0.002661,86.773682
17.5484,long_1_turn_stop,-1.194208,0.639461,-68.735995,0.819320,-0.002661,86.779708
17.6174,long_1_turn_stop,-1.194208,0.639461,-68.735995,0.819320,-0.002661,86.779708
17.6499,long_1_turn_stop,-1.194210,0.639474,-68.729979,0.819317,-0.002672,86.785724
17.7127,long_1_turn_stop,-1.194219,0.639498,-68.720495,0.819315,-0.002698,86.795209
17.7485,long_1_turn_stop,-1.194226,0.639508,-68.711998,0.819317,-0.002711,86.803705
17.8142,long_1_turn_stop,-1.194224,0.639496,-68.705828,0.819320,-0.002699,86.809876
17.8487,long_1_turn_stop,-1.194215,0.639473,-68.687917,0.819321,-0.002674,86.827787
17.9138,long_1_turn_stop,-1.194208,0.639461,-68.678654,0.819320,-0.002660,86.837050
17.9486,long_1_turn_stop,-1.194208,0.639461,-68.678654,0.819320,-0.002660,86.837050
18.0196,short_1_forward,-1.194208,0.639461,-68.678654,0.819320,-0.002660,86.837050
18.0465,short_1_forward,-1.194208,0.639461,-68.678654,0.819320,-0.002660,86.837050
18.1162,short_1_forward,-1.194166,0.639265,-68.574480,0.819363,-0.002464,86.941224
18.1487,short_1_forward,-1.193772,0.637762,-68.466109,0.819627,-0.000934,87.049594
18.2154,short_1_forward,-1.192729,0.635155,-68.372101,0.819759,0.001871,87.143603
18.2453,short_1_forward,-1.191470,0.631512,-68.368885,0.820123,0.005708,87.146818
18.3311,short_1_forward,-1.189686,0.627310,-68.305375,0.820241,0.010272,87.210328
18.3460,short_1_forward,-1.188074,0.622898,-68.334167,0.820603,0.014955,87.181537
18.4148,short_1_forward,-1.186113,0.618337,-68.413064,0.820708,0.019919,87.102640
18.4455,short_1_forward,-1.184445,0.613770,-68.462348,0.821082,0.024767,87.053356
18.5301,short_1_forward,-1.182410,0.608997,-68.556995,0.821209,0.029954,86.958708
18.5488,short_1_forward,-1.180776,0.604516,-68.575868,0.821578,0.034709,86.939836
18.6311,short_1_forward,-1.178807,0.599835,-68.671931,0.821727,0.039785,86.843772
18.6517,short_1_forward,-1.177116,0.595205,-68.680000,0.822107,0.044700,86.835703
18.7125,short_1_forward,-1.175144,0.590490,-68.717382,0.822267,0.049808,86.798322
18.7484,short_1_forward,-1.173464,0.585875,-68.697991,0.822650,0.054704,86.817713
18.8160,short_1_forward,-1.171500,0.581163,-68.719430,0.822816,0.059807,86.796273
18.8489,short_1_forward,-1.169811,0.576532,-68.733109,0.823198,0.064721,86.782594
18.9124,short_1_forward,-1.167779,0.571622,-68.613920,0.823384,0.070032,86.901784
18.9484,short_1_forward,-1.166100,0.567056,-68.490626,0.823748,0.074882,87.025077
19.0215,short_1_forward,-1.164083,0.562215,-68.501205,0.823918,0.080124,87.014499
19.0751,short_1_forward,-1.162348,0.557581,-68.602122,0.824259,0.085061,86.913581
19.1132,short_1_forward,-1.160393,0.552849,-68.448090,0.824442,0.090178,87.067613
19.1495,short_1_forward,-1.158642,0.548154,-68.466078,0.824794,0.095176,87.049626
19.2197,short_1_forward,-1.156646,0.543384,-68.447186,0.824955,0.100344,87.068517
19.2636,short_1_forward,-1.154932,0.538790,-68.486279,0.825299,0.105236,87.029424
19.3128,short_1_forward,-1.152934,0.533961,-68.469006,0.825482,0.110458,87.046698
19.3484,short_1_forward,-1.151194,0.529350,-68.451456,0.825809,0.115376,87.064248
19.4152,short_1_forward,-1.149217,0.524538,-68.377130,0.826004,0.120574,87.138573
19.4459,short_1_forward,-1.147451,0.519920,-68.299949,0.826311,0.125509,87.215754
19.5126,short_1_forward,-1.145504,0.515208,-68.230565,0.826492,0.130604,87.285138
19.5486,short_1_forward,-1.143703,0.510508,-68.221783,0.826801,0.135628,87.293920
19.6133,short_1_forward,-1.141716,0.505750,-68.098939,0.826965,0.140781,87.416764
19.6522,short_1_forward,-1.139945,0.501145,-68.128931,0.827261,0.145706,87.386772
19.7257,short_1_forward,-1.137906,0.496263,-68.165101,0.827428,0.150994,87.350603
19.7473,short_1_forward,-1.136159,0.491726,-68.173622,0.827719,0.155847,87.342082
19.8128,short_1_forward,-1.134145,0.486885,-68.100552,0.827893,0.161088,87.415151
19.8480,short_1_forward,-1.132401,0.482368,-68.064606,0.828177,0.165921,87.451098
19.9129,short_1_forward,-1.130365,0.477486,-68.032494,0.828348,0.171208,87.483209
19.9518,short_1_forward,-1.128592,0.472928,-68.067683,0.828623,0.176091,87.448021
20.0148,short_1_forward,-1.126569,0.468077,-68.021802,0.828793,0.181345,87.493901
20.0530,short_1_forward,-1.124809,0.463551,-68.032867,0.829066,0.186193,87.482837
20.1128,short_1_forward,-1.122781,0.458689,-68.012580,0.829236,0.191458,87.503124
20.1453,short_1_forward,-1.121008,0.454140,-68.112236,0.829508,0.196333,87.403467
20.2125,short_1_forward,-1.118980,0.449248,-68.071898,0.829690,0.201625,87.443806
20.2487,short_1_forward,-1.117248,0.444811,-67.971336,0.829953,0.206381,87.544367
20.3122,short_1_forward,-1.115264,0.440051,-67.981147,0.830120,0.211536,87.534556
20.3483,short_1_forward,-1.113502,0.435549,-68.182456,0.830382,0.216363,87.333247
20.4152,short_1_forward,-1.111489,0.430651,-68.126960,0.830580,0.221655,87.388743
20.4455,short_1_forward,-1.109746,0.426192,-68.160373,0.830842,0.226436,87.355331
20.5125,short_1_forward,-1.107775,0.421395,-68.259824,0.831036,0.231618,87.255879
20.5500,short_1_forward,-1.106043,0.416941,-68.363198,0.831306,0.236389,87.152505
20.6161,short_1_forward,-1.104075,0.412081,-68.528536,0.831529,0.241628,86.987167
20.6510,short_1_forward,-1.102351,0.407612,-68.784712,0.831812,0.246409,86.730991
20.7142,short_1_forward,-1.100436,0.402749,-68.804386,0.832084,0.251628,86.711317
20.7495,short_1_forward,-1.098701,0.398205,-68.829367,0.832389,0.256483,86.686336
20.8125,short_1_forward,-1.096767,0.393282,-68.755901,0.832669,0.261765,86.759803
20.8493,short_1_forward,-1.095009,0.388686,-68.747555,0.832974,0.266676,86.768149
20.9124,short_1_forward,-1.093047,0.383716,-68.675397,0.833248,0.272013,86.840307
20.9484,short_1_forward,-1.091303,0.379177,-68.703595,0.833542,0.276866,86.812109
21.0166,short_1_forward,-1.089314,0.374136,-68.645202,0.833821,0.282278,86.870501
21.0454,short_1_forward,-1.087557,0.369587,-68.612908,0.834107,0.287146,86.902795
21.1151,short_1_forward,-1.085602,0.364651,-68.587819,0.834374,0.292448,86.927884
21.1484,short_1_forward,-1.083836,0.360093,-68.518791,0.834656,0.297329,86.996913
21.2125,short_1_forward,-1.081872,0.355162,-68.529917,0.834912,0.302630,86.985786
21.2455,short_1_forward,-1.080064,0.350503,-68.431279,0.835198,0.307619,87.084425
21.3128,short_1_forward,-1.078095,0.345597,-68.276788,0.835439,0.312901,87.238915
21.3485,short_1_forward,-1.076304,0.341019,-68.407865,0.835707,0.317809,87.107838
21.4133,short_1_forward,-1.074292,0.336007,-68.356647,0.835952,0.323204,87.159057
21.4484,short_1_forward,-1.072533,0.331507,-68.297156,0.836216,0.328028,87.218548
21.5159,short_1_forward,-1.070495,0.326451,-68.187449,0.836457,0.333475,87.328254
21.5512,short_1_forward,-1.068709,0.321919,-68.042627,0.836710,0.338339,87.473076
21.6141,short_1_forward,-1.066577,0.316711,-68.074235,0.836928,0.343963,87.441468
21.6490,short_1_forward,-1.064754,0.312093,-68.076369,0.837183,0.348920,87.439335
21.7587,short_1_forward,-1.062572,0.306764,-68.020270,0.837406,0.354675,87.495433
21.7674,short_1_forward,-1.060795,0.302274,-67.996452,0.837649,0.359498,87.519251
21.8132,short_1_forward,-1.058645,0.297043,-67.920730,0.837861,0.365149,87.594973
21.8489,short_1_forward,-1.056878,0.292598,-67.910965,0.838095,0.369926,87.604739
21.9142,short_1_forward,-1.054712,0.287347,-67.952269,0.838300,0.375603,87.563434
21.9483,short_1_forward,-1.052934,0.282877,-67.860727,0.838534,0.380408,87.654976
22.0167,short_1_stop,-1.050773,0.277650,-67.831200,0.838734,0.386060,87.684504
22.0462,short_1_stop,-1.048988,0.273191,-67.802166,0.838958,0.390858,87.713537
22.1190,short_1_stop,-1.046941,0.268262,-67.829614,0.839137,0.396192,87.686090
22.1496,short_1_stop,-1.045737,0.265296,-67.837339,0.839271,0.399391,87.678365
22.2338,short_1_stop,-1.044741,0.262922,-67.828292,0.839348,0.401965,87.687412
22.2533,short_1_stop,-1.044482,0.262288,-67.797714,0.839375,0.402649,87.717989
22.3136,short_1_stop,-1.044316,0.261892,-67.819183,0.839388,0.403078,87.696521
22.3490,short_1_stop,-1.044294,0.261839,-67.808031,0.839391,0.403135,87.707673
22.4171,short_1_stop,-1.044291,0.261829,-67.818796,0.839392,0.403145,87.696907
22.4453,short_1_stop,-1.044291,0.261824,-67.806143,0.839394,0.403150,87.709561
22.5183,short_1_stop,-1.044294,0.261830,-67.806143,0.839394,0.403143,87.709561
22.5455,short_1_stop,-1.044288,0.261811,-67.799338,0.839396,0.403163,87.716365
22.6244,short_1_stop,-1.044284,0.261801,-67.788094,0.839397,0.403174,87.727610
22.6453,short_1_stop,-1.044283,0.261796,-67.781183,0.839398,0.403179,87.734520
22.7170,short_1_stop,-1.044286,0.261801,-67.781183,0.839399,0.403173,87.734520
22.7637,short_1_stop,-1.044285,0.261796,-67.781183,0.839400,0.403178,87.734520
22.8240,short_1_stop,-1.044287,0.261801,-67.781183,0.839400,0.403172,87.734520
22.8468,short_1_stop,-1.044281,0.261783,-67.781183,0.839402,0.403191,87.734520
22.9159,short_1_stop,-1.044277,0.261772,-67.769969,0.839403,0.403203,87.745735
22.9453,short_1_stop,-1.044276,0.261768,-67.769969,0.839404,0.403207,87.745735
23.0186,short_1_turn_90,-1.044278,0.261772,-67.769969,0.839404,0.403203,87.745735
23.0537,short_1_turn_90,-1.044277,0.261768,-67.769969,0.839405,0.403207,87.745735
23.1189,short_1_turn_90,-1.044279,0.261772,-67.769969,0.839405,0.403202,87.745735
23.1460,short_1_turn_90,-1.044278,0.261768,-67.759075,0.839405,0.403206,87.756629
23.2122,short_1_turn_90,-1.044265,0.261734,-67.675620,0.839408,0.403242,87.840083
23.2490,short_1_turn_90,-1.044218,0.261616,-67.505176,0.839414,0.403369,88.010527
23.3182,short_1_turn_90,-1.044168,0.261497,-67.173798,0.839418,0.403499,88.341905
23.3485,short_1_turn_90,-1.044120,0.261379,-66.857115,0.839423,0.403626,88.658589
23.4123,short_1_turn_90,-1.044070,0.261261,-66.338334,0.839426,0.403754,89.177370
23.4504,short_1_turn_90,-1.044050,0.261215,-65.918716,0.839427,0.403804,89.596987
23.5126,short_1_turn_90,-1.044036,0.261180,-65.388051,0.839429,0.403841,90.127652
23.5484,short_1_turn_90,-1.044021,0.261146,-64.842891,0.839429,0.403878,90.672812
23.6155,short_1_turn_90,-1.044012,0.261122,-64.179635,0.839431,0.403904,91.336069
23.6528,short_1_turn_90,-1.044007,0.261111,-63.705963,0.839432,0.403917,91.809740
23.7126,short_1_turn_90,-1.044005,0.261099,-63.108005,0.839434,0.403928,92.407698
23.7478,short_1_turn_90,-1.044000,0.261088,-62.538778,0.839435,0.403941,92.976926
23.8125,short_1_turn_90,-1.044008,0.261099,-61.954153,0.839437,0.403928,93.561550
23.8494,short_1_turn_90,-1.044011,0.261095,-61.424962,0.839441,0.403930,94.090741
23.9174,short_1_turn_90,-1.044015,0.261105,-60.871513,0.839441,0.403918,94.644190
23.9727,short_1_turn_90,-1.044036,0.261135,-60.347047,0.839448,0.403883,95.168656
24.0490,short_1_turn_90,-1.044052,0.261157,-59.786978,0.839453,0.403856,95.728726
24.0592,short_1_turn_90,-1.044061,0.261164,-59.250488,0.839458,0.403846,96.265215
24.1124,short_1_turn_90,-1.044074,0.261186,-58.725324,0.839461,0.403820,96.790379
24.1503,short_1_turn_90,-1.044096,0.261215,-58.198691,0.839469,0.403785,97.317013
24.2135,short_1_turn_90,-1.044108,0.261225,-57.683941,0.839475,0.403771,97.831762
24.2478,short_1_turn_90,-1.044099,0.261199,-57.141727,0.839478,0.403798,98.373977
24.3193,short_1_turn_90,-1.044073,0.261155,-56.625333,0.839473,0.403849,98.890370
24.3476,short_1_turn_90,-1.044065,0.261147,-56.096374,0.839468,0.403860,99.419329
24.4191,short_1_turn_90,-1.044066,0.261135,-55.566486,0.839475,0.403870,99.949218
24.4461,short_1_turn_90,-1.044052,0.261116,-54.991737,0.839470,0.403893,100.523967
24.5160,short_1_turn_90,-1.044060,0.261126,-54.428833,0.839473,0.403881,101.086870
24.5484,short_1_turn_90,-1.044071,0.261133,-53.867913,0.839480,0.403870,101.647791
24.6170,short_1_turn_90,-1.044079,0.261143,-53.343162,0.839484,0.403857,102.172542
24.6484,short_1_turn_90,-1.044102,0.261173,-52.820977,0.839492,0.403821,102.694727
24.7156,short_1_turn_90,-1.044131,0.261202,-52.290931,0.839506,0.403782,103.224772
24.7487,short_1_turn_90,-1.044148,0.261220,-51.749439,0.839514,0.403759,103.766265
24.8155,short_1_turn_90,-1.044161,0.261228,-51.255937,0.839522,0.403746,104.259766
24.8484,short_1_turn_90,-1.044169,0.261238,-50.715935,0.839525,0.403734,104.799768
24.9127,short_1_turn_90,-1.044181,0.261245,-50.226275,0.839534,0.403722,105.289429
24.9484,short_1_turn_90,-1.044177,0.261233,-49.634274,0.839535,0.403735,105.881430
25.0176,short_1_turn_90,-1.044174,0.261233,-49.141674,0.839533,0.403736,106.374030
25.0486,short_1_turn_90,-1.044186,0.261239,-48.591441,0.839541,0.403726,106.924262
25.1124,short_1_turn_90,-1.044170,0.261206,-48.108289,0.839540,0.403762,107.407415
25.1485,short_1_turn_90,-1.044135,0.261172,-47.526343,0.839522,0.403807,107.989360
25.2125,short_1_turn_90,-1.044126,0.261163,-47.053414,0.839518,0.403820,108.462290
25.2486,short_1_turn_90,-1.044121,0.261151,-46.462104,0.839519,0.403833,109.053600
25.3123,short_1_turn_90,-1.044112,0.261142,-45.978220,0.839514,0.403845,109.537484
25.3485,short_1_turn_90,-1.044114,0.261140,-45.348142,0.839516,0.403846,110.167561
25.4123,short_1_turn_90,-1.044122,0.261149,-44.844511,0.839520,0.403834,110.671192
25.4489,short_1_turn_90,-1.044148,0.261176,-44.240096,0.839532,0.403798,111.275607
25.5126,short_1_turn_90,-1.044187,0.261211,-43.777720,0.839553,0.403751,111.737983
25.5485,short_1_turn_90,-1.044210,0.261223,-43.201735,0.839570,0.403730,112.313968
25.6155,short_1_turn_90,-1.044219,0.261232,-42.714526,0.839574,0.403718,112.801177
25.6488,short_1_turn_90,-1.044246,0.261258,-42.124843,0.839587,0.403683,113.390861
25.7180,short_1_turn_90,-1.044279,0.261282,-41.684121,0.839608,0.403649,113.831583
25.7493,short_1_turn_90,-1.044299,0.261297,-41.073018,0.839619,0.403626,114.442685
25.8129,short_1_turn_90,-1.044313,0.261303,-40.620893,0.839630,0.403615,114.894810
25.8525,short_1_turn_90,-1.044306,0.261291,-40.001066,0.839629,0.403628,115.514638
25.9124,short_1_turn_90,-1.044295,0.261284,-39.538755,0.839622,0.403640,115.976949
25.9483,short_1_turn_90,-1.044281,0.261262,-38.938122,0.839618,0.403665,116.577581
26.0125,short_1_turn_90,-1.044250,0.261239,-38.432572,0.839599,0.403699,117.083132
26.0487,short_1_turn_90,-1.044239,0.261233,-37.808873,0.839592,0.403710,117.706830
26.1125,short_1_turn_90,-1.044225,0.261212,-37.317999,0.839587,0.403734,118.197704
26.1463,short_1_turn_90,-1.044210,0.261211,-36.669047,0.839574,0.403742,118.846656
26.2133,short_1_turn_90,-1.044216,0.261206,-36.186628,0.839582,0.403743,119.329076
26.2485,short_1_turn_90,-1.044213,0.261210,-35.526656,0.839578,0.403741,119.989047
26.3136,short_1_turn_90,-1.044259,0.261252,-35.031519,0.839602,0.403684,120.484184
26.3486,short_1_turn_90,-1.044317,0.261279,-34.407519,0.839643,0.403635,121.108184
26.4154,short_1_turn_90,-1.044347,0.261302,-33.943986,0.839662,0.403602,121.571718
26.4484,short_1_turn_90,-1.044383,0.261320,-33.305534,0.839686,0.403570,122.210170
26.5192,short_1_turn_90,-1.044430,0.261362,-32.844336,0.839712,0.403513,122.671368
26.5497,short_1_turn_90,-1.044483,0.261378,-32.205601,0.839753,0.403476,123.310103
26.6184,short_1_turn_90,-1.044508,0.261404,-31.720490,0.839766,0.403442,123.795213
26.6522,short_1_turn_90,-1.044546,0.261415,-31.092746,0.839796,0.403416,124.422957
26.7156,short_1_turn_90,-1.044547,0.261415,-30.605875,0.839797,0.403416,124.909828
26.7456,short_1_turn_90,-1.044521,0.261387,-29.968921,0.839785,0.403452,125.546782
26.8236,short_1_turn_90,-1.044498,0.261391,-29.457256,0.839761,0.403458,126.058448
26.8487,short_1_turn_90,-1.044506,0.261379,-28.835584,0.839774,0.403466,126.680119
26.9139,short_1_turn_90,-1.044469,0.261362,-28.298280,0.839748,0.403496,127.217423
26.9492,short_1_turn_90,-1.044439,0.261341,-27.642102,0.839729,0.403528,127.873601
27.0135,short_1_turn_90,-1.044411,0.261333,-27.075284,0.839706,0.403547,128.440419
27.0660,short_1_turn_90,-1.044402,0.261324,-26.449410,0.839702,0.403559,129.066293
27.1211,short_1_turn_90,-1.044415,0.261344,-25.893696,0.839706,0.403535,129.622008
27.1487,short_1_turn_90,-1.044445,0.261343,-25.262472,0.839734,0.403524,130.253232
27.2143,short_1_turn_90,-1.044477,0.261379,-24.746296,0.839748,0.403477,130.769407
27.2454,short_1_turn_90,-1.044543,0.261390,-24.139713,0.839803,0.403440,131.375990
27.3174,short_1_turn_90,-1.044562,0.261405,-23.641495,0.839814,0.403419,131.874208
27.3460,short_1_turn_90,-1.044589,0.261409,-23.055598,0.839837,0.403405,132.460105
27.4135,short_1_turn_90,-1.044589,0.261408,-22.511379,0.839838,0.403405,133.004324
27.4504,short_1_turn_90,-1.044590,0.261407,-21.923583,0.839838,0.403405,133.592120
27.5175,short_1_turn_90,-1.044581,0.261399,-21.394008,0.839834,0.403416,134.121696
27.5495,short_1_turn_90,-1.044578,0.261405,-20.822758,0.839828,0.403412,134.692945
27.6157,short_1_turn_90,-1.044564,0.261384,-20.241963,0.839824,0.403437,135.273740
27.6517,short_1_turn_90,-1.044534,0.261388,-19.671010,0.839796,0.403446,135.844693
27.7130,short_1_turn_90,-1.044559,0.261396,-19.085499,0.839816,0.403429,136.430205
27.7519,short_1_turn_90,-1.044572,0.261396,-18.543893,0.839827,0.403423,136.971811
27.8141,short_1_turn_90,-1.044553,0.261382,-17.928651,0.839815,0.403444,137.587052
27.8483,short_1_turn_90,-1.044536,0.261387,-17.323543,0.839798,0.403446,138.192160
27.9125,short_1_turn_90,-1.044532,0.261374,-16.747793,0.839799,0.403460,138.767911
27.9486,short_1_turn_90,-1.044505,0.261373,-16.177496,0.839776,0.403472,139.338208
28.0182,short_1_turn_90,-1.044516,0.261379,-15.581561,0.839783,0.403462,139.934142
28.0490,short_1_turn_90,-1.044550,0.261392,-15.024844,0.839809,0.403436,140.490859
28.1141,short_1_turn_90,-1.044591,0.261398,-14.500369,0.839843,0.403413,141.015334
28.1487,short_1_turn_90,-1.044658,0.261430,-13.928579,0.839891,0.403357,141.587125
28.2244,short_1_turn_90,-1.044722,0.261423,-13.394800,0.839953,0.403336,142.120904
28.2485,short_1_turn_90,-1.044731,0.261435,-12.836018,0.839955,0.403321,142.679685
28.3320,short_1_turn_90,-1.044709,0.261405,-12.282042,0.839948,0.403358,143.233662
28.3511,short_1_turn_90,-1.044654,0.261414,-11.693227,0.839894,0.403373,143.822476
28.4155,short_1_turn_90,-1.044606,0.261379,-11.122592,0.839865,0.403424,144.393112
28.4478,short_1_turn_90,-1.044549,0.261396,-10.535834,0.839806,0.403432,144.979869
28.5323,short_1_turn_90,-1.044547,0.261378,-10.022068,0.839812,0.403450,145.493636
28.5522,short_1_turn_90,-1.044552,0.261403,-9.441601,0.839806,0.403425,146.074103
28.6220,short_1_turn_90,-1.044579,0.261382,-8.903411,0.839839,0.403432,146.612293
28.6571,short_1_turn_90,-1.044585,0.261408,-8.344505,0.839834,0.403407,147.171198
28.8643,short_1_turn_90,-1.044604,0.261382,-7.849824,0.839862,0.403422,147.665880
28.8754,short_1_turn_90,-1.044612,0.261415,-7.311880,0.839856,0.403389,148.203824
28.8837,short_1_turn_90,-1.044656,0.261391,-6.802072,0.839905,0.403393,148.713631
28.8878,short_1_turn_90,-1.044662,0.261417,-6.208650,0.839900,0.403367,149.307054
28.9145,short_1_turn_90,-1.044711,0.261403,-5.763662,0.839950,0.403359,149.752041
28.9638,short_1_turn_90,-1.044732,0.261419,-5.210434,0.839963,0.403335,150.305269
29.0267,short_1_turn_90,-1.044755,0.261403,-4.735306,0.839990,0.403341,150.780398
29.0540,short_1_turn_90,-1.044729,0.261408,-4.150229,0.839965,0.403347,151.365474
29.1144,short_1_turn_90,-1.044684,0.261391,-3.720412,0.839931,0.403381,151.795292
29.1488,short_1_turn_90,-1.044644,0.261406,-3.140711,0.839888,0.403384,152.374992
29.2126,short_1_turn_90,-1.044604,0.261383,-2.665912,0.839862,0.403421,152.849791
29.2497,short_1_turn_90,-1.044532,0.261393,-2.067657,0.839792,0.403443,153.448046
29.3139,short_1_turn_90,-1.044505,0.261392,-1.589801,0.839768,0.403454,153.925902
29.3500,short_1_turn_90,-1.044516,0.261402,-0.962256,0.839774,0.403440,154.553447
29.4252,short_1_turn_90,-1.044546,0.261395,-0.457613,0.839803,0.403434,155.058091
29.4559,short_1_turn_90,-1.044534,0.261392,0.173404,0.839794,0.403443,155.689108
29.5219,short_1_turn_90,-1.044519,0.261395,0.650243,0.839780,0.403446,156.165947
29.5529,short_1_turn_90,-1.044507,0.261392,1.292772,0.839770,0.403454,156.808476
29.6163,short_1_turn_90,-1.044516,0.261402,1.783373,0.839774,0.403441,157.299076
29.6487,short_1_turn_90,-1.044541,0.261394,2.401961,0.839800,0.403438,157.917665
29.7246,short_1_turn_90,-1.044587,0.261405,2.876661,0.839837,0.403408,158.392364
29.7539,short_1_turn_90,-1.044625,0.261386,3.472606,0.839880,0.403410,158.988309
29.8287,short_1_turn_90,-1.044622,0.261393,3.936872,0.839874,0.403405,159.452575
29.8484,short_1_turn_90,-1.044610,0.261383,4.581801,0.839867,0.403419,160.097504
29.9280,short_1_turn_90,-1.044582,0.261392,5.098785,0.839837,0.403422,160.614488
29.9476,short_1_turn_90,-1.044520,0.261380,5.716403,0.839787,0.403459,161.232107
30.0185,short_1_turn_90,-1.044461,0.261407,6.176364,0.839721,0.403459,161.692068
30.0529,short_1_turn_90,-1.044436,0.261396,6.767893,0.839703,0.403480,162.283597
30.1444,short_1_turn_90,-1.044405,0.261414,7.248421,0.839668,0.403476,162.764124
30.1584,short_1_turn_90,-1.044356,0.261398,7.886698,0.839629,0.403510,163.402401
30.2253,short_1_turn_90,-1.044309,0.261430,8.428869,0.839573,0.403501,163.944572
30.2824,short_1_turn_90,-1.044308,0.261416,9.067412,0.839579,0.403514,164.583116
30.3966,short_1_turn_90,-1.044301,0.261431,9.590829,0.839566,0.403504,165.106532
30.4085,short_1_turn_90,-1.044283,0.261416,10.172638,0.839556,0.403525,165.688341
30.4162,short_1_turn_90,-1.044299,0.261442,10.684825,0.839559,0.403495,166.200529
30.4463,short_1_turn_90,-1.044346,0.261411,11.257426,0.839615,0.403503,166.773129
30.5163,short_1_turn_90,-1.044379,0.261422,11.740396,0.839641,0.403479,167.256099
30.5560,short_1_turn_90,-1.044413,0.261397,12.343279,0.839682,0.403488,167.858983
30.6201,short_1_turn_90,-1.044411,0.261405,12.867403,0.839677,0.403482,168.383106
30.6505,short_1_turn_90,-1.044410,0.261397,13.453992,0.839679,0.403489,168.969696
30.7160,short_1_turn_90,-1.044397,0.261404,13.971076,0.839664,0.403488,169.486779
30.7493,short_1_turn_90,-1.044334,0.261401,14.599791,0.839608,0.403517,170.115495
30.8164,short_1_turn_90,-1.044278,0.261438,15.142041,0.839542,0.403506,170.657745
30.8495,short_1_turn_90,-1.044227,0.261430,15.719962,0.839499,0.403535,171.235665
30.9160,short_1_turn_stop,-1.044161,0.261468,16.244362,0.839423,0.403528,171.760066
30.9569,short_1_turn_stop,-1.044086,0.261467,16.838829,0.839355,0.403560,172.354532
31.0267,short_1_turn_stop,-1.044031,0.261514,17.380006,0.839285,0.403540,172.895709
31.0463,short_1_turn_stop,-1.044015,0.261500,17.830539,0.839277,0.403559,173.346242
31.1145,short_1_turn_stop,-1.043987,0.261524,18.096878,0.839242,0.403549,173.612582
31.1500,short_1_turn_stop,-1.043973,0.261518,18.229212,0.839232,0.403560,173.744915
31.2217,short_1_turn_stop,-1.043947,0.261534,18.294386,0.839202,0.403557,173.810089
31.2487,short_1_turn_stop,-1.043947,0.261533,18.320365,0.839202,0.403557,173.836068
31.3194,short_1_turn_stop,-1.043947,0.261533,18.320365,0.839202,0.403557,173.836068
31.3465,short_1_turn_stop,-1.043947,0.261533,18.346398,0.839202,0.403557,173.862101
31.4174,short_1_turn_stop,-1.043935,0.261534,18.354230,0.839191,0.403561,173.869933
31.4518,short_1_turn_stop,-1.043937,0.261540,18.382079,0.839190,0.403555,173.897783
31.5314,short_1_turn_stop,-1.043950,0.261532,18.407355,0.839205,0.403557,173.923058
31.5505,short_1_turn_stop,-1.043950,0.261532,18.430327,0.839205,0.403557,173.946030
31.6184,short_1_turn_stop,-1.043950,0.261532,18.430327,0.839205,0.403557,173.946030
31.6580,short_1_turn_stop,-1.043950,0.261532,18.430327,0.839205,0.403557,173.946030
31.7175,short_1_turn_stop,-1.043962,0.261530,18.439756,0.839216,0.403554,173.955459
31.7521,short_1_turn_stop,-1.043985,0.261523,18.448291,0.839240,0.403551,173.963994
31.8243,short_1_turn_stop,-1.043987,0.261517,18.458078,0.839244,0.403555,173.973781
31.8473,short_1_turn_stop,-1.043977,0.261523,18.466319,0.839233,0.403554,173.982022
31.9208,long_2_forward,-1.043977,0.261523,18.466319,0.839233,0.403554,173.982022
31.9498,long_2_forward,-1.043977,0.261523,18.466319,0.839233,0.403555,173.982022
32.0367,long_2_forward,-1.043965,0.261524,18.487549,0.839222,0.403558,174.003253
32.0557,long_2_forward,-1.043813,0.261552,18.518062,0.839071,0.403595,174.033765
32.1162,long_2_forward,-1.042959,0.261745,18.477496,0.838215,0.403774,173.993200
32.1494,long_2_forward,-1.040365,0.262413,18.577903,0.835577,0.404241,174.093606
32.2208,long_2_forward,-1.036783,0.263680,18.762421,0.831792,0.404572,174.278125
32.2499,long_2_forward,-1.032526,0.264959,18.796029,0.827388,0.405173,174.311733
32.3131,long_2_forward,-1.027793,0.266710,18.841890,0.822355,0.405541,174.357594
32.3594,long_2_forward,-1.023158,0.268145,18.901244,0.817541,0.406156,174.416948
32.4207,long_2_forward,-1.018186,0.270005,18.905733,0.812246,0.406523,174.421436
32.4532,long_2_forward,-1.013470,0.271480,18.885068,0.807343,0.407136,174.400771
32.6614,long_2_forward,-1.008496,0.273339,18.860150,0.802045,0.407505,174.375853
32.6677,long_2_forward,-1.003794,0.274807,18.839146,0.797158,0.408118,174.354849
32.6756,long_2_forward,-0.998770,0.276667,18.902844,0.791815,0.408507,174.418548
32.6799,long_2_forward,-0.994129,0.278137,18.917236,0.786982,0.409093,174.432939
33.0410,long_2_forward,-0.989202,0.279958,18.917236,0.781743,0.409478,174.432939
33.0537,long_2_forward,-0.984546,0.281435,19.014999,0.776894,0.410064,174.530702
33.0598,long_2_forward,-0.979632,0.283261,19.021960,0.771664,0.410438,174.537663
33.0631,long_2_forward,-0.974955,0.284750,18.959111,0.766791,0.411021,174.474815
33.0653,long_2_forward,-0.970016,0.286578,18.949471,0.761539,0.411404,174.465174
33.0674,long_2_forward,-0.965411,0.288047,18.856608,0.756739,0.411976,174.372311
33.0693,long_2_forward,-0.960531,0.289832,18.839062,0.751558,0.412374,174.354765
33.0712,long_2_forward,-0.955910,0.291299,18.788302,0.746745,0.412955,174.304006
33.1132,long_2_forward,-0.951019,0.293081,18.760493,0.741556,0.413360,174.276196
33.1464,long_2_forward,-0.946556,0.294500,18.730285,0.736905,0.413918,174.245989
33.2273,long_2_forward,-0.941686,0.296242,18.619272,0.731751,0.414351,174.134975
33.2470,long_2_forward,-0.937085,0.297709,18.593166,0.726956,0.414922,174.108870
33.3170,long_2_forward,-0.932209,0.299440,18.538919,0.721802,0.415368,174.054622
33.3763,long_2_forward,-0.927629,0.300892,18.382713,0.717031,0.415945,173.898416
33.4156,long_2_forward,-0.922739,0.302602,18.353470,0.711873,0.416415,173.869173
33.4485,long_2_forward,-0.918234,0.304023,18.345015,0.707183,0.416989,173.860719
33.5133,long_2_forward,-0.913343,0.305715,18.288628,0.702031,0.417476,173.804331
33.5517,long_2_forward,-0.908720,0.307176,18.244167,0.697218,0.418062,173.759871
33.6163,long_2_forward,-0.903637,0.308913,18.225458,0.691873,0.418589,173.741162
33.6536,long_2_forward,-0.899049,0.310376,18.324819,0.687091,0.419158,173.840523
33.7176,long_2_forward,-0.894174,0.312045,18.253106,0.681962,0.419660,173.768809
33.7497,long_2_forward,-0.889487,0.313535,18.168544,0.677080,0.420247,173.684248
33.8141,long_2_forward,-0.884500,0.315228,18.142833,0.671839,0.420773,173.658536
33.8770,long_2_forward,-0.879676,0.316749,18.163074,0.666819,0.421387,173.678777
33.9811,long_2_forward,-0.874539,0.318497,18.140126,0.661419,0.421926,173.655830
33.9939,long_2_forward,-0.869964,0.319948,18.187114,0.656654,0.422501,173.702817
34.0171,long_2_forward,-0.864954,0.321638,18.078566,0.651394,0.423040,173.594269
34.0464,long_2_forward,-0.860203,0.323148,18.112367,0.646445,0.423635,173.628071
34.1767,long_2_forward,-0.855198,0.324831,18.134220,0.641192,0.424177,173.649924
34.1898,long_2_forward,-0.850564,0.326306,18.188479,0.636364,0.424755,173.704182
34.2202,long_2_forward,-0.845602,0.327981,18.225061,0.631154,0.425287,173.740764
34.2506,long_2_forward,-0.840894,0.329486,18.182869,0.626245,0.425870,173.698572
34.3204,long_2_forward,-0.835815,0.331199,18.194008,0.620914,0.426415,173.709711
34.3658,long_2_forward,-0.831098,0.332706,18.285662,0.615996,0.426998,173.801365
34.4160,long_2_forward,-0.826058,0.334418,18.243527,0.610699,0.427529,173.759230
34.4490,long_2_forward,-0.821434,0.335902,18.284448,0.605876,0.428095,173.800151
34.5144,long_2_forward,-0.816404,0.337602,18.239502,0.600594,0.428633,173.755205
34.5462,long_2_forward,-0.811700,0.339117,18.256381,0.595685,0.429203,173.772085
34.6155,long_2_forward,-0.806711,0.340801,18.380696,0.590447,0.429739,173.896400
34.6461,long_2_forward,-0.802032,0.342316,18.380696,0.585561,0.430299,173.896400
34.7156,long_2_forward,-0.797009,0.344024,18.380962,0.580281,0.430826,173.896665
34.7644,long_2_forward,-0.792388,0.345524,18.454330,0.575455,0.431376,173.970034
34.8127,long_2_forward,-0.787390,0.347228,18.442716,0.570200,0.431897,173.958419
34.8463,long_2_forward,-0.782741,0.348745,18.453283,0.565340,0.432443,173.968987
34.9188,long_2_forward,-0.777795,0.350430,18.378016,0.560141,0.432959,173.893720
34.9499,long_2_forward,-0.773149,0.351942,18.363707,0.555285,0.433509,173.879411
35.0151,long_2_forward,-0.768124,0.353640,18.353960,0.550008,0.434046,173.869664
35.0485,long_2_forward,-0.763484,0.355152,18.293970,0.545160,0.434593,173.809674
35.1156,long_2_forward,-0.758604,0.356792,18.231798,0.540039,0.435123,173.747501
35.1456,long_2_forward,-0.753979,0.358293,18.256673,0.535207,0.435674,173.772376
35.2176,long_2_forward,-0.749074,0.359934,18.172078,0.530063,0.436213,173.687781
35.2463,long_2_forward,-0.744518,0.361409,18.243513,0.525306,0.436759,173.759216
35.3126,long_2_forward,-0.739570,0.363061,18.184828,0.520118,0.437306,173.700531
35.3486,long_2_forward,-0.735029,0.364535,18.208959,0.515374,0.437847,173.724662
35.4154,long_2_forward,-0.730213,0.366139,18.228528,0.510327,0.438383,173.744232
35.4460,long_2_forward,-0.725672,0.367613,18.186489,0.505583,0.438923,173.702193
35.5157,long_2_forward,-0.720725,0.369257,18.167999,0.500399,0.439478,173.683703
35.5486,long_2_forward,-0.716179,0.370732,18.135058,0.495651,0.440019,173.650761
35.6142,long_2_forward,-0.711292,0.372349,18.120703,0.490534,0.440573,173.636407
35.6492,long_2_forward,-0.706682,0.373842,18.125490,0.485719,0.441125,173.641193
35.7181,long_2_forward,-0.701654,0.375503,18.040295,0.480455,0.441698,173.555999
35.7455,long_2_forward,-0.696964,0.377017,18.057639,0.475560,0.442263,173.573343
35.8123,long_2_forward,-0.691906,0.378679,18.071603,0.470267,0.442846,173.587306
35.8487,long_2_forward,-0.687291,0.380173,18.056154,0.465448,0.443400,173.571857
35.9122,long_2_forward,-0.682295,0.381813,18.062494,0.460222,0.443977,173.578198
35.9489,long_2_forward,-0.677480,0.383370,17.994581,0.455195,0.444556,173.510285
36.0212,long_2_forward,-0.672328,0.385056,18.114535,0.449807,0.445157,173.630238
36.0617,long_2_forward,-0.667605,0.386586,18.124140,0.444875,0.445722,173.639844
36.1204,long_2_forward,-0.662506,0.388270,18.261274,0.439536,0.446303,173.776978
36.1503,long_2_forward,-0.657896,0.389775,18.211512,0.434717,0.446844,173.727216
36.2140,long_2_forward,-0.652775,0.391474,18.243742,0.429352,0.447421,173.759445
36.2517,long_2_forward,-0.648107,0.392998,18.243742,0.424472,0.447967,173.759445
36.3129,long_2_forward,-0.643041,0.394682,18.374813,0.419165,0.448535,173.890517
36.3476,long_2_forward,-0.638434,0.396197,18.287070,0.414344,0.449065,173.802774
36.4145,long_2_forward,-0.633392,0.397876,18.314069,0.409059,0.449627,173.829772
36.4490,long_2_forward,-0.628630,0.399438,18.347427,0.404078,0.450179,173.863130
36.5135,long_2_forward,-0.623570,0.401132,18.497657,0.398771,0.450735,174.013360
36.5492,long_2_forward,-0.618920,0.402669,18.470585,0.393902,0.451263,173.986289
36.6128,long_2_forward,-0.613825,0.404388,18.598121,0.388553,0.451810,174.113824
36.6489,long_2_forward,-0.609211,0.405922,18.689762,0.383718,0.452326,174.205466
36.7272,long_2_forward,-0.604132,0.407659,18.679289,0.378376,0.452851,174.194993
36.7490,long_2_forward,-0.599458,0.409222,18.695949,0.373475,0.453365,174.211652
36.8173,long_2_forward,-0.594485,0.410923,18.691517,0.368244,0.453878,174.207220
36.8526,long_2_forward,-0.589934,0.412445,18.610921,0.363471,0.454378,174.126624
36.9156,long_2_forward,-0.584930,0.414145,18.621717,0.358212,0.454906,174.137420
36.9506,long_2_forward,-0.580275,0.415698,18.623850,0.353333,0.455421,174.139553
37.0153,long_2_forward,-0.575174,0.417432,18.624016,0.347971,0.455957,174.139719
37.0529,long_2_forward,-0.570563,0.418973,18.615725,0.343136,0.456466,174.131428
37.1161,long_2_forward,-0.565661,0.420637,18.574571,0.337985,0.456983,174.090274
37.4324,long_2_forward,-0.560995,0.422194,18.456004,0.333094,0.457501,173.971707
37.4456,long_2_forward,-0.556119,0.423830,18.527957,0.327978,0.458033,174.043661
37.4527,long_2_forward,-0.551517,0.425363,18.475520,0.323155,0.458544,173.991223
37.4562,long_2_forward,-0.546743,0.426966,18.430126,0.318146,0.459064,173.945830
37.4583,long_2_forward,-0.542146,0.428491,18.440512,0.313330,0.459582,173.956215
37.4604,long_2_forward,-0.537213,0.430143,18.462505,0.308156,0.460122,173.978208
37.4626,long_2_forward,-0.532703,0.431641,18.365049,0.303431,0.460628,173.880753
37.5160,long_2_forward,-0.527841,0.433260,18.218812,0.298335,0.461170,173.734515
37.5484,long_2_forward,-0.523245,0.434771,18.219732,0.293526,0.461700,173.735436
37.6125,long_2_forward,-0.518319,0.436395,18.143866,0.288370,0.462264,173.659570
37.9281,long_2_forward,-0.513738,0.437895,17.994704,0.283580,0.462796,173.510408
37.9421,long_2_forward,-0.508754,0.439511,17.829238,0.278374,0.463391,173.344942
37.9500,long_2_forward,-0.504052,0.441030,17.899460,0.273465,0.463958,173.415164
37.9542,long_2_forward,-0.499083,0.442630,17.908726,0.268280,0.464561,173.424429
37.9565,long_2_forward,-0.494474,0.444124,17.867506,0.263466,0.465112,173.383210
37.9586,long_2_forward,-0.489350,0.445770,17.800077,0.258121,0.465737,173.315781
37.9608,long_2_forward,-0.484773,0.447246,17.850693,0.253344,0.466291,173.366397
38.0170,long_2_forward,-0.479728,0.448867,17.862287,0.248080,0.466907,173.377990
38.0534,long_2_forward,-0.474989,0.450397,17.936552,0.243133,0.467478,173.452255
38.1166,long_2_forward,-0.470109,0.451974,17.889684,0.238038,0.468065,173.405387
38.1462,long_2_forward,-0.465319,0.453524,17.850827,0.233037,0.468640,173.366531
38.2152,long_2_forward,-0.460195,0.455170,17.724179,0.227692,0.469266,173.239883
38.2494,long_2_forward,-0.455552,0.456661,17.811100,0.222848,0.469833,173.326803
38.3155,long_2_forward,-0.450567,0.458257,17.820495,0.217651,0.470446,173.336198
38.3495,long_2_forward,-0.445855,0.459777,17.776945,0.212732,0.471016,173.292648
38.4198,long_2_forward,-0.440810,0.461389,17.659956,0.207473,0.471640,173.175659
38.4517,long_2_forward,-0.436086,0.462900,17.789410,0.202547,0.472223,173.305113
38.5165,long_2_forward,-0.431140,0.464483,17.757987,0.197390,0.472832,173.273690
38.5517,long_2_forward,-0.426416,0.466000,17.751764,0.192462,0.473409,173.267468
38.6173,long_2_forward,-0.421462,0.467581,17.718984,0.187298,0.474023,173.234688
38.6524,long_2_forward,-0.416728,0.469100,17.794065,0.182360,0.474603,173.309769
38.7163,long_2_forward,-0.411734,0.470698,17.830531,0.177153,0.475218,173.346235
38.7468,long_2_forward,-0.407082,0.472198,17.772353,0.172298,0.475781,173.288056
38.8158,long_2_forward,-0.402051,0.473806,17.695898,0.167053,0.476403,173.211601
38.8488,long_2_forward,-0.397393,0.475298,17.746705,0.162195,0.476975,173.262408
38.9240,long_2_forward,-0.392401,0.476891,17.840779,0.156992,0.477594,173.356483
38.9467,long_2_forward,-0.387726,0.478398,17.836998,0.152113,0.478160,173.352702
39.0173,long_2_forward,-0.382710,0.480010,17.829556,0.146879,0.478772,173.345259
39.0470,long_2_forward,-0.378067,0.481506,17.814438,0.142034,0.479336,173.330142
39.1187,long_2_forward,-0.373019,0.483125,17.831861,0.136769,0.479954,173.347564
39.1484,long_2_forward,-0.368382,0.484619,17.815526,0.131930,0.480516,173.331230
39.2179,long_2_forward,-0.363331,0.486240,17.792344,0.126661,0.481135,173.308047
39.2454,long_2_forward,-0.358776,0.487704,17.795667,0.121909,0.481689,173.311371
39.3791,long_2_forward,-0.353760,0.489312,17.761077,0.116678,0.482305,173.276780
39.3856,long_2_forward,-0.349155,0.490790,17.799198,0.111875,0.482869,173.314901
39.4230,long_2_forward,-0.344328,0.492337,17.760736,0.106841,0.483461,173.276440
39.4488,long_2_forward,-0.339726,0.493814,17.711120,0.102041,0.484024,173.226823
39.5161,long_2_forward,-0.334784,0.495389,17.650892,0.096890,0.484639,173.166596
39.5457,long_2_forward,-0.330244,0.496838,17.664847,0.092158,0.485202,173.180551
39.6209,long_2_forward,-0.325409,0.498374,17.607821,0.087121,0.485808,173.123525
39.6457,long_2_forward,-0.320796,0.499843,17.585921,0.082313,0.486383,173.101624
39.7153,long_2_forward,-0.315987,0.501361,17.547634,0.077308,0.486994,173.063338
39.7496,long_2_forward,-0.311409,0.502816,17.572291,0.072539,0.487568,173.087995
39.8139,long_2_forward,-0.306490,0.504368,17.521444,0.067419,0.488194,173.037147
39.8491,long_2_forward,-0.301772,0.505864,17.527370,0.062505,0.488788,173.043074
39.9158,long_2_stop,-0.296831,0.507418,17.528756,0.057364,0.489421,173.044459
39.9492,long_2_stop,-0.292088,0.508923,17.593360,0.052424,0.490017,173.109064
40.0122,long_2_stop,-0.287056,0.510513,17.631504,0.047186,0.490656,173.147207
40.0511,long_2_stop,-0.282525,0.511957,17.621734,0.042464,0.491219,173.137437
40.1124,long_2_stop,-0.278220,0.513319,17.608884,0.037982,0.491764,173.124588
40.1487,long_2_stop,-0.276277,0.513934,17.602596,0.035958,0.492010,173.118299
40.2139,long_2_stop,-0.275200,0.514274,17.601701,0.034837,0.492147,173.117404
40.2486,long_2_stop,-0.274796,0.514402,17.558883,0.034416,0.492198,173.074587
40.3164,long_2_stop,-0.274578,0.514471,17.587974,0.034190,0.492225,173.103677
40.3505,long_2_stop,-0.274495,0.514497,17.587974,0.034103,0.492236,173.103677
40.4167,long_2_stop,-0.274422,0.514520,17.621344,0.034027,0.492245,173.137047
40.4506,long_2_stop,-0.274387,0.514532,17.629823,0.033991,0.492249,173.145526
40.5132,long_2_stop,-0.274328,0.514551,17.639071,0.033929,0.492256,173.154774
40.5457,long_2_stop,-0.274282,0.514565,17.647931,0.033881,0.492262,173.163634
40.6126,long_2_stop,-0.274262,0.514572,17.651054,0.033860,0.492264,173.166757
40.6486,long_2_stop,-0.274252,0.514575,17.659552,0.033850,0.492265,173.175256
40.7151,long_2_stop,-0.274230,0.514582,17.659552,0.033827,0.492268,173.175256
40.7464,long_2_stop,-0.274183,0.514597,17.666693,0.033778,0.492274,173.182397
40.8141,long_2_stop,-0.274160,0.514605,17.648049,0.033754,0.492277,173.163752
40.8455,long_2_stop,-0.274161,0.514604,17.642030,0.033755,0.492276,173.157733
40.9172,long_2_stop,-0.274175,0.514600,17.648206,0.033769,0.492275,173.163910
40.9575,long_2_turn_90,-0.274175,0.514600,17.657021,0.033769,0.492275,173.172725
41.0148,long_2_turn_90,-0.274164,0.514604,17.655419,0.033758,0.492276,173.171122
41.0518,long_2_turn_90,-0.274153,0.514607,17.647914,0.033746,0.492277,173.163617
41.1168,long_2_turn_90,-0.274166,0.514603,17.702171,0.033760,0.492275,173.217875
41.1570,long_2_turn_90,-0.274227,0.514584,17.765190,0.033823,0.492268,173.280893
41.2127,long_2_turn_90,-0.274224,0.514584,18.018317,0.033820,0.492268,173.534021
41.2522,long_2_turn_90,-0.274146,0.514610,18.291632,0.033738,0.492278,173.807336
41.3183,long_2_turn_90,-0.274040,0.514644,18.769903,0.033628,0.492291,174.285606
41.3546,long_2_turn_90,-0.273954,0.514674,19.203414,0.033537,0.492299,174.719117
41.4208,long_2_turn_90,-0.273918,0.514685,19.757248,0.033501,0.492304,175.272951
41.4488,long_2_turn_90,-0.273896,0.514693,20.220914,0.033477,0.492305,175.736618
41.5257,long_2_turn_90,-0.273885,0.514694,20.826885,0.033466,0.492309,176.342589
41.5517,long_2_turn_90,-0.273874,0.514699,21.329457,0.033454,0.492309,176.845161
41.6250,long_2_turn_90,-0.273887,0.514691,21.942065,0.033469,0.492311,177.457768
41.6472,long_2_turn_90,-0.273898,0.514685,22.460691,0.033481,0.492312,177.976395
41.7165,long_2_turn_90,-0.273898,0.514681,23.056777,0.033483,0.492316,178.572480
41.7502,long_2_turn_90,-0.273934,0.514669,23.580755,0.033522,0.492312,179.096458
41.8268,long_2_turn_90,-0.273995,0.514636,24.141801,0.033590,0.492317,179.657504
41.8518,long_2_turn_90,-0.274028,0.514620,24.576276,0.033627,0.492318,-179.908021
41.9163,long_2_turn_90,-0.274051,0.514603,25.159828,0.033655,0.492323,-179.324468
41.9566,long_2_turn_90,-0.274074,0.514593,25.648026,0.033680,0.492323,-178.836270
42.0130,long_2_turn_90,-0.274085,0.514580,26.238826,0.033695,0.492331,-178.245470
42.0532,long_2_turn_90,-0.274037,0.514597,26.793365,0.033645,0.492335,-177.690932
42.1169,long_2_turn_90,-0.273979,0.514625,27.383600,0.033580,0.492333,-177.100697
42.1493,long_2_turn_90,-0.273933,0.514645,27.911332,0.033530,0.492333,-176.572965
42.2152,long_2_turn_90,-0.273887,0.514667,28.485732,0.033479,0.492333,-175.998564
42.2458,long_2_turn_90,-0.273842,0.514688,29.066233,0.033429,0.492333,-175.418063
42.3190,long_2_turn_90,-0.273807,0.514706,29.662743,0.033391,0.492330,-174.821553
42.3493,long_2_turn_90,-0.273808,0.514707,30.228672,0.033391,0.492330,-174.255625
42.4166,long_2_turn_90,-0.273807,0.514700,30.826236,0.033393,0.492337,-173.658061
42.4488,long_2_turn_90,-0.273796,0.514705,31.372113,0.033380,0.492336,-173.112184
42.5192,long_2_turn_90,-0.273841,0.514684,31.950704,0.033430,0.492337,-172.533592
42.5459,long_2_turn_90,-0.273912,0.514633,32.471655,0.033516,0.492353,-172.012641
42.6166,long_2_turn_90,-0.273964,0.514594,33.068146,0.033580,0.492368,-171.416151
42.6494,long_2_turn_90,-0.273981,0.514574,33.598539,0.033603,0.492379,-170.885758
42.7156,long_2_turn_90,-0.274002,0.514561,34.206900,0.033628,0.492381,-170.277396
42.7542,long_2_turn_90,-0.274018,0.514541,34.746990,0.033651,0.492393,-169.737307
42.8158,long_2_turn_90,-0.274029,0.514534,35.354928,0.033663,0.492396,-169.129369
42.8504,long_2_turn_90,-0.273987,0.514545,35.904653,0.033621,0.492403,-168.579643
42.9180,long_2_turn_90,-0.273958,0.514578,36.525142,0.033581,0.492384,-167.959154
42.9543,long_2_turn_90,-0.273930,0.514583,37.016288,0.033554,0.492392,-167.468008
43.0156,long_2_turn_90,-0.273923,0.514601,37.625179,0.033540,0.492378,-166.859118
43.0488,long_2_turn_90,-0.273880,0.514608,38.149153,0.033497,0.492390,-166.335144
43.1162,long_2_turn_90,-0.273854,0.514649,38.815768,0.033457,0.492363,-165.668528
43.1489,long_2_turn_90,-0.273823,0.514650,39.361818,0.033428,0.492375,-165.122478
43.2191,long_2_turn_90,-0.273797,0.514686,40.013760,0.033390,0.492353,-164.470537
43.2464,long_2_turn_90,-0.273803,0.514674,40.566051,0.033400,0.492361,-163.918245
43.3163,long_2_turn_90,-0.273835,0.514654,41.157574,0.033437,0.492366,-163.326722
43.3535,long_2_turn_90,-0.273878,0.514610,41.667984,0.033495,0.492389,-162.816312
43.4176,long_2_turn_90,-0.273937,0.514561,42.278589,0.033569,0.492409,-162.205708
43.4496,long_2_turn_90,-0.273953,0.514524,42.781661,0.033599,0.492436,-161.702635
43.5161,long_2_turn_90,-0.273965,0.514521,43.480949,0.033611,0.492433,-161.003347
43.5458,long_2_turn_90,-0.273968,0.514504,43.987420,0.033620,0.492448,-160.496876
43.6454,long_2_turn_90,-0.273990,0.514496,44.704626,0.033644,0.492446,-159.779671
43.6607,long_2_turn_90,-0.273962,0.514490,45.199059,0.033622,0.492463,-159.285237
43.7246,long_2_turn_90,-0.273927,0.514540,45.929998,0.033569,0.492431,-158.554299
43.7467,long_2_turn_90,-0.273869,0.514574,46.382441,0.033502,0.492425,-158.101855
43.8185,long_2_turn_90,-0.273824,0.514643,47.126276,0.033432,0.492381,-157.358021
43.8456,long_2_turn_90,-0.273800,0.514656,47.531035,0.033405,0.492379,-156.953261
43.9267,long_2_turn_90,-0.273780,0.514685,48.306353,0.033375,0.492361,-156.177944
43.9677,long_2_turn_90,-0.273755,0.514700,48.725592,0.033346,0.492357,-155.758705
44.0167,long_2_turn_90,-0.273719,0.514741,49.439460,0.033296,0.492336,-155.044836
44.0470,long_2_turn_90,-0.273717,0.514755,49.954670,0.033288,0.492323,-154.529627
44.1422,long_2_turn_90,-0.273724,0.514739,50.692299,0.033301,0.492335,-153.791998
44.1577,long_2_turn_90,-0.273745,0.514722,51.085929,0.033328,0.492342,-153.398367
44.2417,long_2_turn_90,-0.273779,0.514675,51.857876,0.033378,0.492371,-152.626421
44.2714,long_2_turn_90,-0.273807,0.514638,52.255441,0.033419,0.492392,-152.228855
44.3547,long_2_turn_90,-0.273832,0.514597,53.016404,0.033458,0.492420,-151.467893
44.3697,long_2_turn_90,-0.273845,0.514578,53.393027,0.033478,0.492431,-151.091269
44.4269,long_2_turn_90,-0.273843,0.514567,54.144672,0.033480,0.492442,-150.339624
44.4475,long_2_turn_90,-0.273838,0.514576,54.565737,0.033473,0.492436,-149.918560
44.5167,long_2_turn_90,-0.273829,0.514582,55.299909,0.033462,0.492435,-149.184388
44.5477,long_2_turn_90,-0.273814,0.514600,55.709149,0.033441,0.492424,-148.775148
44.6156,long_2_turn_90,-0.273789,0.514630,56.446238,0.033406,0.492407,-148.038059
44.6473,long_2_turn_90,-0.273783,0.514649,56.843161,0.033392,0.492392,-147.641136
44.7150,long_2_turn_90,-0.273765,0.514663,57.607912,0.033370,0.492387,-146.876385
44.7499,long_2_turn_90,-0.273759,0.514682,58.014248,0.033357,0.492372,-146.470049
44.8577,long_2_turn_90,-0.273750,0.514688,58.744221,0.033346,0.492370,-145.740076
44.8729,long_2_turn_90,-0.273737,0.514707,59.160437,0.033326,0.492359,-145.323859
44.9167,long_2_turn_90,-0.273722,0.514731,59.915638,0.033302,0.492343,-144.568659
44.9462,long_2_turn_90,-0.273729,0.514731,60.302361,0.033309,0.492340,-144.181936
45.0163,long_2_turn_90,-0.273742,0.514705,61.014975,0.033332,0.492359,-143.469321
45.0477,long_2_turn_90,-0.273743,0.514694,61.408217,0.033337,0.492368,-143.076080
45.1124,long_2_turn_90,-0.273742,0.514693,62.132599,0.033337,0.492369,-142.351697
45.1495,long_2_turn_90,-0.273761,0.514673,62.547403,0.033362,0.492380,-141.936893
45.2226,long_2_turn_90,-0.273770,0.514637,63.287316,0.033385,0.492409,-141.196980
45.2473,long_2_turn_90,-0.273759,0.514646,63.687431,0.033372,0.492405,-140.796866
45.3158,long_2_turn_90,-0.273747,0.514672,64.412203,0.033350,0.492387,-140.072093
45.3487,long_2_turn_90,-0.273736,0.514692,64.826013,0.033331,0.492373,-139.658283
45.4193,long_2_turn_90,-0.273724,0.514718,65.529601,0.033310,0.492355,-138.954696
45.4488,long_2_turn_90,-0.273686,0.514769,65.944084,0.033254,0.492323,-138.540212
45.5134,long_2_turn_90,-0.273663,0.514850,66.672852,0.033200,0.492259,-137.811445
45.5523,long_2_turn_90,-0.273652,0.514871,67.098989,0.033182,0.492245,-137.385307
45.6346,long_2_turn_90,-0.273649,0.514888,67.806572,0.033171,0.492231,-136.677725
45.6628,long_2_turn_90,-0.273648,0.514888,68.231617,0.033170,0.492231,-136.252679
45.7128,long_2_turn_90,-0.273647,0.514887,68.945396,0.033170,0.492232,-135.538900
45.7527,long_2_turn_90,-0.273638,0.514898,69.360496,0.033157,0.492226,-135.123801
45.8131,long_2_turn_90,-0.273642,0.514907,70.052325,0.033157,0.492216,-134.431972
45.8467,long_2_turn_90,-0.273650,0.514885,70.456024,0.033173,0.492233,-134.028272
45.9156,long_2_turn_90,-0.273652,0.514866,71.216067,0.033183,0.492249,-133.268230
45.9512,long_2_turn_90,-0.273659,0.514855,71.618495,0.033194,0.492257,-132.865801
46.0406,long_2_turn_90,-0.273661,0.514835,72.377216,0.033204,0.492274,-132.107080
46.0558,long_2_turn_90,-0.273652,0.514847,72.802030,0.033191,0.492267,-131.682266
46.1158,long_2_turn_90,-0.273650,0.514865,73.458736,0.033182,0.492251,-131.025561
46.1748,long_2_turn_90,-0.273642,0.514876,73.898878,0.033170,0.492244,-130.585418
46.2338,long_2_turn_90,-0.273635,0.514904,74.614980,0.033152,0.492222,-129.869316
46.2490,long_2_turn_90,-0.273605,0.514960,75.053567,0.033102,0.492183,-129.430729
46.3133,long_2_turn_90,-0.273596,0.515044,75.738299,0.033058,0.492110,-128.745998
46.3489,long_2_turn_90,-0.273589,0.515066,76.191951,0.033043,0.492093,-128.292345
46.4238,long_2_turn_90,-0.273583,0.515094,76.881352,0.033026,0.492070,-127.602944
46.4463,long_2_turn_90,-0.273570,0.515128,77.348110,0.033000,0.492045,-127.136186
46.5137,long_2_turn_90,-0.273569,0.515165,78.079927,0.032984,0.492011,-126.404369
46.5484,long_2_turn_90,-0.273576,0.515153,78.516800,0.032994,0.492019,-125.967497
46.6162,long_2_turn_90,-0.273580,0.515124,79.256734,0.033011,0.492044,-125.227563
46.6486,long_2_turn_90,-0.273591,0.515090,79.716925,0.033035,0.492071,-124.767372
46.7157,long_2_turn_90,-0.273594,0.515042,80.408821,0.033058,0.492113,-124.075476
46.7630,long_2_turn_90,-0.273592,0.515031,80.880843,0.033060,0.492124,-123.603453
46.8209,long_2_turn_90,-0.273597,0.515021,81.591801,0.033068,0.492131,-122.892495
46.8454,long_2_turn_90,-0.273583,0.515036,82.066284,0.033049,0.492123,-122.418012
46.9155,long_2_turn_90,-0.273590,0.515063,82.791532,0.033045,0.492095,-121.692764
46.9468,long_2_turn_90,-0.273570,0.515091,83.257002,0.033015,0.492078,-121.227295
47.0210,long_2_turn_90,-0.273576,0.515149,83.972860,0.032997,0.492024,-120.511436
47.3360,long_2_turn_90,-0.273554,0.515199,84.413932,0.032956,0.491987,-120.070365
47.3527,long_2_turn_90,-0.273554,0.515295,85.135374,0.032917,0.491900,-119.348923
47.3593,long_2_turn_90,-0.273544,0.515353,85.580576,0.032883,0.491851,-118.903721
47.3627,long_2_turn_90,-0.273556,0.515399,86.304517,0.032875,0.491804,-118.179779
47.3653,long_2_turn_90,-0.273543,0.515414,86.762691,0.032856,0.491796,-117.721605
47.3679,long_2_turn_90,-0.273549,0.515451,87.475471,0.032847,0.491760,-117.008826
47.3750,long_2_turn_90,-0.273558,0.515425,87.947814,0.032866,0.491779,-116.536482
47.4330,long_2_turn_90,-0.273554,0.515378,88.629105,0.032882,0.491824,-115.855191
47.4487,long_2_turn_90,-0.273560,0.515342,89.083304,0.032902,0.491855,-115.400992
47.5142,long_2_turn_90,-0.273558,0.515283,89.755342,0.032925,0.491908,-114.728955
47.5545,long_2_turn_90,-0.273556,0.515251,90.193172,0.032936,0.491939,-114.291125
47.6170,long_2_turn_90,-0.273557,0.515211,90.917781,0.032954,0.491975,-113.566516
47.7315,long_2_turn_90,-0.273558,0.515165,91.358817,0.032973,0.492016,-113.125480
47.7708,long_2_turn_90,-0.273545,0.515139,92.127892,0.032973,0.492045,-112.356404
47.7849,long_2_turn_90,-0.273553,0.515135,92.591868,0.032981,0.492046,-111.892428
47.8170,long_2_turn_90,-0.273545,0.515127,93.352146,0.032977,0.492056,-111.132150
47.8496,long_2_turn_90,-0.273545,0.515150,93.787502,0.032968,0.492035,-110.696794
47.9248,long_2_turn_90,-0.273545,0.515190,94.512340,0.032952,0.491999,-109.971957
47.9502,long_2_turn_90,-0.273547,0.515235,94.931812,0.032934,0.491957,-109.552484
48.0198,long_2_turn_90,-0.273556,0.515282,95.635897,0.032923,0.491910,-108.848400
48.0504,long_2_turn_90,-0.273557,0.515305,96.070131,0.032915,0.491889,-108.414165
48.1179,long_2_turn_90,-0.273566,0.515313,96.812394,0.032919,0.491879,-107.671902
48.1482,long_2_turn_90,-0.273561,0.515303,97.228879,0.032919,0.491889,-107.255418
48.2166,long_2_turn_90,-0.273561,0.515303,97.952579,0.032919,0.491889,-106.531718
48.2499,long_2_turn_90,-0.273567,0.515263,98.367925,0.032942,0.491923,-106.116371
48.3498,long_2_turn_90,-0.273552,0.515176,99.078119,0.032963,0.492009,-105.406178
48.3677,long_2_turn_90,-0.273541,0.515122,99.466216,0.032976,0.492062,-105.018080
48.4191,long_2_turn_90,-0.273529,0.515065,100.217851,0.032989,0.492119,-104.266445
48.4490,long_2_turn_90,-0.273521,0.515033,100.636560,0.032994,0.492152,-103.847737
48.5218,long_2_turn_90,-0.273514,0.515005,101.405081,0.033000,0.492180,-103.079215
48.6018,long_2_turn_90,-0.273507,0.515010,101.818388,0.032992,0.492179,-102.665909
48.6426,long_2_turn_90,-0.273513,0.515049,102.601179,0.032981,0.492140,-101.883117
48.6582,long_2_turn_90,-0.273525,0.515052,103.017190,0.032990,0.492132,-101.467107
48.7277,long_2_turn_90,-0.273515,0.515057,103.801179,0.032979,0.492132,-100.683117
48.7569,long_2_turn_90,-0.273526,0.515074,104.218143,0.032982,0.492112,-100.266153
48.8150,long_2_turn_90,-0.273526,0.515074,104.979624,0.032982,0.492112,-99.504672
48.8489,long_2_turn_90,-0.273526,0.515074,105.388409,0.032982,0.492112,-99.095888
48.9142,long_2_turn_stop,-0.273526,0.515074,106.155912,0.032982,0.492112,-98.328384
48.9493,long_2_turn_stop,-0.273526,0.515074,106.578740,0.032982,0.492112,-97.905556
49.0248,long_2_turn_stop,-0.273526,0.515085,107.358501,0.032977,0.492102,-97.125795
49.0518,long_2_turn_stop,-0.273532,0.515066,107.703765,0.032991,0.492117,-96.780532
49.1130,long_2_turn_stop,-0.273512,0.515022,108.196243,0.032991,0.492165,-96.288054
49.1517,long_2_turn_stop,-0.273506,0.515000,108.310350,0.032994,0.492188,-96.173947
49.2170,long_2_turn_stop,-0.273496,0.514984,108.445675,0.032992,0.492207,-96.038621
49.2474,long_2_turn_stop,-0.273495,0.514970,108.460034,0.032997,0.492220,-96.024263
49.3168,long_2_turn_stop,-0.273486,0.514953,108.471488,0.032995,0.492239,-96.012809
49.3518,long_2_turn_stop,-0.273485,0.514953,108.471488,0.032995,0.492239,-96.012809
49.4249,long_2_turn_stop,-0.273485,0.514953,108.471488,0.032995,0.492239,-96.012809
49.4497,long_2_turn_stop,-0.273485,0.514953,108.471488,0.032995,0.492239,-96.012809
49.5241,long_2_turn_stop,-0.273485,0.514953,108.471488,0.032995,0.492239,-96.012809
49.5462,long_2_turn_stop,-0.273485,0.514953,108.471488,0.032995,0.492239,-96.012809
49.6128,long_2_turn_stop,-0.273485,0.514953,108.471488,0.032995,0.492239,-96.012809
49.6489,long_2_turn_stop,-0.273485,0.514953,108.471488,0.032995,0.492239,-96.012809
49.7158,long_2_turn_stop,-0.273485,0.514953,108.471488,0.032995,0.492239,-96.012809
49.7459,long_2_turn_stop,-0.273485,0.514953,108.471488,0.032995,0.492239,-96.012809
49.8223,long_2_turn_stop,-0.273485,0.514953,108.471488,0.032995,0.492239,-96.012809
49.8465,long_2_turn_stop,-0.273485,0.514953,108.471488,0.032995,0.492239,-96.012809
49.9210,short_2_forward,-0.273485,0.514953,108.471488,0.032995,0.492239,-96.012809
49.9585,short_2_forward,-0.273485,0.514953,108.471488,0.032995,0.492239,-96.012809
50.0229,short_2_forward,-0.273485,0.514953,108.471488,0.032995,0.492239,-96.012809
50.0504,short_2_forward,-0.273510,0.515119,108.541457,0.032949,0.492078,-95.942840
50.1136,short_2_forward,-0.273712,0.515974,108.648585,0.032778,0.491216,-95.835711
50.1468,short_2_forward,-0.274325,0.518498,108.742002,0.032290,0.488665,-95.742295
50.2126,short_2_forward,-0.275756,0.522355,108.811063,0.031994,0.484562,-95.673233
50.2501,short_2_forward,-0.276863,0.526370,108.877958,0.031338,0.480449,-95.606339
50.3174,short_2_forward,-0.278893,0.531617,108.969597,0.031010,0.474832,-95.514700
50.3470,short_2_forward,-0.280174,0.536075,108.945323,0.030328,0.470245,-95.538973
50.4187,short_2_forward,-0.282353,0.541676,108.924920,0.029990,0.464244,-95.559376
50.4517,short_2_forward,-0.283656,0.546097,108.941634,0.029344,0.459681,-95.542663
50.5157,short_2_forward,-0.285751,0.551553,108.922938,0.028989,0.453847,-95.561359
50.5637,short_2_forward,-0.287075,0.556020,108.794474,0.028342,0.449233,-95.689823
50.6351,short_2_forward,-0.289203,0.561655,108.721950,0.027945,0.443223,-95.762347
50.6507,short_2_forward,-0.290533,0.566123,108.742766,0.027303,0.438606,-95.741531
50.7128,short_2_forward,-0.292614,0.571670,108.719745,0.026898,0.432695,-95.764552
50.7738,short_2_forward,-0.293968,0.576234,108.731075,0.026239,0.427980,-95.753222
50.8389,short_2_forward,-0.296081,0.581854,108.738181,0.025832,0.421989,-95.746115
50.8548,short_2_forward,-0.297430,0.586399,108.699276,0.025177,0.417294,-95.785021
50.9140,short_2_forward,-0.299572,0.592184,108.828464,0.024728,0.411142,-95.655833
50.9495,short_2_forward,-0.300948,0.596676,108.895449,0.024118,0.406484,-95.588847
51.0148,short_2_forward,-0.303045,0.602342,108.894170,0.023679,0.400458,-95.590126
51.0458,short_2_forward,-0.304462,0.606914,108.929823,0.023074,0.395709,-95.554473
51.1166,short_2_forward,-0.306572,0.612610,108.958829,0.022633,0.389651,-95.525467
51.1546,short_2_forward,-0.308006,0.617224,108.987267,0.022026,0.384858,-95.497030
51.2149,short_2_forward,-0.310136,0.622936,109.003189,0.021597,0.378777,-95.481108
51.2494,short_2_forward,-0.311563,0.627539,109.055860,0.020989,0.373996,-95.428437
51.3237,short_2_forward,-0.313723,0.633325,109.150744,0.020556,0.367835,-95.333552
51.3500,short_2_forward,-0.315169,0.637922,109.203332,0.019967,0.363053,-95.280965
51.4175,short_2_forward,-0.317340,0.643724,109.133962,0.019538,0.356872,-95.350335
51.4769,short_2_forward,-0.318780,0.648241,109.160603,0.018977,0.352165,-95.323693
51.5130,short_2_forward,-0.320884,0.653922,109.026168,0.018536,0.346123,-95.458129
51.5498,short_2_forward,-0.322343,0.658504,108.983783,0.017965,0.341348,-95.500514
51.6334,short_2_forward,-0.324419,0.664165,108.962544,0.017509,0.335336,-95.521753
51.6486,short_2_forward,-0.325855,0.668697,108.922368,0.016938,0.330617,-95.561928
51.7157,short_2_forward,-0.327932,0.674412,108.918276,0.016459,0.324554,-95.566021
51.7494,short_2_forward,-0.329376,0.678941,108.989547,0.015897,0.319834,-95.494749
51.8151,short_2_forward,-0.331453,0.684658,109.105539,0.015417,0.313771,-95.378758
51.8488,short_2_forward,-0.332927,0.689221,109.142113,0.014867,0.309007,-95.342184
51.9127,short_2_forward,-0.335033,0.694979,109.169193,0.014398,0.302894,-95.315104
51.9488,short_2_forward,-0.336492,0.699450,109.134873,0.013872,0.298221,-95.349423
52.0143,short_2_forward,-0.338555,0.705130,109.128017,0.013395,0.292196,-95.356279
52.0487,short_2_forward,-0.340034,0.709647,109.163105,0.012870,0.287472,-95.321191
52.1127,short_2_forward,-0.342090,0.715303,108.988266,0.012397,0.281473,-95.496030
52.1517,short_2_forward,-0.343555,0.719790,108.989985,0.011870,0.276782,-95.494312
52.2137,short_2_forward,-0.345573,0.725423,109.000444,0.011373,0.270819,-95.483852
52.2482,short_2_forward,-0.347033,0.729878,109.101439,0.010855,0.266160,-95.382857
52.3160,short_2_forward,-0.349049,0.735475,108.984239,0.010370,0.260230,-95.500058
52.3584,short_2_forward,-0.350508,0.739921,108.812478,0.009855,0.255580,-95.671818
52.4179,short_2_forward,-0.352318,0.745062,108.835633,0.009372,0.250151,-95.648663
52.4464,short_2_forward,-0.353841,0.749649,108.835633,0.008857,0.245346,-95.648664
52.5144,short_2_forward,-0.355668,0.754871,108.462378,0.008355,0.239836,-96.021918
52.5468,short_2_forward,-0.357117,0.759346,108.440606,0.007820,0.235162,-96.043690
52.6233,short_2_forward,-0.358856,0.764436,108.340448,0.007293,0.229810,-96.143848
52.6478,short_2_forward,-0.360337,0.768987,108.365121,0.006754,0.225054,-96.119176
52.7154,short_2_forward,-0.362115,0.774250,108.351092,0.006190,0.219527,-96.133205
52.7489,short_2_forward,-0.363573,0.778759,108.244299,0.005649,0.214820,-96.239997
52.8125,short_2_forward,-0.365479,0.784436,108.172012,0.005031,0.208864,-96.312285
52.8467,short_2_forward,-0.366921,0.788924,108.164964,0.004483,0.204181,-96.319332
52.9124,short_2_forward,-0.368650,0.794110,108.126825,0.003908,0.198745,-96.357472
52.9502,short_2_forward,-0.370187,0.798869,108.135445,0.003334,0.193777,-96.348852
53.0194,short_2_forward,-0.371990,0.804302,108.175730,0.002723,0.188085,-96.308567
53.0456,short_2_forward,-0.373455,0.808852,108.223735,0.002171,0.183337,-96.260561
53.1139,short_2_forward,-0.375232,0.814167,108.292506,0.001585,0.177764,-96.191791
53.1472,short_2_forward,-0.376753,0.818826,108.176838,0.001038,0.172893,-96.307459
53.2132,short_2_forward,-0.378405,0.823812,108.246794,0.000475,0.167671,-96.237502
53.2499,short_2_forward,-0.379966,0.828596,108.324994,-0.000087,0.162670,-96.159303
53.3127,short_2_forward,-0.381757,0.833936,108.190738,-0.000670,0.157068,-96.293558
53.3458,short_2_forward,-0.383237,0.838512,108.152055,-0.001220,0.152290,-96.332241
53.4130,short_2_forward,-0.384999,0.843825,108.149340,-0.001818,0.146725,-96.334957
53.4487,short_2_forward,-0.386538,0.848565,108.128249,-0.002382,0.141774,-96.356048
53.5163,short_2_forward,-0.388190,0.853568,108.128249,-0.002952,0.136536,-96.356048
53.5541,short_2_forward,-0.389712,0.858254,108.160559,-0.003509,0.131640,-96.323737
53.6127,short_2_forward,-0.391352,0.863217,108.069098,-0.004073,0.126444,-96.415198
53.6487,short_2_forward,-0.392858,0.867863,107.967628,-0.004628,0.121591,-96.516669
53.7124,short_2_forward,-0.394460,0.872781,108.125448,-0.005208,0.116452,-96.358849
53.7486,short_2_forward,-0.396002,0.877521,108.282553,-0.005770,0.111499,-96.201743
53.8156,short_2_forward,-0.397781,0.882858,108.295319,-0.006362,0.105905,-96.188978
53.8490,short_2_forward,-0.399253,0.887370,108.277057,-0.006893,0.101188,-96.207240
53.9126,short_2_forward,-0.400993,0.892585,108.368578,-0.007470,0.095721,-96.115719
53.9480,short_2_forward,-0.402533,0.897270,108.376304,-0.008011,0.090820,-96.107993
54.0158,short_2_stop,-0.404206,0.902262,108.299878,-0.008557,0.085583,-96.184419
54.0528,short_2_stop,-0.405737,0.906927,108.199744,-0.009097,0.080703,-96.284553
54.1157,short_2_stop,-0.407354,0.911813,108.221326,-0.009651,0.075586,-96.262970
54.1492,short_2_stop,-0.408570,0.915512,108.284665,-0.010077,0.071716,-96.199632
54.2187,short_2_stop,-0.409487,0.918249,108.279385,-0.010376,0.068844,-96.204911
54.2455,short_2_stop,-0.409848,0.919337,108.270810,-0.010499,0.067705,-96.213487
54.3125,short_2_stop,-0.410044,0.919920,108.263150,-0.010563,0.067093,-96.221146
54.3529,short_2_stop,-0.410089,0.920058,108.241256,-0.010578,0.066948,-96.243040
54.4130,short_2_stop,-0.410098,0.920084,108.248910,-0.010581,0.066921,-96.235386
54.4457,short_2_stop,-0.410102,0.920100,108.241178,-0.010584,0.066905,-96.243118
54.5125,short_2_stop,-0.410110,0.920125,108.261557,-0.010587,0.066879,-96.222739
54.5489,short_2_stop,-0.410114,0.920139,108.252678,-0.010589,0.066864,-96.231618
54.6178,short_2_stop,-0.410114,0.920139,108.279553,-0.010589,0.066865,-96.204743
54.6479,short_2_stop,-0.410115,0.920142,108.288084,-0.010590,0.066861,-96.196212
54.7128,short_2_stop,-0.410122,0.920166,108.292593,-0.010593,0.066837,-96.191703
54.7495,short_2_stop,-0.410126,0.920178,108.295188,-0.010595,0.066824,-96.189109
54.8156,short_2_stop,-0.410125,0.920177,108.309333,-0.010595,0.066825,-96.174964
54.8489,short_2_stop,-0.410125,0.920179,108.303425,-0.010596,0.066824,-96.180871
54.9142,short_2_stop,-0.410121,0.920166,108.314419,-0.010594,0.066837,-96.169878
54.9521,short_2_stop,-0.410121,0.920169,108.317039,-0.010595,0.066835,-96.167258
55.0145,short_2_turn_90,-0.410125,0.920181,108.316838,-0.010597,0.066822,-96.167458
55.0531,short_2_turn_90,-0.410125,0.920182,108.316838,-0.010597,0.066821,-96.167458
55.1150,short_2_turn_90,-0.410124,0.920181,108.326268,-0.010597,0.066822,-96.158028
55.1605,short_2_turn_90,-0.410133,0.920207,108.351367,-0.010600,0.066795,-96.132929
55.2165,short_2_turn_90,-0.410152,0.920268,108.506549,-0.010608,0.066732,-95.977748
55.2477,short_2_turn_90,-0.410180,0.920351,108.698981,-0.010617,0.066644,-95.785316
55.3139,short_2_turn_90,-0.410231,0.920506,109.000382,-0.010635,0.066482,-95.483915
55.3490,short_2_turn_90,-0.410276,0.920633,109.426950,-0.010647,0.066348,-95.057346
55.4149,short_2_turn_90,-0.410290,0.920673,109.993200,-0.010650,0.066306,-94.491096
55.4470,short_2_turn_90,-0.410297,0.920699,110.492399,-0.010654,0.066279,-93.991898
55.5140,short_2_turn_90,-0.410303,0.920713,110.962321,-0.010655,0.066264,-93.521975
55.5483,short_2_turn_90,-0.410301,0.920716,111.563079,-0.010658,0.066262,-92.921218
55.6210,short_2_turn_90,-0.410305,0.920728,112.043591,-0.010660,0.066249,-92.440706
55.6604,short_2_turn_90,-0.410308,0.920742,112.648532,-0.010663,0.066235,-91.835765
55.7184,short_2_turn_90,-0.410316,0.920766,113.134029,-0.010666,0.066210,-91.350268
55.7469,short_2_turn_90,-0.410324,0.920790,113.706837,-0.010668,0.066185,-90.777460
55.8133,short_2_turn_90,-0.410328,0.920803,114.153487,-0.010670,0.066172,-90.330809
55.8467,short_2_turn_90,-0.410326,0.920804,114.726539,-0.010672,0.066171,-89.757758
55.9126,short_2_turn_90,-0.410323,0.920805,115.200276,-0.010675,0.066172,-89.284021
55.9487,short_2_turn_90,-0.410317,0.920794,115.763487,-0.010676,0.066184,-88.720809
56.0134,short_2_turn_90,-0.410299,0.920759,116.256218,-0.010678,0.066224,-88.228078
56.0490,short_2_turn_90,-0.410275,0.920717,116.855505,-0.010682,0.066272,-87.628791
56.1141,short_2_turn_90,-0.410248,0.920671,117.369546,-0.010687,0.066325,-87.114751
56.1458,short_2_turn_90,-0.410233,0.920653,117.983152,-0.010694,0.066347,-86.501144
56.2128,short_2_turn_90,-0.410226,0.920642,118.496151,-0.010696,0.066360,-85.988146
56.2499,short_2_turn_90,-0.410212,0.920622,119.096501,-0.010701,0.066384,-85.387796
56.3133,short_2_turn_90,-0.410200,0.920612,119.599982,-0.010706,0.066399,-84.884314
56.3471,short_2_turn_90,-0.410194,0.920601,120.185015,-0.010708,0.066411,-84.299282
56.4197,short_2_turn_90,-0.410182,0.920590,120.713267,-0.010715,0.066426,-83.771030
56.4462,short_2_turn_90,-0.410179,0.920592,121.321990,-0.010717,0.066425,-83.162306
56.5165,short_2_turn_90,-0.410172,0.920581,121.793975,-0.010720,0.066438,-82.690322
56.5486,short_2_turn_90,-0.410162,0.920574,122.336400,-0.010726,0.066449,-82.147897
56.6125,short_2_turn_90,-0.410164,0.920586,122.803656,-0.010729,0.066437,-81.680640
56.6481,short_2_turn_90,-0.410170,0.920596,123.334170,-0.010728,0.066425,-81.150127
56.7125,short_2_turn_90,-0.410167,0.920597,123.804855,-0.010731,0.066426,-80.679441
56.7487,short_2_turn_90,-0.410165,0.920599,124.343069,-0.010733,0.066425,-80.141228
56.8155,short_2_turn_90,-0.410162,0.920600,124.847841,-0.010736,0.066425,-79.636456
56.8487,short_2_turn_90,-0.410150,0.920577,125.393049,-0.010738,0.066451,-79.091247
56.9134,short_2_turn_90,-0.410121,0.920547,125.913392,-0.010751,0.066491,-78.570904
56.9488,short_2_turn_90,-0.410111,0.920540,126.473754,-0.010758,0.066501,-78.010543
57.0161,short_2_turn_90,-0.410098,0.920519,127.008013,-0.010761,0.066526,-77.476283
57.0473,short_2_turn_90,-0.410073,0.920493,127.552200,-0.010774,0.066560,-76.932096
57.1125,short_2_turn_90,-0.410070,0.920506,128.084708,-0.010781,0.066549,-76.399588
57.1489,short_2_turn_90,-0.410081,0.920511,128.641744,-0.010774,0.066540,-75.842552
57.2126,short_2_turn_90,-0.410062,0.920491,129.184838,-0.010783,0.066566,-75.299459
57.2486,short_2_turn_90,-0.410051,0.920485,129.738985,-0.010790,0.066576,-74.745311
57.3138,short_2_turn_90,-0.410043,0.920476,130.259851,-0.010793,0.066588,-74.224445
57.3487,short_2_turn_90,-0.410032,0.920470,130.785340,-0.010801,0.066598,-73.698956
57.4176,short_2_turn_90,-0.410036,0.920481,131.292523,-0.010802,0.066586,-73.191774
57.4457,short_2_turn_90,-0.410044,0.920490,131.766768,-0.010798,0.066575,-72.717528
57.5152,short_2_turn_90,-0.410048,0.920501,132.277741,-0.010799,0.066563,-72.206556
57.5490,short_2_turn_90,-0.410056,0.920509,132.757527,-0.010795,0.066552,-71.726770
57.6125,short_2_turn_90,-0.410042,0.920489,133.297614,-0.010799,0.066576,-71.186683
57.6489,short_2_turn_90,-0.410008,0.920455,133.807694,-0.010817,0.066621,-70.676603
57.7149,short_2_turn_90,-0.409981,0.920438,134.394383,-0.010834,0.066647,-70.089914
57.7489,short_2_turn_90,-0.409980,0.920440,134.922371,-0.010836,0.066647,-69.561926
57.8177,short_2_turn_90,-0.409972,0.920430,135.523580,-0.010839,0.066658,-68.960717
57.8497,short_2_turn_90,-0.409954,0.920414,136.090471,-0.010849,0.066681,-68.393825
57.9144,short_2_turn_90,-0.409926,0.920387,136.674398,-0.010863,0.066717,-67.809898
57.9517,short_2_turn_90,-0.409904,0.920376,137.233746,-0.010878,0.066736,-67.250550
58.0163,short_2_turn_90,-0.409909,0.920387,137.813228,-0.010878,0.066724,-66.671068
58.0499,short_2_turn_90,-0.409905,0.920372,138.354192,-0.010876,0.066739,-66.130104
58.1254,short_2_turn_90,-0.409890,0.920378,138.911439,-0.010892,0.066740,-65.572857
58.1667,short_2_turn_90,-0.409918,0.920400,139.459544,-0.010876,0.066708,-65.024752
58.2146,short_2_turn_90,-0.409930,0.920408,140.022306,-0.010868,0.066696,-64.461990
58.2518,short_2_turn_90,-0.409937,0.920420,140.531302,-0.010866,0.066682,-63.952995
58.3149,short_2_turn_90,-0.409949,0.920427,141.072044,-0.010858,0.066670,-63.412252
58.3518,short_2_turn_90,-0.409941,0.920418,141.593614,-0.010862,0.066683,-62.890683
58.4158,short_2_turn_90,-0.409912,0.920393,142.118926,-0.010879,0.066717,-62.365370
58.4537,short_2_turn_90,-0.409888,0.920384,142.634293,-0.010896,0.066735,-61.850004
58.5128,short_2_turn_90,-0.409887,0.920385,143.155534,-0.010897,0.066735,-61.328762
58.5487,short_2_turn_90,-0.409879,0.920376,143.740060,-0.010902,0.066747,-60.744237
58.6124,short_2_turn_90,-0.409857,0.920362,144.265924,-0.010916,0.066769,-60.218373
58.6488,short_2_turn_90,-0.409852,0.920367,144.869771,-0.010922,0.066765,-59.614525
58.7127,short_2_turn_90,-0.409841,0.920346,145.413525,-0.010923,0.066790,-59.070772
58.7492,short_2_turn_90,-0.409804,0.920333,146.010166,-0.010952,0.066817,-58.474131
58.8129,short_2_turn_90,-0.409811,0.920342,146.555738,-0.010950,0.066805,-57.928558
58.8458,short_2_turn_90,-0.409830,0.920357,147.167420,-0.010938,0.066784,-57.316877
58.9133,short_2_turn_90,-0.409868,0.920389,147.703919,-0.010917,0.066739,-56.780378
58.9492,short_2_turn_90,-0.409913,0.920411,148.328560,-0.010885,0.066700,-56.155736
59.0128,short_2_turn_90,-0.409935,0.920425,148.848461,-0.010871,0.066678,-55.635835
59.0505,short_2_turn_90,-0.409946,0.920429,149.396270,-0.010862,0.066670,-55.088027
59.1137,short_2_turn_90,-0.409945,0.920430,149.890724,-0.010863,0.066670,-54.593573
59.1494,short_2_turn_90,-0.409927,0.920413,150.488736,-0.010873,0.066693,-53.995560
59.2128,short_2_turn_90,-0.409881,0.920388,151.004719,-0.010905,0.066735,-53.479578
59.2469,short_2_turn_90,-0.409865,0.920392,151.581857,-0.010920,0.066738,-52.902439
59.3127,short_2_turn_90,-0.409880,0.920396,152.096354,-0.010909,0.066727,-52.387943
59.3497,short_2_turn_90,-0.409889,0.920406,152.702605,-0.010905,0.066715,-51.781691
59.4170,short_2_turn_90,-0.409895,0.920402,153.180784,-0.010898,0.066716,-51.303513
59.4453,short_2_turn_90,-0.409873,0.920392,153.800448,-0.010914,0.066735,-50.683849
59.5137,short_2_turn_90,-0.409848,0.920381,154.303334,-0.010931,0.066755,-50.180962
59.5488,short_2_turn_90,-0.409835,0.920379,154.953742,-0.010942,0.066762,-49.530554
59.6126,short_2_turn_90,-0.409826,0.920372,155.466624,-0.010948,0.066773,-49.017672
59.6517,short_2_turn_90,-0.409832,0.920386,156.102648,-0.010949,0.066757,-48.381649
59.7126,short_2_turn_90,-0.409852,0.920385,156.628248,-0.010929,0.066749,-47.856048
59.7487,short_2_turn_90,-0.409860,0.920400,157.260395,-0.010929,0.066733,-47.223902
59.8145,short_2_turn_90,-0.409899,0.920413,157.767154,-0.010898,0.066704,-46.717143
59.8513,short_2_turn_90,-0.409952,0.920447,158.374978,-0.010864,0.066652,-46.109318
59.9208,short_2_turn_90,-0.409996,0.920442,158.874841,-0.010822,0.066638,-45.609456
59.9479,short_2_turn_90,-0.409991,0.920455,159.437093,-0.010832,0.066628,-45.047203
60.0130,short_2_turn_90,-0.410003,0.920446,159.886415,-0.010817,0.066632,-44.597882
60.0482,short_2_turn_90,-0.409978,0.920444,160.449336,-0.010839,0.066643,-44.034961
60.1158,short_2_turn_90,-0.409949,0.920424,160.937785,-0.010857,0.066674,-43.546511
60.1489,short_2_turn_90,-0.409910,0.920421,161.550108,-0.010892,0.066692,-42.934188
60.2133,short_2_turn_90,-0.409899,0.920415,162.034706,-0.010899,0.066702,-42.449591
60.2597,short_2_turn_90,-0.409907,0.920429,162.652415,-0.010898,0.066687,-41.831881
60.3163,short_2_turn_90,-0.409928,0.920425,163.180598,-0.010877,0.066682,-41.303699
60.3460,short_2_turn_90,-0.409915,0.920425,163.813052,-0.010889,0.066687,-40.671245
60.4244,short_2_turn_90,-0.409904,0.920418,164.335584,-0.010896,0.066697,-40.148712
60.4466,short_2_turn_90,-0.409901,0.920425,164.968017,-0.010902,0.066692,-39.516280
60.5129,short_2_turn_90,-0.409906,0.920420,165.508772,-0.010895,0.066695,-38.975524
60.5490,short_2_turn_90,-0.409894,0.920421,166.101934,-0.010906,0.066700,-38.382363
60.6149,short_2_turn_90,-0.409883,0.920415,166.632544,-0.010913,0.066709,-37.851753
60.6488,short_2_turn_90,-0.409916,0.920441,167.210100,-0.010895,0.066672,-37.274197
60.7156,short_2_turn_90,-0.409977,0.920440,167.711488,-0.010839,0.066647,-36.772809
60.7489,short_2_turn_90,-0.409977,0.920441,168.239715,-0.010839,0.066647,-36.244582
60.8186,short_2_turn_90,-0.409967,0.920435,168.738919,-0.010846,0.066656,-35.745377
60.8489,short_2_turn_90,-0.409966,0.920443,169.261693,-0.010850,0.066650,-35.222603
60.9145,short_2_turn_90,-0.409992,0.920448,169.776368,-0.010828,0.066635,-34.707928
60.9495,short_2_turn_90,-0.409993,0.920441,170.331486,-0.010824,0.066640,-34.152811
61.0151,short_2_turn_90,-0.409978,0.920442,170.861536,-0.010839,0.066645,-33.622761
61.0490,short_2_turn_90,-0.409978,0.920443,171.418094,-0.010839,0.066645,-33.066203
61.1158,short_2_turn_90,-0.409989,0.920448,172.022258,-0.010831,0.066636,-32.462039
61.1492,short_2_turn_90,-0.409979,0.920436,172.632013,-0.010836,0.066650,-31.852284
61.2128,short_2_turn_90,-0.409948,0.920440,173.212718,-0.010865,0.066659,-31.271579
61.2457,short_2_turn_90,-0.409948,0.920440,173.794792,-0.010865,0.066659,-30.689504
61.3130,short_2_turn_90,-0.409948,0.920440,174.355700,-0.010865,0.066659,-30.128597
61.3518,short_2_turn_90,-0.409948,0.920441,174.944637,-0.010865,0.066659,-29.539659
61.4165,short_2_turn_90,-0.409970,0.920449,175.509186,-0.010849,0.066642,-28.975111
61.4456,short_2_turn_90,-0.409970,0.920435,176.051200,-0.010843,0.066655,-28.433097
61.5127,short_2_turn_90,-0.409960,0.920449,176.588321,-0.010858,0.066646,-27.895976
61.5456,short_2_turn_90,-0.409960,0.920435,177.105290,-0.010852,0.066659,-27.379007
61.6127,short_2_turn_90,-0.409941,0.920445,177.615358,-0.010874,0.066658,-26.868938
61.6488,short_2_turn_90,-0.409930,0.920434,178.149190,-0.010879,0.066672,-26.335106
61.7354,short_2_turn_90,-0.409922,0.920448,178.691399,-0.010892,0.066662,-25.792898
61.7633,short_2_turn_90,-0.409912,0.920431,179.255235,-0.010894,0.066683,-25.229061
61.8143,short_2_turn_90,-0.409910,0.920455,179.831704,-0.010906,0.066662,-24.652592
61.8474,short_2_turn_90,-0.409945,0.920438,-179.609329,-0.010867,0.066663,-24.093626
61.9127,short_2_turn_90,-0.409941,0.920445,-179.036968,-0.010874,0.066658,-23.521265
61.9488,short_2_turn_90,-0.409929,0.920435,-178.444694,-0.010880,0.066672,-22.928991
62.0151,short_2_turn_90,-0.409934,0.920453,-177.881585,-0.010883,0.066654,-22.365881
62.0490,short_2_turn_90,-0.409947,0.920435,-177.307260,-0.010864,0.066665,-21.791556
62.1174,short_2_turn_90,-0.409964,0.920455,-176.731991,-0.010857,0.066639,-21.216288
62.1495,short_2_turn_90,-0.409952,0.920424,-176.119947,-0.010855,0.066673,-20.604243
62.2246,short_2_turn_90,-0.409924,0.920458,-175.578770,-0.010894,0.066653,-20.063066
62.2486,short_2_turn_90,-0.409961,0.920438,-174.993138,-0.010852,0.066656,-19.477435
62.3130,short_2_turn_90,-0.409958,0.920445,-174.468423,-0.010858,0.066651,-18.952720
62.3480,short_2_turn_90,-0.409958,0.920438,-173.938116,-0.010855,0.066657,-18.422413
62.4160,short_2_turn_90,-0.409943,0.920444,-173.435936,-0.010871,0.066658,-17.920233
62.4470,short_2_turn_90,-0.409919,0.920439,-172.894932,-0.010892,0.066672,-17.379228
62.5173,short_2_turn_90,-0.409912,0.920454,-172.368525,-0.010904,0.066661,-16.852822
62.5534,short_2_turn_90,-0.409922,0.920443,-171.804544,-0.010890,0.066668,-16.288840
62.6153,short_2_turn_90,-0.409942,0.920454,-171.219578,-0.010876,0.066649,-15.703874
62.6526,short_2_turn_90,-0.409940,0.920433,-170.614142,-0.010869,0.066669,-15.098439
62.7167,short_2_turn_90,-0.409947,0.920457,-170.051565,-0.010873,0.066644,-14.535862
62.7517,short_2_turn_90,-0.409948,0.920428,-169.419646,-0.010861,0.066671,-13.903942
62.8126,short_2_turn_90,-0.409916,0.920456,-168.878928,-0.010901,0.066658,-13.363225
62.8489,short_2_turn_90,-0.409926,0.920443,-168.238312,-0.010886,0.066666,-12.722609
62.9128,short_2_turn_stop,-0.409959,0.920454,-167.685804,-0.010861,0.066642,-12.170101
62.9469,short_2_turn_stop,-0.409981,0.920428,-167.038445,-0.010830,0.066657,-11.522741
63.0154,short_2_turn_stop,-0.409990,0.920444,-166.563264,-0.010829,0.066638,-11.047560
63.0466,short_2_turn_stop,-0.409989,0.920422,-166.116801,-0.010820,0.066658,-10.601097
63.1128,short_2_turn_stop,-0.409972,0.920445,-165.922718,-0.010845,0.066645,-10.407014
63.1486,short_2_turn_stop,-0.409983,0.920432,-165.784452,-0.010830,0.066653,-10.268748
63.2132,short_2_turn_stop,-0.409993,0.920440,-165.756035,-0.010824,0.066641,-10.240332
63.2477,short_2_turn_stop,-0.410017,0.920427,-165.720702,-0.010797,0.066643,-10.204999
63.3142,short_2_turn_stop,-0.410017,0.920427,-165.720702,-0.010797,0.066643,-10.204999
63.3518,short_2_turn_stop,-0.410017,0.920427,-165.720702,-0.010797,0.066643,-10.204999
63.4158,short_2_turn_stop,-0.410005,0.920427,-165.708330,-0.010808,0.066647,-10.192627
63.4455,short_2_turn_stop,-0.409981,0.920433,-165.693540,-0.010832,0.066652,-10.177836
63.5132,short_2_turn_stop,-0.409968,0.920440,-165.684194,-0.010847,0.066651,-10.168490
63.5518,short_2_turn_stop,-0.409968,0.920440,-165.684194,-0.010847,0.066651,-10.168490
63.6127,short_2_turn_stop,-0.409968,0.920440,-165.684194,-0.010847,0.066651,-10.168490
63.6488,short_2_turn_stop,-0.409968,0.920440,-165.684194,-0.010847,0.066651,-10.168490
63.7129,short_2_turn_stop,-0.409968,0.920440,-165.684194,-0.010847,0.066651,-10.168490
63.7512,short_2_turn_stop,-0.409968,0.920440,-165.684194,-0.010847,0.066651,-10.168490
63.8142,short_2_turn_stop,-0.409968,0.920440,-165.684194,-0.010847,0.066651,-10.168490
63.8490,short_2_turn_stop,-0.409968,0.920440,-165.684194,-0.010847,0.066651,-10.168490
