elapsed_sec,phase,odom_x_m,odom_y_m,odom_yaw_deg,relative_x_m,relative_y_m,relative_yaw_deg
0.0296,long_1_forward,0.086070,0.274012,-13.676290,0.000000,0.000000,-0.008236
0.0670,long_1_forward,0.086070,0.274012,-13.671215,0.000000,0.000000,-0.003162
0.1200,long_1_forward,0.086119,0.274000,-13.752279,0.000051,-0.000000,-0.084226
0.1755,long_1_forward,0.087914,0.273562,-13.669411,0.001898,-0.000001,-0.001358
0.2210,long_1_forward,0.090349,0.272971,-13.619385,0.004404,-0.000000,0.048669
0.2688,long_1_forward,0.095171,0.271803,-13.608550,0.009365,0.000004,0.059503
0.3197,long_1_forward,0.098738,0.270941,-13.583548,0.013035,0.000009,0.084506
0.3708,long_1_forward,0.104397,0.269574,-13.573376,0.018856,0.000018,0.094678
0.4193,long_1_forward,0.108210,0.268653,-13.573735,0.022780,0.000024,0.094318
0.4681,long_1_forward,0.114140,0.267224,-13.533553,0.028879,0.000037,0.134500
0.5246,long_1_forward,0.118053,0.266283,-13.515208,0.032904,0.000047,0.152845
0.5671,long_1_forward,0.123787,0.264903,-13.532508,0.038801,0.000062,0.135545
0.6205,long_1_forward,0.127750,0.263954,-13.418993,0.042876,0.000075,0.249060
0.6705,long_1_forward,0.133634,0.262551,-13.402222,0.048925,0.000102,0.265831
0.7210,long_1_forward,0.137451,0.261644,-13.342210,0.052849,0.000123,0.325844
0.7696,long_1_forward,0.143363,0.260246,-13.268569,0.058923,0.000161,0.399484
0.8196,long_1_forward,0.147205,0.259339,-13.287983,0.062871,0.000188,0.380070
0.8681,long_1_forward,0.153019,0.257966,-13.272655,0.068845,0.000228,0.395398
0.9224,long_1_forward,0.156936,0.257044,-13.226858,0.072869,0.000258,0.441195
0.9685,long_1_forward,0.162775,0.255668,-13.301782,0.078867,0.000300,0.366271
1.0190,long_1_forward,0.166494,0.254789,-13.296946,0.082689,0.000325,0.371107
1.0681,long_1_forward,0.172208,0.253432,-13.414559,0.088561,0.000357,0.253495
1.1263,long_1_forward,0.176024,0.252523,-13.389962,0.092484,0.000375,0.278091
1.1708,long_1_forward,0.181784,0.251143,-13.556474,0.098407,0.000395,0.111580
1.2197,long_1_forward,0.185597,0.250221,-13.624989,0.102330,0.000400,0.043064
1.2664,long_1_forward,0.191327,0.248828,-13.698396,0.108227,0.000401,-0.030343
1.3197,long_1_forward,0.195164,0.247893,-13.695045,0.112176,0.000399,-0.026992
1.3716,long_1_forward,0.200867,0.246495,-13.851514,0.118048,0.000388,-0.183461
1.4194,long_1_forward,0.204652,0.245564,-13.795022,0.121946,0.000378,-0.126969
1.4700,long_1_forward,0.210502,0.244126,-13.813909,0.127970,0.000363,-0.145856
1.5230,long_1_forward,0.214287,0.243198,-13.759060,0.131868,0.000355,-0.091007
1.5676,long_1_forward,0.220015,0.241791,-13.835406,0.137765,0.000342,-0.167352
1.6194,long_1_forward,0.224045,0.240798,-13.858224,0.141916,0.000329,-0.190170
1.6667,long_1_forward,0.229746,0.239393,-13.820758,0.147788,0.000311,-0.152704
1.7239,long_1_forward,0.233631,0.238441,-13.722772,0.151787,0.000304,-0.054718
1.7681,long_1_forward,0.239506,0.237002,-13.798820,0.157836,0.000294,-0.130767
1.8212,long_1_forward,0.243390,0.236051,-13.729224,0.161835,0.000288,-0.061170
1.8667,long_1_forward,0.249389,0.234582,-13.787159,0.168011,0.000278,-0.119106
1.9190,long_1_forward,0.253274,0.233632,-13.683233,0.172010,0.000273,-0.015179
1.9673,long_1_forward,0.259151,0.232201,-13.691126,0.178059,0.000271,-0.023072
2.0310,long_1_forward,0.263086,0.231242,-13.712776,0.182109,0.000269,-0.044722
2.0661,long_1_forward,0.268815,0.229845,-13.685652,0.188007,0.000266,-0.017599
2.1189,long_1_forward,0.272824,0.228869,-13.672503,0.192132,0.000265,-0.004450
2.1699,long_1_forward,0.278555,0.227477,-13.644097,0.198030,0.000266,0.023956
2.2202,long_1_forward,0.282711,0.226467,-13.656230,0.202307,0.000267,0.011823
2.2688,long_1_forward,0.288392,0.225085,-13.702242,0.208154,0.000266,-0.034189
2.3197,long_1_forward,0.292474,0.224089,-13.708094,0.212355,0.000263,-0.040041
2.3720,long_1_forward,0.298227,0.222683,-13.763312,0.218278,0.000256,-0.095259
2.4228,long_1_forward,0.302112,0.221731,-13.776436,0.222277,0.000249,-0.108383
2.4681,long_1_forward,0.307914,0.220311,-13.726405,0.228251,0.000241,-0.058352
2.5223,long_1_forward,0.311847,0.219348,-13.779385,0.232300,0.000235,-0.111331
2.5659,long_1_forward,0.317600,0.217941,-13.714923,0.238223,0.000226,-0.046870
2.6188,long_1_forward,0.321486,0.216994,-13.675678,0.242222,0.000225,-0.007624
2.6662,long_1_forward,0.327340,0.215575,-13.581420,0.248246,0.000229,0.086633
2.7203,long_1_forward,0.331326,0.214614,-13.512680,0.252346,0.000237,0.155373
2.7701,long_1_forward,0.337086,0.213233,-13.462522,0.258269,0.000256,0.205531
2.8192,long_1_forward,0.340901,0.212320,-13.457360,0.262192,0.000270,0.210693
2.8685,long_1_forward,0.346687,0.210939,-13.386769,0.268140,0.000296,0.281284
2.9192,long_1_forward,0.350577,0.210013,-13.388785,0.272139,0.000315,0.279269
2.9723,long_1_forward,0.356438,0.208621,-13.330953,0.278163,0.000348,0.337101
3.0192,long_1_forward,0.360329,0.207696,-13.422038,0.282162,0.000368,0.246015
3.0658,long_1_forward,0.365967,0.206352,-13.389131,0.287958,0.000395,0.278922
3.1188,long_1_forward,0.369857,0.205425,-13.435883,0.291957,0.000412,0.232170
3.1660,long_1_forward,0.375715,0.204023,-13.470771,0.297981,0.000435,0.197282
3.2204,long_1_forward,0.379506,0.203114,-13.509097,0.301879,0.000447,0.158956
3.2668,long_1_forward,0.385091,0.201768,-13.578881,0.307624,0.000460,0.089172
3.3195,long_1_forward,0.388978,0.200825,-13.708669,0.311623,0.000461,-0.040616
3.3692,long_1_forward,0.394756,0.199415,-13.707655,0.317571,0.000457,-0.039601
3.4201,long_1_forward,0.398592,0.198478,-13.744084,0.321520,0.000453,-0.076030
3.4706,long_1_forward,0.404198,0.197109,-13.703339,0.327291,0.000448,-0.035286
3.5276,long_1_forward,0.408083,0.196159,-13.788476,0.331290,0.000442,-0.120422
3.5714,long_1_forward,0.413834,0.194747,-13.808040,0.337213,0.000429,-0.139986
3.6379,long_1_forward,0.417669,0.193804,-13.802192,0.341161,0.000419,-0.134139
3.6897,long_1_forward,0.423470,0.192381,-13.764857,0.347134,0.000407,-0.096803
3.7187,long_1_forward,0.427427,0.191407,-13.907240,0.351209,0.000395,-0.239186
3.7864,long_1_forward,0.433103,0.190006,-13.823608,0.357056,0.000375,-0.155555
3.8207,long_1_forward,0.437355,0.188957,-13.897718,0.361435,0.000360,-0.229664
3.8672,long_1_forward,0.443056,0.187553,-13.768769,0.367307,0.000343,-0.100715
3.9193,long_1_forward,0.446965,0.186595,-13.753368,0.371331,0.000337,-0.085315
3.9741,long_1_forward,0.452817,0.185165,-13.712185,0.377355,0.000330,-0.044132
4.0220,long_1_forward,0.456800,0.184193,-13.729853,0.381455,0.000326,-0.061800
4.0664,long_1_forward,0.462555,0.182791,-13.651393,0.387378,0.000324,0.016661
4.1202,long_1_forward,0.466392,0.181859,-13.651275,0.391327,0.000325,0.016778
4.1667,long_1_forward,0.472344,0.180416,-13.603459,0.397452,0.000329,0.064594
4.2194,long_1_forward,0.476231,0.179472,-13.695876,0.401451,0.000331,-0.027823
4.2675,long_1_forward,0.482084,0.178048,-13.654730,0.407475,0.000330,0.013323
4.3199,long_1_forward,0.485994,0.177096,-13.698578,0.411499,0.000329,-0.030525
4.3700,long_1_forward,0.491822,0.175676,-13.691582,0.417498,0.000327,-0.023529
4.4236,long_1_forward,0.495683,0.174734,-13.740100,0.421472,0.000323,-0.072047
4.4757,long_1_forward,0.501534,0.173302,-13.765094,0.427496,0.000314,-0.097041
4.5225,long_1_forward,0.505320,0.172374,-13.774985,0.431393,0.000307,-0.106932
4.5668,long_1_forward,0.511294,0.170911,-13.750123,0.437544,0.000297,-0.082070
4.6201,long_1_forward,0.515227,0.169950,-13.711620,0.441594,0.000293,-0.043566
4.6685,long_1_forward,0.521031,0.168537,-13.642264,0.447567,0.000292,0.025789
4.7225,long_1_forward,0.524820,0.167620,-13.595236,0.451465,0.000295,0.072818
4.7686,long_1_forward,0.530775,0.166185,-13.486376,0.457590,0.000309,0.181677
4.8188,long_1_forward,0.534614,0.165265,-13.478640,0.461538,0.000322,0.189413
4.8659,long_1_forward,0.540449,0.163870,-13.403898,0.467537,0.000345,0.264155
4.9196,long_1_forward,0.544290,0.162957,-13.348676,0.471485,0.000365,0.319377
4.9669,long_1_forward,0.550027,0.161593,-13.398423,0.477383,0.000396,0.269630
5.0256,long_1_forward,0.553869,0.160679,-13.366807,0.481331,0.000415,0.301246
5.0677,long_1_forward,0.559877,0.159252,-13.357445,0.487507,0.000448,0.310609
5.1161,long_1_forward,0.563768,0.158328,-13.349910,0.491506,0.000470,0.318143
5.1680,long_1_forward,0.567536,0.157433,-13.374296,0.495378,0.000491,0.293757
5.2196,long_1_forward,0.573199,0.156086,-13.393781,0.501200,0.000520,0.274272
5.2673,long_1_forward,0.579133,0.154670,-13.446476,0.507300,0.000546,0.221577
5.3197,long_1_forward,0.582850,0.153781,-13.462859,0.511121,0.000561,0.205194
5.3681,long_1_forward,0.588633,0.152389,-13.592535,0.517069,0.000575,0.075518
5.4146,long_1_forward,0.592470,0.151461,-13.611744,0.521018,0.000580,0.056310
5.4694,long_1_forward,0.596233,0.150546,-13.728734,0.524890,0.000580,-0.060680
5.5188,long_1_forward,0.602109,0.149109,-13.742961,0.530940,0.000572,-0.074908
5.5669,long_1_forward,0.606043,0.148146,-13.790123,0.534989,0.000565,-0.122070
5.6172,long_1_forward,0.611868,0.146715,-13.798363,0.540988,0.000552,-0.130310
5.6691,long_1_forward,0.615801,0.145747,-13.856874,0.545038,0.000541,-0.188821
5.7144,long_1_forward,0.621354,0.144376,-13.876678,0.550758,0.000521,-0.208625
5.7719,long_1_forward,0.625458,0.143362,-13.894659,0.554985,0.000505,-0.226606
5.8169,long_1_forward,0.631183,0.141949,-13.823678,0.560882,0.000485,-0.155625
5.8678,long_1_forward,0.635042,0.141000,-13.817047,0.564856,0.000475,-0.148994
5.9177,long_1_forward,0.641065,0.139524,-13.725171,0.571057,0.000464,-0.057117
5.9691,long_1_forward,0.645048,0.138549,-13.780294,0.575157,0.000458,-0.112240
6.0191,long_1_forward,0.650752,0.137156,-13.674871,0.581029,0.000451,-0.006817
6.0676,long_1_forward,0.654835,0.136164,-13.636915,0.585231,0.000452,0.031139
6.1150,long_1_forward,0.660567,0.134777,-13.573039,0.591128,0.000459,0.095014
6.1679,long_1_forward,0.664577,0.133806,-13.647373,0.595254,0.000463,0.020680
6.2149,long_1_forward,0.670234,0.132434,-13.608138,0.601075,0.000467,0.059915
6.2683,long_1_forward,0.674292,0.131449,-13.690918,0.605252,0.000468,-0.022865
6.3160,long_1_forward,0.679999,0.130065,-13.567809,0.611124,0.000472,0.100244
6.3682,long_1_forward,0.684181,0.129052,-13.676070,0.615427,0.000476,-0.008017
6.4160,long_1_forward,0.689960,0.127645,-13.682782,0.621375,0.000475,-0.014728
6.4684,long_1_forward,0.693846,0.126698,-13.717481,0.625374,0.000472,-0.049428
6.5176,long_1_forward,0.699698,0.125271,-13.677914,0.631398,0.000469,-0.009860
6.5692,long_1_forward,0.703658,0.124309,-13.648178,0.635473,0.000470,0.019875
6.6152,long_1_forward,0.709364,0.122924,-13.631941,0.641345,0.000473,0.036112
6.6676,long_1_forward,0.713226,0.121988,-13.601670,0.645319,0.000476,0.066383
6.7151,long_1_forward,0.719082,0.120576,-13.526806,0.651342,0.000487,0.141247
6.7672,long_1_forward,0.722946,0.119648,-13.456334,0.655316,0.000499,0.211720
6.8163,long_1_forward,0.728682,0.118278,-13.420237,0.661214,0.000523,0.247816
6.8682,long_1_forward,0.732572,0.117350,-13.411883,0.665213,0.000541,0.256171
6.9149,long_1_forward,0.738383,0.115965,-13.407947,0.671186,0.000567,0.260106
6.9687,long_1_forward,0.742249,0.115046,-13.321118,0.675160,0.000588,0.346935
7.0154,long_1_forward,0.748210,0.113637,-13.280976,0.681285,0.000628,0.387077
7.0688,long_1_forward,0.752053,0.112731,-13.240530,0.685233,0.000656,0.427523
7.1151,long_1_forward,0.757917,0.111352,-13.231843,0.691257,0.000701,0.436210
7.1694,long_1_forward,0.761736,0.110454,-13.245145,0.695180,0.000731,0.422908
7.2286,long_1_forward,0.767600,0.109075,-13.208614,0.701204,0.000777,0.459440
7.2680,long_1_forward,0.771419,0.108178,-13.232313,0.705127,0.000808,0.435740
7.3166,long_1_forward,0.777208,0.106812,-13.320068,0.711075,0.000848,0.347985
7.3668,long_1_forward,0.781050,0.105901,-13.349120,0.715023,0.000871,0.318933
7.4169,long_1_forward,0.786762,0.104540,-13.456371,0.720895,0.000898,0.211682
7.4684,long_1_forward,0.790602,0.103620,-13.504192,0.724843,0.000911,0.163861
7.5174,long_1_forward,0.796311,0.102247,-13.546714,0.730715,0.000926,0.121339
7.5679,long_1_forward,0.800125,0.101325,-13.630826,0.734639,0.000931,0.037227
7.6152,long_1_forward,0.805708,0.099970,-13.644590,0.740384,0.000935,0.023463
7.6693,long_1_forward,0.809471,0.099055,-13.685008,0.744257,0.000935,-0.016955
7.7161,long_1_forward,0.815471,0.097592,-13.727767,0.750432,0.000931,-0.059714
7.8263,long_1_forward,0.819184,0.096686,-13.690112,0.754254,0.000928,-0.022059
7.8312,long_1_forward,0.824914,0.095291,-13.676779,0.760152,0.000926,-0.008726
7.8700,long_1_forward,0.828947,0.094310,-13.675253,0.764303,0.000926,-0.007200
7.9150,long_1_forward,0.834703,0.092912,-13.634641,0.770225,0.000927,0.033412
7.9676,long_1_forward,0.838590,0.091971,-13.558668,0.774225,0.000932,0.109385
8.0153,long_1_stop,0.844717,0.090495,-13.538024,0.780527,0.000945,0.130030
8.0668,long_1_stop,0.848457,0.089596,-13.487017,0.784374,0.000956,0.181037
8.1148,long_1_stop,0.854412,0.088161,-13.614862,0.790499,0.000968,0.053191
8.1684,long_1_stop,0.857217,0.087485,-13.486487,0.793385,0.000974,0.181566
8.2147,long_1_stop,0.859334,0.086978,-13.461507,0.795561,0.000981,0.206547
8.2704,long_1_stop,0.860023,0.086813,-13.408388,0.796270,0.000984,0.259665
8.3156,long_1_stop,0.860417,0.086719,-13.390412,0.796675,0.000986,0.277641
8.3690,long_1_stop,0.860516,0.086696,-13.341056,0.796776,0.000987,0.326997
8.4149,long_1_stop,0.860614,0.086672,-13.319252,0.796878,0.000987,0.348802
8.4681,long_1_stop,0.860639,0.086667,-13.260922,0.796903,0.000988,0.407131
8.5191,long_1_stop,0.860713,0.086649,-13.267780,0.796979,0.000988,0.400273
8.5695,long_1_stop,0.860713,0.086649,-13.251276,0.796979,0.000988,0.416777
8.6151,long_1_stop,0.860737,0.086643,-13.256296,0.797004,0.000988,0.411757
8.6674,long_1_stop,0.860737,0.086643,-13.243479,0.797004,0.000988,0.424575
8.7159,long_1_stop,0.860737,0.086643,-13.245356,0.797004,0.000988,0.422697
8.7704,long_1_stop,0.860737,0.086643,-13.235640,0.797004,0.000988,0.432413
8.8152,long_1_stop,0.860737,0.086643,-13.241547,0.797004,0.000988,0.426506
8.8690,long_1_stop,0.860737,0.086643,-13.228481,0.797004,0.000988,0.439572
8.9143,long_1_stop,0.860737,0.086643,-13.232866,0.797004,0.000988,0.435187
8.9672,long_1_stop,0.860737,0.086643,-13.223118,0.797004,0.000988,0.444936
9.0171,long_1_turn_90,0.860737,0.086643,-13.223408,0.797004,0.000988,0.444645
9.0681,long_1_turn_90,0.860762,0.086637,-13.217343,0.797029,0.000988,0.450711
9.1162,long_1_turn_90,0.860737,0.086643,-13.177770,0.797004,0.000988,0.490284
9.1681,long_1_turn_90,0.860713,0.086649,-12.987406,0.796979,0.000988,0.680647
9.2203,long_1_turn_90,0.860762,0.086638,-12.839210,0.797029,0.000989,0.828843
9.2683,long_1_turn_90,0.860861,0.086616,-12.293853,0.797131,0.000991,1.374201
9.3164,long_1_turn_90,0.861009,0.086584,-11.962406,0.797282,0.000995,1.705648
9.3704,long_1_turn_90,0.860985,0.086589,-11.330531,0.797257,0.000994,2.337522
9.4159,long_1_turn_90,0.860960,0.086594,-10.954944,0.797232,0.000993,2.713110
9.4679,long_1_turn_90,0.860935,0.086598,-10.313568,0.797207,0.000991,3.354485
9.5184,long_1_turn_90,0.860960,0.086594,-9.917695,0.797232,0.000993,3.750359
9.5673,long_1_turn_90,0.861010,0.086586,-9.303424,0.797282,0.000996,4.364629
9.6163,long_1_turn_90,0.861010,0.086586,-8.872604,0.797282,0.000996,4.795449
9.6698,long_1_turn_90,0.861010,0.086586,-8.183785,0.797282,0.000996,5.484269
9.7189,long_1_turn_90,0.861060,0.086579,-7.729318,0.797333,0.001002,5.938736
9.7717,long_1_turn_90,0.861085,0.086575,-7.052882,0.797358,0.001004,6.615172
9.8152,long_1_turn_90,0.861060,0.086578,-6.589594,0.797333,0.001001,7.078460
9.8667,long_1_turn_90,0.861060,0.086578,-5.951248,0.797333,0.001001,7.716806
9.9161,long_1_turn_90,0.861035,0.086581,-5.458176,0.797308,0.000998,8.209877
9.9700,long_1_turn_90,0.861110,0.086574,-4.767643,0.797383,0.001009,8.900410
10.0154,long_1_turn_90,0.861110,0.086574,-4.296784,0.797383,0.001009,9.371270
10.0740,long_1_turn_90,0.861161,0.086571,-3.650409,0.797433,0.001018,10.017645
10.1164,long_1_turn_90,0.861135,0.086572,-3.186332,0.797408,0.001013,10.481721
10.1664,long_1_turn_90,0.861110,0.086573,-2.542013,0.797383,0.001008,11.126040
10.2160,long_1_turn_90,0.861009,0.086577,-2.098295,0.797284,0.000988,11.569759
10.2683,long_1_turn_90,0.861034,0.086577,-1.533059,0.797308,0.000994,12.134994
10.3187,long_1_turn_90,0.860933,0.086579,-1.081688,0.797209,0.000972,12.586366
10.3670,long_1_turn_90,0.861034,0.086577,-0.515352,0.797308,0.000995,13.152701
10.4230,long_1_turn_90,0.860984,0.086578,-0.076018,0.797259,0.000983,13.592035
10.4691,long_1_turn_90,0.861060,0.086578,0.601942,0.797333,0.001001,14.269996
10.5202,long_1_turn_90,0.861110,0.086579,1.063979,0.797382,0.001014,14.732032
10.5669,long_1_turn_90,0.861136,0.086579,1.681312,0.797406,0.001020,15.349365
10.6168,long_1_turn_90,0.861060,0.086577,2.194917,0.797333,0.001000,15.862970
10.6676,long_1_turn_90,0.861136,0.086580,2.862410,0.797406,0.001021,16.530463
10.7144,long_1_turn_90,0.861110,0.086579,3.326757,0.797382,0.001014,16.994810
10.7656,long_1_turn_90,0.861186,0.086584,3.974589,0.797454,0.001036,17.642642
10.8141,long_1_turn_90,0.861136,0.086580,4.468320,0.797406,0.001021,18.136373
10.8683,long_1_turn_90,0.861161,0.086582,5.131478,0.797430,0.001029,18.799531
10.9164,long_1_turn_90,0.861161,0.086582,5.614443,0.797430,0.001029,19.282497
10.9663,long_1_turn_90,0.861161,0.086582,6.241460,0.797430,0.001029,19.909513
11.0145,long_1_turn_90,0.861161,0.086582,6.695572,0.797430,0.001029,20.363625
11.0661,long_1_turn_90,0.861136,0.086579,7.259662,0.797406,0.001020,20.927715
11.1145,long_1_turn_90,0.861085,0.086572,7.702809,0.797359,0.001002,21.370863
11.1687,long_1_turn_90,0.861136,0.086579,8.313444,0.797406,0.001020,21.981497
11.2143,long_1_turn_90,0.861111,0.086576,8.738029,0.797383,0.001011,22.406082
11.2666,long_1_turn_90,0.861136,0.086580,9.351560,0.797406,0.001021,23.019613
11.3149,long_1_turn_90,0.861136,0.086580,9.824150,0.797406,0.001021,23.492203
11.3697,long_1_turn_90,0.861185,0.086589,10.472646,0.797452,0.001041,24.140699
11.4148,long_1_turn_90,0.861160,0.086584,10.937218,0.797429,0.001031,24.605272
11.4731,long_1_turn_90,0.861160,0.086584,11.609271,0.797429,0.001031,25.277325
11.5226,long_1_turn_90,0.861185,0.086589,12.097302,0.797452,0.001041,25.765355
11.5671,long_1_turn_90,0.861161,0.086584,12.744686,0.797429,0.001030,26.412739
11.6162,long_1_turn_90,0.861185,0.086589,13.242457,0.797452,0.001042,26.910510
11.6811,long_1_turn_90,0.861185,0.086589,13.892446,0.797452,0.001042,27.560500
11.7143,long_1_turn_90,0.861210,0.086596,14.334392,0.797474,0.001053,28.002445
11.7660,long_1_turn_90,0.861185,0.086589,15.005897,0.797452,0.001041,28.673950
11.8442,long_1_turn_90,0.861185,0.086589,15.447351,0.797452,0.001041,29.115404
11.8667,long_1_turn_90,0.861210,0.086596,16.055952,0.797474,0.001054,29.724005
11.9162,long_1_turn_90,0.861161,0.086582,16.464141,0.797430,0.001029,30.132194
11.9679,long_1_turn_90,0.861137,0.086575,17.099920,0.797408,0.001016,30.767974
12.0185,long_1_turn_90,0.861161,0.086582,17.527470,0.797430,0.001029,31.195523
12.0667,long_1_turn_90,0.861185,0.086590,18.149572,0.797452,0.001042,31.817625
12.1146,long_1_turn_90,0.861257,0.086614,18.570272,0.797516,0.001082,32.238326
12.1666,long_1_turn_90,0.861257,0.086614,19.252028,0.797516,0.001082,32.920081
12.2147,long_1_turn_90,0.861305,0.086631,19.697019,0.797558,0.001110,33.365073
12.2665,long_1_turn_90,0.861305,0.086631,20.379692,0.797558,0.001110,34.047745
12.3396,long_1_turn_90,0.861352,0.086648,20.835325,0.797600,0.001139,34.503378
12.3666,long_1_turn_90,0.861329,0.086639,21.526035,0.797580,0.001124,35.194088
12.4169,long_1_turn_90,0.861376,0.086658,21.983331,0.797621,0.001153,35.651385
12.4697,long_1_turn_90,0.861376,0.086658,22.672398,0.797621,0.001153,36.340452
12.5161,long_1_turn_90,0.861376,0.086658,23.114949,0.797621,0.001153,36.783002
12.5723,long_1_turn_90,0.861399,0.086668,23.786843,0.797641,0.001169,37.454896
12.6147,long_1_turn_90,0.861399,0.086668,24.177033,0.797641,0.001169,37.845086
12.6666,long_1_turn_90,0.861376,0.086658,24.600576,0.797621,0.001153,38.268630
12.7162,long_1_turn_90,0.861376,0.086658,25.230651,0.797621,0.001153,38.898704
12.7708,long_1_turn_90,0.861353,0.086647,25.876466,0.797601,0.001137,39.544519
12.8167,long_1_turn_90,0.861398,0.086669,26.260237,0.797640,0.001169,39.928290
12.8705,long_1_turn_90,0.861398,0.086669,26.950663,0.797640,0.001169,40.618717
12.9165,long_1_turn_90,0.861421,0.086681,27.389271,0.797660,0.001186,41.057324
12.9728,long_1_turn_90,0.861421,0.086681,27.843905,0.797660,0.001186,41.511959
13.0158,long_1_turn_90,0.861466,0.086704,28.492619,0.797697,0.001220,42.160673
13.0664,long_1_turn_90,0.861510,0.086729,28.971429,0.797735,0.001254,42.639483
13.1159,long_1_turn_90,0.861532,0.086741,29.662542,0.797753,0.001271,43.330595
13.1946,long_1_turn_90,0.861532,0.086741,30.154152,0.797753,0.001271,43.822205
13.2155,long_1_turn_90,0.861597,0.086780,30.820112,0.797808,0.001324,44.488166
13.2656,long_1_turn_90,0.861576,0.086767,31.294776,0.797790,0.001306,44.962830
13.3212,long_1_turn_90,0.861597,0.086780,31.954620,0.797807,0.001324,45.622674
13.3668,long_1_turn_90,0.861576,0.086766,32.448849,0.797790,0.001306,46.116903
13.4188,long_1_turn_90,0.861576,0.086766,33.071653,0.797790,0.001306,46.739707
13.4659,long_1_turn_90,0.861576,0.086766,33.531096,0.797790,0.001306,47.199150
13.5211,long_1_turn_90,0.861576,0.086766,34.118038,0.797790,0.001306,47.786092
13.5699,long_1_turn_90,0.861576,0.086766,34.585298,0.797790,0.001306,48.253352
13.6161,long_1_turn_90,0.861576,0.086766,35.170082,0.797790,0.001306,48.838136
13.6664,long_1_turn_90,0.861576,0.086766,35.650907,0.797790,0.001306,49.318960
13.7174,long_1_turn_90,0.861576,0.086766,36.299785,0.797790,0.001306,49.967839
13.7689,long_1_turn_90,0.861617,0.086797,36.769323,0.797822,0.001345,50.437377
13.8174,long_1_turn_90,0.861596,0.086781,37.440400,0.797806,0.001325,51.108453
13.8669,long_1_turn_90,0.861616,0.086797,37.907622,0.797822,0.001345,51.575675
13.9159,long_1_turn_90,0.861636,0.086812,38.569717,0.797838,0.001365,52.237770
13.9699,long_1_turn_90,0.861636,0.086812,39.054049,0.797838,0.001365,52.722102
14.0184,long_1_turn_90,0.861656,0.086828,39.753037,0.797853,0.001385,53.421090
14.0684,long_1_turn_90,0.861675,0.086845,40.241047,0.797868,0.001406,53.909100
14.1160,long_1_turn_90,0.861675,0.086845,40.880605,0.797868,0.001406,54.548659
14.1908,long_1_turn_90,0.861675,0.086845,41.355269,0.797868,0.001406,55.023323
14.2162,long_1_turn_90,0.861675,0.086845,41.999247,0.797868,0.001406,55.667300
14.2709,long_1_turn_90,0.861657,0.086828,42.447922,0.797854,0.001385,56.115975
14.3159,long_1_turn_90,0.861657,0.086828,43.023850,0.797854,0.001385,56.691904
14.3659,long_1_turn_90,0.861638,0.086810,43.461392,0.797840,0.001363,57.129446
14.4225,long_1_turn_90,0.861620,0.086793,44.056677,0.797826,0.001342,57.724731
14.4688,long_1_turn_90,0.861620,0.086793,44.483417,0.797826,0.001342,58.151471
14.5239,long_1_turn_90,0.861602,0.086775,45.143012,0.797813,0.001321,58.811066
14.5660,long_1_turn_90,0.861620,0.086793,45.581299,0.797826,0.001342,59.249352
14.6198,long_1_turn_90,0.861637,0.086811,46.255623,0.797839,0.001364,59.923676
14.6659,long_1_turn_90,0.861672,0.086848,46.713174,0.797864,0.001408,60.381227
14.7219,long_1_turn_90,0.861638,0.086811,47.410720,0.797839,0.001364,61.078774
14.7699,long_1_turn_90,0.861655,0.086830,47.863961,0.797851,0.001386,61.532015
14.8166,long_1_turn_90,0.861621,0.086792,48.545734,0.797828,0.001341,62.213787
14.8670,long_1_turn_90,0.861638,0.086811,49.012868,0.797839,0.001364,62.680921
14.9171,long_1_turn_90,0.861638,0.086811,49.714741,0.797839,0.001364,63.382795
14.9664,long_1_turn_90,0.861621,0.086792,50.167822,0.797828,0.001341,63.835875
15.0162,long_1_turn_90,0.861621,0.086792,50.855414,0.797828,0.001341,64.523467
15.0662,long_1_turn_90,0.861605,0.086772,51.290421,0.797817,0.001318,64.958475
15.1168,long_1_turn_90,0.861590,0.086752,51.927063,0.797807,0.001295,65.595117
15.1658,long_1_turn_90,0.861543,0.086692,52.333583,0.797775,0.001226,66.001636
15.2164,long_1_turn_90,0.861543,0.086692,52.938734,0.797775,0.001226,66.606787
15.2659,long_1_turn_90,0.861513,0.086652,53.320774,0.797756,0.001180,66.988827
15.3173,long_1_turn_90,0.861498,0.086631,53.988261,0.797746,0.001156,67.656314
15.3711,long_1_turn_90,0.861498,0.086631,54.417463,0.797746,0.001156,68.085516
15.4219,long_1_turn_90,0.861498,0.086631,55.110065,0.797746,0.001156,68.778118
15.4661,long_1_turn_90,0.861512,0.086652,55.535654,0.797755,0.001180,69.203707
15.5164,long_1_turn_90,0.861512,0.086652,56.255597,0.797755,0.001180,69.923650
15.5665,long_1_turn_90,0.861526,0.086673,56.711717,0.797763,0.001204,70.379770
15.6158,long_1_turn_90,0.861526,0.086673,57.416196,0.797763,0.001204,71.084250
15.6690,long_1_turn_90,0.861526,0.086673,57.828910,0.797763,0.001204,71.496964
15.7158,long_1_turn_90,0.861499,0.086630,58.534988,0.797748,0.001155,72.203041
15.7660,long_1_turn_90,0.861499,0.086630,58.965645,0.797748,0.001155,72.633698
15.8163,long_1_turn_90,0.861474,0.086587,59.655774,0.797733,0.001107,73.323828
15.8660,long_1_turn_90,0.861474,0.086587,60.071309,0.797733,0.001107,73.739363
15.9165,long_1_turn_90,0.861461,0.086565,60.742184,0.797726,0.001083,74.410237
15.9659,long_1_turn_90,0.861461,0.086565,61.129176,0.797726,0.001083,74.797229
16.0164,long_1_turn_90,0.861437,0.086520,61.768830,0.797713,0.001034,75.436883
16.0667,long_1_turn_90,0.861437,0.086520,62.128508,0.797713,0.001034,75.796561
16.1163,long_1_turn_90,0.861425,0.086498,62.775709,0.797707,0.001009,76.443762
16.1659,long_1_turn_90,0.861437,0.086520,63.156827,0.797713,0.001034,76.824880
16.2174,long_1_turn_90,0.861414,0.086475,63.602203,0.797701,0.000985,77.270256
16.2659,long_1_turn_90,0.861414,0.086475,64.273802,0.797701,0.000985,77.941855
16.3182,long_1_turn_90,0.861392,0.086429,64.746724,0.797691,0.000935,78.414777
16.3648,long_1_turn_90,0.861382,0.086406,65.377396,0.797686,0.000910,79.045450
16.4150,long_1_turn_90,0.861371,0.086383,65.869081,0.797681,0.000885,79.537135
16.4687,long_1_turn_90,0.861351,0.086337,66.552906,0.797672,0.000835,80.220959
16.5151,long_1_turn_90,0.861351,0.086337,67.058668,0.797672,0.000835,80.726721
16.5855,long_1_turn_90,0.861351,0.086337,67.705186,0.797672,0.000835,81.373240
16.6154,long_1_turn_90,0.861351,0.086337,68.182412,0.797672,0.000835,81.850465
16.6686,long_1_turn_90,0.861341,0.086313,68.792655,0.797669,0.000810,82.460708
16.7204,long_1_turn_90,0.861341,0.086313,69.248454,0.797669,0.000810,82.916507
16.7699,long_1_turn_90,0.861315,0.086242,69.825332,0.797660,0.000735,83.493385
16.8161,long_1_turn_90,0.861315,0.086242,70.263925,0.797660,0.000735,83.931979
16.8673,long_1_turn_90,0.861298,0.086194,70.839895,0.797655,0.000685,84.507948
16.9146,long_1_turn_stop,0.861298,0.086194,71.310625,0.797655,0.000685,84.978678
16.9644,long_1_turn_stop,0.861290,0.086170,71.889872,0.797653,0.000659,85.557926
17.0147,long_1_turn_stop,0.861306,0.086219,72.215563,0.797657,0.000710,85.883617
17.0652,long_1_turn_stop,0.861306,0.086219,72.441581,0.797657,0.000710,86.109634
17.1158,long_1_turn_stop,0.861313,0.086243,72.546568,0.797658,0.000735,86.214621
17.1654,long_1_turn_stop,0.861306,0.086219,72.603245,0.797657,0.000710,86.271298
17.2154,long_1_turn_stop,0.861306,0.086219,72.638413,0.797657,0.000710,86.306467
17.2651,long_1_turn_stop,0.861306,0.086219,72.657982,0.797657,0.000710,86.326035
17.3153,long_1_turn_stop,0.861306,0.086219,72.664955,0.797657,0.000710,86.333009
17.3889,long_1_turn_stop,0.861306,0.086219,72.668282,0.797657,0.000710,86.336335
17.4146,long_1_turn_stop,0.861306,0.086219,72.667408,0.797657,0.000710,86.335461
17.4647,long_1_turn_stop,0.861306,0.086219,72.668063,0.797657,0.000710,86.336117
17.5147,long_1_turn_stop,0.861306,0.086219,72.665618,0.797657,0.000710,86.333671
17.5681,long_1_turn_stop,0.861306,0.086219,72.666376,0.797657,0.000710,86.334430
17.6159,long_1_turn_stop,0.861306,0.086219,72.665905,0.797657,0.000710,86.333958
17.6655,long_1_turn_stop,0.861313,0.086243,72.667496,0.797658,0.000735,86.335550
17.7228,long_1_turn_stop,0.861306,0.086219,72.666485,0.797657,0.000710,86.334539
17.7684,long_1_turn_stop,0.861306,0.086219,72.667298,0.797657,0.000710,86.335352
17.8156,long_1_turn_stop,0.861306,0.086219,72.667612,0.797657,0.000710,86.335666
17.8659,long_1_turn_stop,0.861306,0.086219,72.667298,0.797657,0.000710,86.335352
17.9158,short_1_forward,0.861313,0.086243,72.672312,0.797658,0.000735,86.340365
17.9671,short_1_forward,0.861306,0.086219,72.689414,0.797657,0.000710,86.357468
18.0156,short_1_forward,0.861343,0.086339,72.858858,0.797664,0.000836,86.526911
18.0654,short_1_forward,0.861902,0.088154,72.925958,0.797778,0.002731,86.594011
18.1168,short_1_forward,0.862620,0.090501,73.032836,0.797922,0.005182,86.700890
18.1706,short_1_forward,0.863993,0.095005,73.059563,0.798192,0.009882,86.727616
18.2164,short_1_forward,0.865067,0.098540,73.146443,0.798400,0.013572,86.814496
18.2654,short_1_forward,0.866731,0.104040,73.195327,0.798717,0.019308,86.863380
18.3153,short_1_forward,0.867882,0.107843,73.109553,0.798937,0.023276,86.777606
18.3658,short_1_forward,0.869608,0.113535,73.151545,0.799269,0.029215,86.819598
18.4162,short_1_forward,0.870820,0.117532,73.118323,0.799502,0.033385,86.786376
18.4683,short_1_forward,0.872520,0.123126,73.082328,0.799832,0.039222,86.750381
18.5208,short_1_forward,0.873680,0.126953,73.169126,0.800055,0.043215,86.837179
18.5719,short_1_forward,0.875426,0.132692,72.989150,0.800396,0.049204,86.657204
18.6164,short_1_forward,0.876573,0.136444,73.026279,0.800623,0.053120,86.694333
18.6650,short_1_forward,0.878385,0.142374,72.995694,0.800983,0.059311,86.663747
18.7153,short_1_forward,0.879556,0.146198,72.934632,0.801217,0.063303,86.602685
18.7650,short_1_forward,0.881252,0.151741,73.044584,0.801555,0.069090,86.712638
18.8155,short_1_forward,0.882512,0.155855,72.884191,0.801808,0.073385,86.552244
18.8652,short_1_forward,0.884203,0.161346,72.883317,0.802154,0.079120,86.551370
18.9154,short_1_forward,0.885445,0.165386,72.961235,0.802405,0.083339,86.629289
18.9663,short_1_forward,0.887164,0.170974,72.843886,0.802755,0.089176,86.511939
19.0154,short_1_forward,0.888355,0.174845,72.935110,0.802998,0.093218,86.603163
19.0661,short_1_forward,0.890144,0.180677,72.965258,0.803358,0.099307,86.633312
19.1154,short_1_forward,0.891313,0.184501,73.023055,0.803591,0.103300,86.691109
19.1677,short_1_forward,0.893079,0.190313,73.182718,0.803933,0.109365,86.850771
19.2152,short_1_forward,0.894292,0.194310,73.053504,0.804167,0.113534,86.721558
19.2658,short_1_forward,0.895944,0.199759,73.205859,0.804485,0.119220,86.873912
19.3153,short_1_forward,0.897210,0.203951,73.188776,0.804725,0.123593,86.856830
19.3689,short_1_forward,0.898865,0.209427,73.182909,0.805038,0.129304,86.850963
19.4171,short_1_forward,0.900082,0.213448,73.140972,0.805271,0.133499,86.809025
19.4664,short_1_forward,0.901837,0.219237,73.127072,0.805608,0.139539,86.795126
19.5172,short_1_forward,0.903020,0.223137,73.123200,0.805836,0.143608,86.791253
19.5683,short_1_forward,0.904781,0.228950,73.163389,0.806174,0.149673,86.831442
19.6158,short_1_forward,0.905938,0.232752,73.005864,0.806399,0.153640,86.673917
19.6684,short_1_forward,0.907669,0.238443,73.136894,0.806737,0.159579,86.804948
19.7157,short_1_forward,0.908837,0.242294,73.146989,0.806961,0.163597,86.815043
19.7671,short_1_forward,0.910560,0.247987,73.172008,0.807291,0.169536,86.840062
19.8159,short_1_forward,0.911717,0.251815,73.185115,0.807511,0.173529,86.853169
19.8682,short_1_forward,0.913401,0.257388,73.191802,0.807830,0.179341,86.859855
19.9162,short_1_forward,0.914557,0.261216,73.204213,0.808048,0.183335,86.872266
19.9744,short_1_forward,0.916258,0.266863,73.259080,0.808367,0.189223,86.927133
20.0156,short_1_forward,0.917392,0.270618,73.132578,0.808582,0.193141,86.800631
20.0663,short_1_forward,0.919102,0.276262,73.165923,0.808909,0.199029,86.833976
20.1166,short_1_forward,0.920234,0.279992,73.055506,0.809128,0.202921,86.723559
20.1664,short_1_forward,0.921987,0.285755,73.110782,0.809470,0.208935,86.778836
20.2177,short_1_forward,0.923155,0.289606,73.137926,0.809695,0.212953,86.805979
20.2659,short_1_forward,0.924880,0.295299,73.147672,0.810026,0.218892,86.815726
20.3190,short_1_forward,0.926026,0.299078,73.127318,0.810246,0.222834,86.795372
20.3693,short_1_forward,0.927752,0.304770,73.132475,0.810578,0.228773,86.800528
20.4196,short_1_forward,0.928856,0.308402,73.053402,0.810793,0.232563,86.721455
20.4654,short_1_forward,0.930592,0.314118,73.156688,0.811129,0.238527,86.824741
20.5192,short_1_forward,0.931813,0.318138,73.037044,0.811366,0.242722,86.705097
20.5689,short_1_forward,0.933556,0.323851,73.042638,0.811709,0.248686,86.710691
20.6188,short_1_forward,0.934762,0.327797,72.969336,0.811948,0.252804,86.637389
20.6673,short_1_forward,0.936472,0.333361,72.859671,0.812295,0.258615,86.527724
20.7175,short_1_forward,0.937672,0.337256,72.889559,0.812541,0.262683,86.557613
20.7670,short_1_forward,0.939540,0.343301,72.763023,0.812928,0.268999,86.431077
20.8179,short_1_forward,0.940646,0.346854,72.666492,0.813163,0.272712,86.334546
20.8682,short_1_forward,0.942499,0.352825,72.855607,0.813552,0.278952,86.523660
20.9180,short_1_forward,0.943677,0.356620,72.632997,0.813801,0.282918,86.301050
20.9714,short_1_forward,0.945385,0.362106,72.793998,0.814164,0.288652,86.462052
21.0243,short_1_forward,0.946657,0.366216,72.801484,0.814429,0.292946,86.469537
21.0762,short_1_forward,0.948382,0.371802,72.877934,0.814785,0.298782,86.545988
21.1181,short_1_forward,0.949609,0.375795,72.973687,0.815033,0.302951,86.641740
21.1702,short_1_forward,0.951355,0.381480,72.867436,0.815387,0.308889,86.535490
21.2200,short_1_forward,0.952494,0.385182,72.932829,0.815619,0.312754,86.600882
21.2668,short_1_forward,0.954342,0.391207,72.964821,0.815991,0.319046,86.632875
21.3187,short_1_forward,0.955487,0.394933,72.881213,0.816222,0.322936,86.549266
21.3684,short_1_forward,0.957262,0.400716,72.992477,0.816581,0.328975,86.660530
21.4186,short_1_forward,0.958463,0.404637,72.947486,0.816821,0.333068,86.615540
21.4661,short_1_forward,0.960229,0.410396,72.955928,0.817176,0.339082,86.623982
21.5187,short_1_forward,0.961421,0.414292,73.006342,0.817415,0.343150,86.674395
21.5661,short_1_forward,0.963170,0.420004,72.944556,0.817764,0.349113,86.612609
21.6193,short_1_forward,0.964334,0.423803,72.984356,0.817998,0.353080,86.652409
21.6674,short_1_forward,0.966092,0.429539,72.939256,0.818350,0.359068,86.607309
21.7186,short_1_forward,0.967264,0.433362,72.981501,0.818586,0.363060,86.649554
21.7660,short_1_forward,0.969028,0.439122,72.966140,0.818938,0.369074,86.634193
21.8195,short_1_forward,0.970192,0.442921,72.955553,0.819172,0.373041,86.623606
21.8658,short_1_forward,0.971927,0.448584,72.981801,0.819520,0.378953,86.649854
21.9192,short_1_stop,0.973080,0.452361,73.054563,0.819748,0.382895,86.722616
21.9656,short_1_stop,0.974800,0.458002,73.044407,0.820085,0.388783,86.712460
22.0191,short_1_stop,0.975885,0.461561,73.044011,0.820299,0.392497,86.712064
22.0664,short_1_stop,0.976995,0.465192,72.960990,0.820519,0.396288,86.629043
22.1210,short_1_stop,0.977350,0.466353,72.983406,0.820591,0.397500,86.651460
22.1664,short_1_stop,0.977580,0.467104,72.974035,0.820636,0.398284,86.642089
22.2282,short_1_stop,0.977624,0.467249,72.974889,0.820645,0.398435,86.642942
22.2684,short_1_stop,0.977669,0.467394,72.966693,0.820654,0.398587,86.634746
22.3186,short_1_stop,0.977691,0.467467,72.980408,0.820659,0.398663,86.648461
22.3708,short_1_stop,0.977706,0.467515,72.982826,0.820662,0.398713,86.650879
22.4204,short_1_stop,0.977728,0.467588,72.987976,0.820666,0.398789,86.656029
22.4682,short_1_stop,0.977743,0.467636,72.973352,0.820669,0.398840,86.641406
22.5188,short_1_stop,0.977765,0.467709,72.997538,0.820673,0.398915,86.665591
22.5709,short_1_stop,0.977780,0.467757,73.001663,0.820676,0.398966,86.669717
22.6140,short_1_stop,0.977780,0.467757,73.023479,0.820676,0.398966,86.691532
22.6711,short_1_stop,0.977787,0.467781,73.023547,0.820678,0.398991,86.691601
22.7181,short_1_stop,0.977787,0.467781,73.038184,0.820678,0.398991,86.706238
22.7762,short_1_stop,0.977787,0.467781,73.039332,0.820678,0.398991,86.707385
22.8166,short_1_stop,0.977787,0.467781,73.061933,0.820678,0.398991,86.729986
22.8663,short_1_stop,0.977787,0.467781,73.049919,0.820678,0.398991,86.717972
22.9148,short_1_turn_90,0.977795,0.467805,73.077082,0.820679,0.399017,86.745136
22.9683,short_1_turn_90,0.977802,0.467830,73.070908,0.820681,0.399042,86.738961
23.0173,short_1_turn_90,0.977802,0.467830,73.134791,0.820681,0.399042,86.802844
23.0869,short_1_turn_90,0.977802,0.467830,73.333440,0.820681,0.399042,87.001493
23.1213,short_1_turn_90,0.977802,0.467830,73.574545,0.820681,0.399042,87.242599
23.1670,short_1_turn_90,0.977809,0.467854,74.043397,0.820682,0.399067,87.711450
23.2163,short_1_turn_90,0.977795,0.467805,74.414761,0.820680,0.399016,88.082815
23.2680,short_1_turn_90,0.977809,0.467854,75.049381,0.820681,0.399067,88.717435
23.3143,short_1_turn_90,0.977809,0.467854,75.480858,0.820681,0.399067,89.148911
23.3666,short_1_turn_90,0.977809,0.467854,76.128729,0.820681,0.399067,89.796782
23.4174,short_1_turn_90,0.977821,0.467903,76.553628,0.820681,0.399118,90.221681
23.4665,short_1_turn_90,0.977809,0.467854,77.233853,0.820682,0.399067,90.901907
23.5268,short_1_turn_90,0.977820,0.467903,77.653910,0.820681,0.399118,91.321963
23.5707,short_1_turn_90,0.977815,0.467879,78.325591,0.820682,0.399092,91.993644
23.6148,short_1_turn_90,0.977815,0.467879,78.720328,0.820682,0.399092,92.388381
23.6661,short_1_turn_90,0.977815,0.467879,79.398211,0.820682,0.399092,93.066264
23.7160,short_1_turn_90,0.977810,0.467854,79.786534,0.820683,0.399067,93.454588
23.7724,short_1_turn_90,0.977806,0.467829,80.447232,0.820685,0.399042,94.115285
23.8164,short_1_turn_90,0.977794,0.467754,80.822524,0.820690,0.398966,94.490577
23.8672,short_1_turn_90,0.977794,0.467754,81.470456,0.820690,0.398966,95.138509
23.9544,short_1_turn_90,0.977783,0.467679,81.843405,0.820697,0.398891,95.511458
23.9668,short_1_turn_90,0.977783,0.467679,82.533766,0.820697,0.398891,96.201819
24.0151,short_1_turn_90,0.977779,0.467654,82.921031,0.820700,0.398865,96.589084
24.0680,short_1_turn_90,0.977777,0.467628,83.610122,0.820703,0.398840,97.278175
24.1144,short_1_turn_90,0.977774,0.467603,83.984983,0.820707,0.398815,97.653037
24.1707,short_1_turn_90,0.977776,0.467628,84.687393,0.820703,0.398840,98.355446
24.2159,short_1_turn_90,0.977776,0.467628,85.078264,0.820703,0.398840,98.746318
24.2752,short_1_turn_90,0.977778,0.467654,85.768926,0.820699,0.398865,99.436979
24.3185,short_1_turn_90,0.977784,0.467729,86.126241,0.820686,0.398940,99.794294
24.3766,short_1_turn_90,0.977784,0.467729,86.814758,0.820686,0.398940,100.482811
24.4149,short_1_turn_90,0.977788,0.467805,87.191976,0.820672,0.399015,100.860029
24.4713,short_1_turn_90,0.977789,0.467831,87.887432,0.820667,0.399040,101.555486
24.5159,short_1_turn_90,0.977790,0.467856,88.257198,0.820662,0.399064,101.925252
24.5666,short_1_turn_90,0.977790,0.467881,88.920792,0.820657,0.399089,102.588845
24.6152,short_1_turn_90,0.977790,0.467856,89.279029,0.820663,0.399064,102.947082
24.6661,short_1_turn_90,0.977789,0.467805,89.950703,0.820674,0.399015,103.618756
24.7158,short_1_turn_90,0.977790,0.467780,90.352338,0.820680,0.398991,104.020392
24.7681,short_1_turn_90,0.977790,0.467729,91.032045,0.820693,0.398942,104.700098
24.8171,short_1_turn_90,0.977792,0.467653,91.399133,0.820712,0.398868,105.067186
24.8661,short_1_turn_90,0.977793,0.467628,92.159873,0.820719,0.398844,105.827926
24.9150,short_1_turn_90,0.977793,0.467628,92.558715,0.820719,0.398844,106.226768
24.9660,short_1_turn_90,0.977794,0.467603,93.240026,0.820726,0.398819,106.908079
25.0162,short_1_turn_90,0.977792,0.467628,93.684330,0.820719,0.398844,107.352383
25.0667,short_1_turn_90,0.977792,0.467628,94.358811,0.820719,0.398844,108.026864
25.1160,short_1_turn_90,0.977792,0.467628,94.765856,0.820719,0.398844,108.433910
25.1687,short_1_turn_90,0.977790,0.467653,95.466968,0.820711,0.398868,109.135022
25.2159,short_1_turn_90,0.977788,0.467678,95.905992,0.820702,0.398891,109.574046
25.2701,short_1_turn_90,0.977790,0.467653,96.596702,0.820711,0.398868,110.264755
25.3164,short_1_turn_90,0.977778,0.467754,96.971837,0.820675,0.398963,110.639890
25.3673,short_1_turn_90,0.977775,0.467779,97.678310,0.820666,0.398986,111.346364
25.4153,short_1_turn_90,0.977772,0.467804,98.058745,0.820657,0.399010,111.726798
25.4660,short_1_turn_90,0.977779,0.467754,98.717688,0.820676,0.398963,112.385741
25.5152,short_1_turn_90,0.977787,0.467704,99.090671,0.820696,0.398916,112.758724
25.5694,short_1_turn_90,0.977795,0.467654,99.778771,0.820715,0.398870,113.446824
25.6160,short_1_turn_90,0.977808,0.467579,100.202967,0.820746,0.398800,113.871020
25.6655,short_1_turn_90,0.977813,0.467554,100.838933,0.820756,0.398777,114.506986
25.7177,short_1_turn_90,0.977823,0.467505,101.326588,0.820777,0.398731,114.994641
25.7672,short_1_turn_90,0.977818,0.467529,101.985496,0.820767,0.398754,115.653549
25.8193,short_1_turn_90,0.977828,0.467480,102.477515,0.820789,0.398708,116.145569
25.8664,short_1_turn_90,0.977834,0.467455,103.117395,0.820800,0.398686,116.785448
25.9152,short_1_turn_90,0.977840,0.467431,103.568058,0.820812,0.398663,117.236111
25.9673,short_1_turn_90,0.977852,0.467382,104.228612,0.820835,0.398618,117.896665
26.0155,short_1_turn_90,0.977846,0.467406,104.689015,0.820823,0.398640,118.357068
26.0663,short_1_turn_90,0.977832,0.467455,105.352076,0.820799,0.398685,119.020129
26.1155,short_1_turn_90,0.977812,0.467528,105.809323,0.820762,0.398751,119.477376
26.1686,short_1_turn_90,0.977805,0.467552,106.448273,0.820749,0.398773,120.116327
26.2155,short_1_turn_90,0.977805,0.467552,106.914277,0.820749,0.398773,120.582330
26.2662,short_1_turn_90,0.977798,0.467577,107.548145,0.820736,0.398795,121.216199
26.3178,short_1_turn_90,0.977821,0.467504,107.973591,0.820776,0.398730,121.641644
26.3668,short_1_turn_90,0.977829,0.467480,108.587113,0.820789,0.398709,122.255166
26.4153,short_1_turn_90,0.977845,0.467432,109.066790,0.820816,0.398666,122.734844
26.4660,short_1_turn_90,0.977845,0.467432,109.708008,0.820816,0.398666,123.376062
26.5154,short_1_turn_90,0.977871,0.467361,110.201633,0.820858,0.398603,123.869686
26.5712,short_1_turn_90,0.977871,0.467361,110.852058,0.820858,0.398603,124.520112
26.6155,short_1_turn_90,0.977889,0.467314,111.360525,0.820887,0.398561,125.028578
26.6674,short_1_turn_90,0.977870,0.467361,111.995213,0.820858,0.398602,125.663267
26.7172,short_1_turn_90,0.977899,0.467290,112.493107,0.820902,0.398541,126.161160
26.7670,short_1_turn_90,0.977880,0.467337,113.118124,0.820872,0.398582,126.786177
26.8153,short_1_turn_90,0.977900,0.467291,113.611782,0.820903,0.398541,127.279836
26.8713,short_1_turn_90,0.977859,0.467383,114.213413,0.820841,0.398621,127.881466
26.9152,short_1_turn_90,0.977869,0.467360,114.729311,0.820857,0.398601,128.397364
26.9680,short_1_turn_90,0.977826,0.467452,115.347648,0.820793,0.398680,129.015701
27.0167,short_1_turn_90,0.977837,0.467429,115.772308,0.820809,0.398661,129.440361
27.0653,short_1_turn_90,0.977793,0.467520,116.420479,0.820745,0.398739,130.088533
27.1168,short_1_turn_90,0.977838,0.467430,116.909862,0.820810,0.398662,130.577916
27.1663,short_1_turn_90,0.977826,0.467452,117.474050,0.820794,0.398681,131.142103
27.2153,short_1_turn_90,0.977874,0.467362,117.947136,0.820861,0.398605,131.615189
27.2672,short_1_turn_90,0.977874,0.467362,118.554763,0.820861,0.398605,132.222816
27.3172,short_1_turn_90,0.977935,0.467252,119.091288,0.820946,0.398511,132.759341
27.3673,short_1_turn_90,0.977922,0.467274,119.715540,0.820929,0.398530,133.383593
27.4154,short_1_turn_90,0.977935,0.467252,120.249401,0.820946,0.398512,133.917455
27.4663,short_1_turn_90,0.977883,0.467339,120.864965,0.820876,0.398584,134.533019
27.5174,short_1_turn_90,0.977909,0.467296,121.350933,0.820911,0.398548,135.018987
27.5751,short_1_turn_90,0.977870,0.467360,121.978395,0.820857,0.398602,135.646449
27.6148,short_1_turn_90,0.977870,0.467360,122.474008,0.820857,0.398602,136.142061
27.6686,short_1_turn_90,0.977829,0.467424,123.048659,0.820802,0.398654,136.716712
27.7154,short_1_turn_90,0.977829,0.467424,123.528398,0.820802,0.398654,137.196451
27.7663,short_1_turn_90,0.977800,0.467466,124.184068,0.820765,0.398688,137.852122
27.8145,short_1_turn_90,0.977800,0.467466,124.668602,0.820765,0.398688,138.336655
27.8673,short_1_turn_90,0.977786,0.467487,125.304301,0.820746,0.398705,138.972355
27.9146,short_1_turn_90,0.977801,0.467466,125.747704,0.820765,0.398688,139.415757
27.9683,short_1_turn_90,0.977815,0.467446,126.355386,0.820784,0.398672,140.023439
28.0163,short_1_turn_90,0.977815,0.467446,126.786316,0.820784,0.398672,140.454369
28.0675,short_1_turn_90,0.977846,0.467405,127.453134,0.820824,0.398640,141.121187
28.1167,short_1_turn_90,0.977846,0.467405,127.899760,0.820824,0.398640,141.567813
28.1703,short_1_turn_90,0.977862,0.467385,128.621547,0.820843,0.398624,142.289600
28.2143,short_1_turn_90,0.977846,0.467405,129.063542,0.820823,0.398640,142.731595
28.2693,short_1_turn_90,0.977878,0.467366,129.495879,0.820864,0.398609,143.163933
28.3156,short_1_turn_90,0.977845,0.467405,130.200454,0.820823,0.398639,143.868507
28.3712,short_1_turn_90,0.977845,0.467405,130.877531,0.820823,0.398639,144.545584
28.4144,short_1_turn_90,0.977829,0.467424,131.271332,0.820802,0.398654,144.939386
28.4701,short_1_turn_90,0.977812,0.467443,131.732875,0.820782,0.398668,145.400929
28.5186,short_1_turn_90,0.977778,0.467480,132.347524,0.820740,0.398697,146.015577
28.5740,short_1_turn_90,0.977778,0.467480,132.782457,0.820740,0.398697,146.450510
28.6159,short_1_turn_90,0.977692,0.467573,133.437622,0.820634,0.398766,147.105676
28.6696,short_1_turn_90,0.977727,0.467536,133.875205,0.820677,0.398739,147.543259
28.7179,short_1_turn_90,0.977727,0.467536,134.512790,0.820677,0.398739,148.180843
28.7768,short_1_turn_90,0.977780,0.467482,134.944512,0.820741,0.398699,148.612566
28.8210,short_1_turn_90,0.977798,0.467464,135.558014,0.820763,0.398686,149.226067
28.8706,short_1_turn_90,0.977816,0.467447,136.254160,0.820785,0.398673,149.922213
28.9218,short_1_turn_90,0.977798,0.467464,136.653398,0.820763,0.398686,150.321452
28.9736,short_1_turn_90,0.977835,0.467430,137.387166,0.820807,0.398661,151.055219
29.0164,short_1_turn_90,0.977835,0.467430,137.791321,0.820807,0.398661,151.459375
29.0703,short_1_turn_90,0.977835,0.467430,138.275773,0.820807,0.398661,151.943826
29.1234,short_1_turn_90,0.977797,0.467463,138.954298,0.820762,0.398685,152.622351
29.1697,short_1_turn_90,0.977835,0.467430,139.420322,0.820807,0.398661,153.088375
29.2158,short_1_turn_90,0.977758,0.467496,140.075282,0.820717,0.398707,153.743335
29.2747,short_1_turn_90,0.977758,0.467496,140.539530,0.820717,0.398707,154.207583
29.3186,short_1_turn_90,0.977640,0.467591,141.170790,0.820580,0.398772,154.838843
29.3702,short_1_turn_90,0.977640,0.467591,141.614779,0.820580,0.398772,155.282833
29.4174,short_1_turn_90,0.977600,0.467623,142.248443,0.820533,0.398793,155.916497
29.4702,short_1_turn_90,0.977580,0.467638,142.719754,0.820510,0.398803,156.387807
29.5146,short_1_turn_90,0.977560,0.467653,143.323392,0.820487,0.398813,156.991446
29.5739,short_1_turn_90,0.977662,0.467578,143.772409,0.820604,0.398764,157.440462
29.6147,short_1_turn_90,0.977682,0.467563,144.373370,0.820627,0.398755,158.041423
29.6725,short_1_turn_90,0.977723,0.467534,144.861797,0.820674,0.398736,158.529850
29.7138,short_1_turn_90,0.977682,0.467563,145.459944,0.820627,0.398754,159.127997
29.7746,short_1_turn_90,0.977745,0.467520,145.995157,0.820698,0.398727,159.663211
29.8144,short_1_turn_90,0.977703,0.467548,146.604492,0.820650,0.398745,160.272546
29.8723,short_1_turn_90,0.977745,0.467521,147.137110,0.820698,0.398728,160.805164
29.9353,short_1_turn_90,0.977702,0.467548,147.764887,0.820650,0.398744,161.432940
29.9712,short_1_turn_90,0.977745,0.467521,148.256852,0.820698,0.398728,161.924905
30.0148,short_1_turn_90,0.977680,0.467561,148.886322,0.820626,0.398752,162.554375
30.0708,short_1_turn_90,0.977702,0.467548,149.380445,0.820650,0.398744,163.048498
30.1162,short_1_turn_90,0.977571,0.467624,149.913432,0.820505,0.398788,163.581485
30.1708,short_1_turn_90,0.977593,0.467612,150.457498,0.820529,0.398781,164.125551
30.2144,short_1_turn_90,0.977439,0.467698,151.018789,0.820358,0.398828,164.686842
30.2696,short_1_turn_90,0.977483,0.467674,151.512611,0.820407,0.398815,165.180665
30.3147,short_1_turn_90,0.977438,0.467698,152.092139,0.820358,0.398828,165.760193
30.3706,short_1_turn_90,0.977506,0.467663,152.564747,0.820432,0.398809,166.232801
30.4146,short_1_turn_90,0.977528,0.467651,153.133634,0.820457,0.398804,166.801687
30.4710,short_1_turn_90,0.977573,0.467628,153.631377,0.820506,0.398792,167.299430
30.5176,short_1_turn_90,0.977573,0.467628,154.223145,0.820506,0.398792,167.891198
30.5738,short_1_turn_90,0.977573,0.467628,154.721106,0.820506,0.398792,168.389160
30.6169,short_1_turn_90,0.977596,0.467618,155.377829,0.820531,0.398787,169.045883
30.6709,short_1_turn_90,0.977596,0.467618,155.853292,0.820531,0.398787,169.521346
30.7152,short_1_turn_90,0.977527,0.467648,156.511272,0.820456,0.398801,170.179325
30.7758,short_1_turn_90,0.977527,0.467648,157.003168,0.820456,0.398801,170.671222
30.8164,short_1_turn_stop,0.977503,0.467658,157.643990,0.820431,0.398805,171.312044
30.8708,short_1_turn_stop,0.977457,0.467677,158.105971,0.820381,0.398812,171.774024
30.9162,short_1_turn_stop,0.977480,0.467668,158.579057,0.820406,0.398809,172.247110
30.9717,short_1_turn_stop,0.977409,0.467696,158.773581,0.820331,0.398819,172.441634
31.0153,short_1_turn_stop,0.977386,0.467705,158.887508,0.820306,0.398822,172.555562
31.0712,short_1_turn_stop,0.977362,0.467714,158.920170,0.820281,0.398825,172.588224
31.1151,short_1_turn_stop,0.977315,0.467732,158.956138,0.820230,0.398832,172.624191
31.1726,short_1_turn_stop,0.977291,0.467741,158.975099,0.820205,0.398835,172.643152
31.2148,short_1_turn_stop,0.977291,0.467741,158.983800,0.820205,0.398835,172.651854
31.2745,short_1_turn_stop,0.977291,0.467741,159.006504,0.820205,0.398835,172.674557
31.3164,short_1_turn_stop,0.977315,0.467732,159.023648,0.820230,0.398832,172.691701
31.3708,short_1_turn_stop,0.977339,0.467723,159.039425,0.820255,0.398829,172.707479
31.4153,short_1_turn_stop,0.977291,0.467741,159.091772,0.820205,0.398835,172.759825
31.4732,short_1_turn_stop,0.977291,0.467741,159.119557,0.820205,0.398835,172.787610
31.5159,short_1_turn_stop,0.977291,0.467741,159.155853,0.820205,0.398835,172.823906
31.5708,short_1_turn_stop,0.977268,0.467750,159.161317,0.820180,0.398838,172.829370
31.6181,short_1_turn_stop,0.977291,0.467741,159.197940,0.820205,0.398835,172.865994
31.6720,short_1_turn_stop,0.977220,0.467768,159.216081,0.820130,0.398844,172.884135
31.7152,short_1_turn_stop,0.977220,0.467768,159.215289,0.820130,0.398844,172.883342
31.7727,short_1_turn_stop,0.977197,0.467777,159.223758,0.820105,0.398848,172.891812
31.8167,short_1_turn_stop,0.977197,0.467777,159.221737,0.820105,0.398848,172.889790
31.8708,long_2_forward,0.977197,0.467777,159.224045,0.820105,0.398848,172.892099
31.9174,long_2_forward,0.977197,0.467777,159.278878,0.820105,0.398848,172.946931
31.9675,long_2_forward,0.977031,0.467840,159.219223,0.819929,0.398869,172.887277
32.0151,long_2_forward,0.975990,0.468234,159.265668,0.818824,0.399007,172.933722
32.0651,long_2_forward,0.972463,0.469570,159.265942,0.815081,0.399471,172.933995
32.1160,long_2_forward,0.969384,0.470731,159.385552,0.811815,0.399872,173.053605
32.1677,long_2_forward,0.964102,0.472720,159.350581,0.806213,0.400556,173.018635
32.2158,long_2_forward,0.960454,0.474093,159.395346,0.802344,0.401029,173.063400
32.2660,long_2_forward,0.954862,0.476195,159.409335,0.796414,0.401749,173.077388
32.3139,long_2_forward,0.951117,0.477598,159.508960,0.792444,0.402228,173.177013
32.3668,long_2_forward,0.945403,0.479732,159.529888,0.786387,0.402951,173.197941
32.4163,long_2_forward,0.941680,0.481121,159.547701,0.782441,0.403422,173.215754
32.4670,long_2_forward,0.935941,0.483260,159.574366,0.776358,0.404144,173.242419
32.5170,long_2_forward,0.932240,0.484637,159.606577,0.772437,0.404607,173.274630
32.5681,long_2_forward,0.926499,0.486772,159.602492,0.766354,0.405325,173.270546
32.6151,long_2_forward,0.922845,0.488129,159.636479,0.762483,0.405780,173.304533
32.6668,long_2_forward,0.917198,0.490227,159.609924,0.756500,0.406484,173.277977
32.7171,long_2_forward,0.913449,0.491619,159.650454,0.752529,0.406951,173.318507
32.7696,long_2_forward,0.907918,0.493666,159.727867,0.746671,0.407633,173.395921
32.8181,long_2_forward,0.904262,0.495016,159.745202,0.742799,0.408081,173.413256
32.8671,long_2_forward,0.898591,0.497123,159.479385,0.736791,0.408788,173.147438
32.9289,long_2_forward,0.894966,0.498484,159.384227,0.732947,0.409254,173.052280
32.9705,long_2_forward,0.889471,0.500554,159.320365,0.727118,0.409967,172.988418
33.0200,long_2_forward,0.885777,0.501949,159.298248,0.723199,0.410450,172.966302
33.0662,long_2_forward,0.880214,0.504054,159.250027,0.717296,0.411181,172.918081
33.1190,long_2_forward,0.876641,0.505410,159.189293,0.713504,0.411654,172.857347
33.1683,long_2_forward,0.871130,0.507511,159.077483,0.707653,0.412393,172.745536
33.2265,long_2_forward,0.867441,0.508920,159.108082,0.703736,0.412891,172.776136
33.2662,long_2_forward,0.862007,0.511006,158.889052,0.697962,0.413634,172.557105
33.3174,long_2_forward,0.858394,0.512400,158.923995,0.694122,0.414134,172.592048
33.3844,long_2_forward,0.852725,0.514584,158.937901,0.688098,0.414917,172.605955
33.4154,long_2_forward,0.849087,0.515984,158.964922,0.684232,0.415417,172.632975
33.4652,long_2_forward,0.843392,0.518167,159.096007,0.678182,0.416193,172.764060
33.5155,long_2_forward,0.839514,0.519648,159.102591,0.674064,0.416715,172.770644
33.5691,long_2_forward,0.834171,0.521692,159.024249,0.668390,0.417439,172.692302
33.6171,long_2_forward,0.830412,0.523129,159.121743,0.664398,0.417947,172.789796
33.6711,long_2_forward,0.824552,0.525378,158.896442,0.658172,0.418747,172.564495
33.7195,long_2_forward,0.820937,0.526768,159.029590,0.654331,0.419244,172.697643
33.7694,long_2_forward,0.815077,0.529018,158.955742,0.648106,0.420046,172.623795
33.8155,long_2_forward,0.811628,0.530344,158.973582,0.644441,0.420520,172.641636
33.8682,long_2_forward,0.805652,0.532644,158.928107,0.638090,0.421343,172.596160
33.9158,long_2_forward,0.801921,0.534085,158.855420,0.634125,0.421860,172.523473
33.9736,long_2_forward,0.796421,0.536212,158.851172,0.628278,0.422628,172.519225
34.0168,long_2_forward,0.792502,0.537727,158.885773,0.624112,0.423174,172.553827
34.0700,long_2_forward,0.787028,0.539852,158.674884,0.618290,0.423945,172.342938
34.1172,long_2_forward,0.783278,0.541313,158.770329,0.614302,0.424478,172.438383
34.1665,long_2_forward,0.777596,0.543532,158.548485,0.608256,0.425293,172.216538
34.2179,long_2_forward,0.773967,0.544953,158.685321,0.604394,0.425816,172.353374
34.2672,long_2_forward,0.768237,0.547188,158.709295,0.598298,0.426633,172.377348
34.3193,long_2_forward,0.764604,0.548602,158.742531,0.594434,0.427149,172.410584
34.3689,long_2_forward,0.758896,0.550824,158.730482,0.588363,0.427959,172.398536
34.4177,long_2_forward,0.755098,0.552299,158.800860,0.584323,0.428495,172.468914
34.4788,long_2_forward,0.749670,0.554403,158.829042,0.578552,0.429257,172.497095
34.5161,long_2_forward,0.745916,0.555855,158.865474,0.574562,0.429781,172.533527
34.5677,long_2_forward,0.740251,0.558047,158.840339,0.568539,0.430572,172.508392
34.6187,long_2_forward,0.736475,0.559510,158.792528,0.564524,0.431101,172.460581
34.7169,long_2_forward,0.730928,0.561658,158.870692,0.558627,0.431878,172.538746
34.7299,long_2_forward,0.727198,0.563099,158.886238,0.554661,0.432397,172.554291
34.7690,long_2_forward,0.721673,0.565233,158.889858,0.548789,0.433164,172.557911
34.8227,long_2_forward,0.718012,0.566644,158.926864,0.544898,0.433671,172.594917
34.8678,long_2_forward,0.712392,0.568811,158.913982,0.538925,0.434448,172.582035
34.9162,long_2_forward,0.708684,0.570242,158.884640,0.534984,0.434962,172.552693
34.9669,long_2_forward,0.703090,0.572407,158.799522,0.529037,0.435744,172.467575
35.0264,long_2_forward,0.699480,0.573808,158.784632,0.525198,0.436252,172.452685
35.0914,long_2_forward,0.694054,0.575917,158.724786,0.519427,0.437020,172.392839
35.1184,long_2_forward,0.690375,0.577351,158.680321,0.515514,0.437544,172.348375
35.1693,long_2_forward,0.684999,0.579450,158.666770,0.509794,0.438313,172.334824
35.2176,long_2_forward,0.681346,0.580880,158.591474,0.505907,0.438839,172.259527
35.2679,long_2_forward,0.675832,0.583040,158.612252,0.500038,0.439635,172.280305
35.3163,long_2_forward,0.672203,0.584465,158.515263,0.496176,0.440162,172.183316
35.3714,long_2_forward,0.666764,0.586610,158.443792,0.490384,0.440961,172.111845
35.4207,long_2_forward,0.662974,0.588107,158.445486,0.486347,0.441520,172.113539
35.4673,long_2_forward,0.657487,0.590269,158.546081,0.480505,0.442324,172.214134
35.5164,long_2_forward,0.653812,0.591712,158.577158,0.476593,0.442858,172.245211
35.5792,long_2_forward,0.648085,0.593954,158.670745,0.470498,0.443683,172.338799
35.8935,long_2_forward,0.644150,0.595498,158.457971,0.466310,0.444254,172.126025
35.9072,long_2_forward,0.638614,0.597675,158.620229,0.460417,0.445061,172.288283
35.9148,long_2_forward,0.634468,0.599302,158.514143,0.456003,0.445663,172.182196
35.9187,long_2_forward,0.630934,0.600691,158.576461,0.452241,0.446177,172.244515
35.9212,long_2_forward,0.625068,0.602996,158.524893,0.445997,0.447030,172.192947
35.9233,long_2_forward,0.621347,0.604460,158.511260,0.442035,0.447574,172.179314
35.9253,long_2_forward,0.615718,0.606675,158.531546,0.436042,0.448396,172.199599
35.9677,long_2_forward,0.611832,0.608204,158.507545,0.431904,0.448964,172.175598
36.0147,long_2_forward,0.606274,0.610393,158.509594,0.425987,0.449777,172.177647
36.0662,long_2_forward,0.602435,0.611903,158.536573,0.421899,0.450337,172.204626
36.1176,long_2_forward,0.596691,0.614173,158.339877,0.415782,0.451186,172.007931
36.1674,long_2_forward,0.593090,0.615598,158.469159,0.411946,0.451720,172.137212
36.2151,long_2_forward,0.587299,0.617886,158.417769,0.405779,0.452574,172.085822
36.2671,long_2_forward,0.583768,0.619281,158.471468,0.402018,0.453095,172.139521
36.3246,long_2_forward,0.578094,0.621520,158.446141,0.395976,0.453931,172.114195
36.3719,long_2_forward,0.574303,0.623014,158.560998,0.391939,0.454486,172.229051
36.4161,long_2_forward,0.568813,0.625167,158.608072,0.386095,0.455281,172.276125
36.4664,long_2_forward,0.565042,0.626644,158.627742,0.382082,0.455824,172.295796
36.5157,long_2_forward,0.559502,0.628810,158.647687,0.376188,0.456621,172.315740
36.5719,long_2_forward,0.555754,0.630274,158.685772,0.372199,0.457158,172.353825
36.6188,long_2_forward,0.550118,0.632473,158.685717,0.366204,0.457962,172.353770
36.6668,long_2_forward,0.546439,0.633905,158.773157,0.362290,0.458485,172.441211
36.7133,long_2_forward,0.540801,0.636099,158.710511,0.356294,0.459284,172.378564
36.7671,long_2_forward,0.537073,0.637545,158.870064,0.352329,0.459809,172.538117
36.8134,long_2_forward,0.531595,0.639661,158.887822,0.346507,0.460570,172.555876
36.8680,long_2_forward,0.527770,0.641139,158.879298,0.342441,0.461102,172.547352
36.9152,long_2_forward,0.522198,0.643292,158.866471,0.336518,0.461877,172.534525
36.9701,long_2_forward,0.518539,0.644706,158.860187,0.332628,0.462387,172.528241
37.0160,long_2_forward,0.512922,0.646882,158.800150,0.326656,0.463174,172.468203
37.1013,long_2_forward,0.509218,0.648321,158.741615,0.322717,0.463697,172.409669
37.1161,long_2_forward,0.503911,0.650387,158.714541,0.317072,0.464450,172.382594
37.1899,long_2_forward,0.500115,0.651868,158.649804,0.313033,0.464993,172.317857
37.2191,long_2_forward,0.494574,0.654032,158.689884,0.307138,0.465786,172.357937
37.2686,long_2_forward,0.490922,0.655465,158.466728,0.303251,0.466315,172.134781
37.3262,long_2_forward,0.485554,0.657584,158.431989,0.297535,0.467106,172.100043
37.3691,long_2_forward,0.481952,0.659006,158.485251,0.293699,0.467637,172.153304
37.4296,long_2_forward,0.476609,0.661117,158.416512,0.288007,0.468425,172.084565
37.4663,long_2_forward,0.472913,0.662578,158.440076,0.284071,0.468971,172.108130
37.5152,long_2_forward,0.467334,0.664781,158.464146,0.278129,0.469794,172.132199
37.5675,long_2_forward,0.463544,0.666279,158.391473,0.274093,0.470354,172.059526
37.6185,long_2_forward,0.458106,0.668425,158.532502,0.268301,0.471155,172.200556
37.6681,long_2_forward,0.454057,0.670026,158.315972,0.263989,0.471753,171.984025
37.7146,long_2_forward,0.448790,0.672123,158.274417,0.258375,0.472546,171.942470
37.7706,long_2_forward,0.444957,0.673651,158.244828,0.254291,0.473125,171.912882
37.8172,long_2_forward,0.439433,0.675857,158.227862,0.248402,0.473963,171.895916
37.8681,long_2_forward,0.435718,0.677336,158.344658,0.244442,0.474523,172.012712
37.9170,long_2_forward,0.429815,0.679684,158.277968,0.238151,0.475409,171.946022
37.9702,long_2_forward,0.426288,0.681090,158.256904,0.234392,0.475942,171.924958
38.0170,long_2_forward,0.420573,0.683364,158.342404,0.228302,0.476801,172.010458
38.0671,long_2_forward,0.416670,0.684919,158.199025,0.224142,0.477390,171.867078
38.1146,long_2_forward,0.411358,0.687041,158.267846,0.218479,0.478196,171.935899
38.1711,long_2_forward,0.407433,0.688609,158.169983,0.214294,0.478793,171.838037
38.2146,long_2_forward,0.402076,0.690755,158.168685,0.208582,0.479612,171.836739
38.2691,long_2_forward,0.398270,0.692280,158.173084,0.204523,0.480194,171.841137
38.3146,long_2_forward,0.392607,0.694547,158.183179,0.198485,0.481059,171.851232
38.3806,long_2_forward,0.388964,0.696004,158.221333,0.194601,0.481614,171.889386
38.4201,long_2_forward,0.383254,0.698289,158.169560,0.188513,0.482485,171.837613
38.4662,long_2_forward,0.379634,0.699735,158.271043,0.184654,0.483035,171.939096
38.5156,long_2_forward,0.373990,0.701982,158.306163,0.178639,0.483885,171.974217
38.5676,long_2_forward,0.370156,0.703504,158.388153,0.174553,0.484458,172.056206
38.6168,long_2_forward,0.364766,0.705637,158.432344,0.168812,0.485257,172.100398
38.6699,long_2_forward,0.360929,0.707152,158.466973,0.164726,0.485822,172.135027
38.7141,long_2_forward,0.355324,0.709359,158.562842,0.158758,0.486642,172.230895
38.7666,long_2_forward,0.351601,0.710820,158.586201,0.154795,0.487181,172.254255
38.8141,long_2_forward,0.346039,0.712997,158.657153,0.148876,0.487983,172.325207
38.8659,long_2_forward,0.342336,0.714439,158.786421,0.144937,0.488509,172.454475
38.9156,long_2_forward,0.336720,0.716618,158.799194,0.138965,0.489299,172.467247
38.9685,long_2_forward,0.333016,0.718058,158.711385,0.135026,0.489823,172.379438
39.0208,long_2_forward,0.327545,0.720190,158.706822,0.129206,0.490602,172.374876
39.0663,long_2_forward,0.323866,0.721625,158.668778,0.125293,0.491128,172.336832
39.1214,long_2_forward,0.318326,0.723789,158.672262,0.119398,0.491921,172.340315
39.1686,long_2_forward,0.314671,0.725216,158.666920,0.115510,0.492444,172.334974
39.2143,long_2_forward,0.309227,0.727348,158.562487,0.109716,0.493229,172.230540
39.2702,long_2_forward,0.305576,0.728783,158.530563,0.105829,0.493760,172.198616
39.3148,long_2_forward,0.300086,0.730938,158.600476,0.099986,0.494557,172.268530
39.3707,long_2_forward,0.296483,0.732356,158.440705,0.096149,0.495084,172.108758
39.4181,long_2_forward,0.290974,0.734530,158.475771,0.090282,0.495895,172.143824
39.4712,long_2_forward,0.287301,0.735981,158.424216,0.086371,0.496436,172.092270
39.5149,long_2_forward,0.281770,0.738167,158.450376,0.080479,0.497253,172.118429
39.5701,long_2_forward,0.278025,0.739641,158.573320,0.076492,0.497801,172.241373
39.6172,long_2_forward,0.272279,0.741906,158.404559,0.070374,0.498644,172.072613
39.6721,long_2_forward,0.268702,0.743321,158.415269,0.066564,0.499174,172.083322
39.7164,long_2_forward,0.263006,0.745573,158.448395,0.060497,0.500016,172.116449
39.7693,long_2_forward,0.259265,0.747057,158.266931,0.056511,0.500574,171.934984
39.8149,long_2_forward,0.253807,0.749224,158.419791,0.050696,0.501390,172.087844
39.8726,long_2_forward,0.249877,0.750779,158.413425,0.046510,0.501972,172.081478
39.9174,long_2_stop,0.244370,0.752958,158.409655,0.040643,0.502788,172.077708
39.9790,long_2_stop,0.240602,0.754444,158.540466,0.036632,0.503342,172.208520
40.0151,long_2_stop,0.234951,0.756672,158.435623,0.030614,0.504171,172.103676
40.0907,long_2_stop,0.232620,0.757592,158.467793,0.028132,0.504515,172.135846
40.1174,long_2_stop,0.230313,0.758503,158.448887,0.025675,0.504854,172.116940
40.1719,long_2_stop,0.229819,0.758698,158.422359,0.025148,0.504927,172.090412
40.2147,long_2_stop,0.229466,0.758838,158.440664,0.024772,0.504980,172.108717
40.2691,long_2_stop,0.229372,0.758875,158.440623,0.024672,0.504993,172.108676
40.3149,long_2_stop,0.229183,0.758949,158.464965,0.024471,0.505021,172.133019
40.3719,long_2_stop,0.229160,0.758958,158.476918,0.024446,0.505025,172.144972
40.4193,long_2_stop,0.229018,0.759014,158.460526,0.024296,0.505045,172.128579
40.4690,long_2_stop,0.228995,0.759023,158.475347,0.024271,0.505049,172.143401
40.5147,long_2_stop,0.228971,0.759033,158.480470,0.024246,0.505052,172.148523
40.5705,long_2_stop,0.228971,0.759033,158.478885,0.024246,0.505052,172.146939
40.6143,long_2_stop,0.228971,0.759033,158.479049,0.024246,0.505052,172.147103
40.6704,long_2_stop,0.228971,0.759033,158.490182,0.024246,0.505052,172.158236
40.7174,long_2_stop,0.228971,0.759033,158.491016,0.024246,0.505052,172.159069
40.7708,long_2_stop,0.228948,0.759042,158.497204,0.024221,0.505056,172.165257
40.8157,long_2_stop,0.228971,0.759033,158.488898,0.024246,0.505052,172.156952
40.8691,long_2_stop,0.228924,0.759051,158.505223,0.024196,0.505059,172.173276
40.9161,long_2_stop,0.228971,0.759033,158.498256,0.024246,0.505052,172.166309
40.9721,long_2_turn_90,0.228924,0.759051,158.515304,0.024196,0.505059,172.183357
41.0168,long_2_turn_90,0.228971,0.759033,158.512654,0.024246,0.505052,172.180707
41.0719,long_2_turn_90,0.228948,0.759042,158.552023,0.024221,0.505056,172.220076
41.1152,long_2_turn_90,0.228971,0.759033,158.770193,0.024246,0.505052,172.438246
41.1684,long_2_turn_90,0.228995,0.759024,159.079887,0.024271,0.505049,172.747941
41.2225,long_2_turn_90,0.228924,0.759051,159.584133,0.024195,0.505058,173.252186
41.2713,long_2_turn_90,0.228924,0.759051,159.987906,0.024195,0.505058,173.655960
41.3134,long_2_turn_90,0.228924,0.759051,160.558664,0.024195,0.505058,174.226718
41.3759,long_2_turn_90,0.228948,0.759042,160.952725,0.024221,0.505056,174.620779
41.4203,long_2_turn_90,0.228948,0.759042,161.609024,0.024221,0.505056,175.277078
41.4663,long_2_turn_90,0.228996,0.759026,162.059325,0.024271,0.505052,175.727378
41.5140,long_2_turn_90,0.228972,0.759034,162.672321,0.024246,0.505054,176.340374
41.5684,long_2_turn_90,0.229044,0.759012,163.235320,0.024322,0.505049,176.903373
41.6206,long_2_turn_90,0.229020,0.759019,163.904528,0.024296,0.505050,177.572581
41.6694,long_2_turn_90,0.229044,0.759012,164.385278,0.024322,0.505049,178.053331
41.7149,long_2_turn_90,0.228996,0.759025,165.030444,0.024271,0.505051,178.698497
41.7674,long_2_turn_90,0.229045,0.759013,165.482712,0.024322,0.505050,179.150765
41.8244,long_2_turn_90,0.228971,0.759031,166.102319,0.024246,0.505051,179.770372
41.8781,long_2_turn_90,0.228922,0.759043,166.498361,0.024195,0.505051,-179.833586
41.9183,long_2_turn_90,0.228823,0.759066,167.209028,0.024094,0.505050,-179.122918
41.9671,long_2_turn_90,0.228823,0.759066,167.644890,0.024094,0.505050,-178.687057
42.0219,long_2_turn_90,0.228823,0.759066,168.311503,0.024094,0.505050,-178.020444
42.0656,long_2_turn_90,0.228848,0.759061,168.693297,0.024119,0.505051,-177.638650
42.1153,long_2_turn_90,0.228848,0.759061,169.389607,0.024119,0.505051,-176.942340
42.1659,long_2_turn_90,0.228873,0.759057,169.805975,0.024144,0.505052,-176.525971
42.2148,long_2_turn_90,0.228923,0.759048,170.439421,0.024195,0.505056,-175.892526
42.2700,long_2_turn_90,0.228973,0.759040,170.824848,0.024245,0.505059,-175.507098
42.3137,long_2_turn_90,0.229023,0.759032,171.552755,0.024296,0.505064,-174.779191
42.3695,long_2_turn_90,0.229023,0.759032,172.011566,0.024296,0.505064,-174.320380
42.4160,long_2_turn_90,0.229098,0.759022,172.706156,0.024371,0.505072,-173.625791
42.4656,long_2_turn_90,0.229073,0.759025,173.127278,0.024346,0.505069,-173.204669
42.5148,long_2_turn_90,0.229098,0.759022,173.826184,0.024371,0.505072,-172.505763
42.5678,long_2_turn_90,0.229048,0.759027,174.246773,0.024321,0.505065,-172.085173
42.6158,long_2_turn_90,0.229048,0.759027,174.869195,0.024321,0.505065,-171.462752
42.6731,long_2_turn_90,0.228997,0.759032,175.516782,0.024271,0.505057,-170.815164
42.7145,long_2_turn_90,0.228972,0.759033,175.961045,0.024246,0.505053,-170.370902
42.7679,long_2_turn_90,0.228947,0.759035,176.372728,0.024221,0.505049,-169.959219
42.8155,long_2_turn_90,0.228947,0.759035,177.019683,0.024221,0.505049,-169.312263
42.8659,long_2_turn_90,0.228896,0.759038,177.483412,0.024172,0.505039,-168.848534
42.9158,long_2_turn_90,0.228896,0.759038,178.140791,0.024172,0.505039,-168.191156
42.9664,long_2_turn_90,0.228921,0.759037,178.545288,0.024196,0.505044,-167.786659
43.0142,long_2_turn_90,0.229023,0.759035,179.236298,0.024295,0.505066,-167.095648
43.0655,long_2_turn_90,0.228997,0.759035,179.583586,0.024271,0.505061,-166.748361
43.1144,long_2_turn_90,0.229073,0.759035,-179.685324,0.024344,0.505079,-166.017271
43.1664,long_2_turn_90,0.229099,0.759035,-179.288668,0.024369,0.505085,-165.620614
43.2160,long_2_turn_90,0.229124,0.759036,-178.579844,0.024393,0.505091,-164.911791
43.2662,long_2_turn_90,0.229124,0.759036,-178.147780,0.024393,0.505091,-164.479727
43.3179,long_2_turn_90,0.229149,0.759037,-177.444885,0.024418,0.505098,-163.776832
43.3696,long_2_turn_90,0.229174,0.759038,-177.011045,0.024442,0.505105,-163.342992
43.4204,long_2_turn_90,0.229149,0.759037,-176.524053,0.024418,0.505098,-162.856000
43.4701,long_2_turn_90,0.229124,0.759035,-175.875581,0.024394,0.505090,-162.207528
43.5228,long_2_turn_90,0.229124,0.759035,-175.399490,0.024394,0.505090,-161.731436
43.5667,long_2_turn_90,0.229048,0.759028,-174.803364,0.024322,0.505066,-161.135311
43.6263,long_2_turn_90,0.229023,0.759026,-174.335087,0.024298,0.505058,-160.667033
43.6666,long_2_turn_90,0.228973,0.759021,-173.688678,0.024250,0.505041,-160.020624
43.7184,long_2_turn_90,0.228922,0.759015,-173.216602,0.024203,0.505023,-159.548549
43.7702,long_2_turn_90,0.228922,0.759015,-172.620832,0.024203,0.505023,-158.952779
43.8195,long_2_turn_90,0.228948,0.759018,-172.155300,0.024226,0.505033,-158.487247
43.8723,long_2_turn_90,0.228998,0.759025,-171.526103,0.024273,0.505051,-157.858050
43.9143,long_2_turn_90,0.228973,0.759022,-171.057060,0.024250,0.505042,-157.389007
43.9665,long_2_turn_90,0.228998,0.759026,-170.413916,0.024273,0.505052,-156.745863
44.0184,long_2_turn_90,0.229048,0.759034,-169.955925,0.024319,0.505072,-156.287871
44.0714,long_2_turn_90,0.229072,0.759039,-169.289503,0.024343,0.505082,-155.621450
44.1183,long_2_turn_90,0.229023,0.759029,-168.817469,0.024297,0.505061,-155.149415
44.1661,long_2_turn_90,0.229023,0.759029,-168.169243,0.024297,0.505061,-154.501189
44.2190,long_2_turn_90,0.228998,0.759024,-167.758612,0.024274,0.505050,-154.090558
44.2662,long_2_turn_90,0.228973,0.759018,-167.104607,0.024251,0.505039,-153.436554
44.3207,long_2_turn_90,0.228949,0.759013,-166.684797,0.024228,0.505027,-153.016743
44.3692,long_2_turn_90,0.228899,0.759001,-166.027090,0.024183,0.505004,-152.359037
44.4207,long_2_turn_90,0.228850,0.758988,-165.568225,0.024139,0.504981,-151.900171
44.4656,long_2_turn_90,0.228826,0.758982,-164.952251,0.024116,0.504969,-151.284198
44.5286,long_2_turn_90,0.228826,0.758982,-164.500243,0.024116,0.504969,-150.832189
44.5654,long_2_turn_90,0.228826,0.758982,-163.866988,0.024116,0.504969,-150.198935
44.6223,long_2_turn_90,0.228826,0.758982,-163.434528,0.024116,0.504969,-149.766475
44.6662,long_2_turn_90,0.228850,0.758989,-162.790988,0.024138,0.504981,-149.122934
44.7201,long_2_turn_90,0.228850,0.758989,-162.349443,0.024138,0.504981,-148.681390
44.7647,long_2_turn_90,0.228874,0.758997,-161.699865,0.024160,0.504995,-148.031812
44.8141,long_2_turn_90,0.228850,0.758989,-161.224771,0.024138,0.504981,-147.556717
44.8671,long_2_turn_90,0.228874,0.758997,-160.560357,0.024160,0.504995,-146.892304
44.9181,long_2_turn_90,0.228874,0.758997,-160.125179,0.024160,0.504995,-146.457125
44.9669,long_2_turn_90,0.228922,0.759015,-159.447241,0.024202,0.505023,-145.779188
45.0184,long_2_turn_90,0.228874,0.758997,-158.989318,0.024160,0.504995,-145.321265
45.0676,long_2_turn_90,0.228851,0.758988,-158.295385,0.024139,0.504980,-144.627331
45.1156,long_2_turn_90,0.228780,0.758959,-157.881735,0.024077,0.504936,-144.213681
45.1668,long_2_turn_90,0.228804,0.758969,-157.184850,0.024098,0.504951,-143.516797
45.2186,long_2_turn_90,0.228687,0.758920,-156.789260,0.023996,0.504875,-143.121206
45.2651,long_2_turn_90,0.228641,0.758899,-156.113276,0.023956,0.504845,-142.445222
45.3211,long_2_turn_90,0.228641,0.758899,-155.697194,0.023956,0.504845,-142.029141
45.3676,long_2_turn_90,0.228687,0.758920,-155.023697,0.023996,0.504876,-141.355643
45.4178,long_2_turn_90,0.228687,0.758920,-154.619281,0.023996,0.504876,-140.951228
45.4962,long_2_turn_90,0.228710,0.758931,-153.955469,0.024015,0.504892,-140.287415
45.5183,long_2_turn_90,0.228732,0.758943,-153.521096,0.024035,0.504908,-139.853043
45.5652,long_2_turn_90,0.228755,0.758954,-152.861860,0.024054,0.504925,-139.193807
45.6225,long_2_turn_90,0.228777,0.758966,-152.415302,0.024073,0.504941,-138.747249
45.6648,long_2_turn_90,0.228777,0.758966,-151.733458,0.024073,0.504941,-138.065405
45.7187,long_2_turn_90,0.228777,0.758966,-151.249211,0.024073,0.504941,-137.581158
45.7641,long_2_turn_90,0.228711,0.758929,-150.564130,0.024017,0.504890,-136.896076
45.8204,long_2_turn_90,0.228711,0.758929,-150.146504,0.024017,0.504890,-136.478451
45.8667,long_2_turn_90,0.228733,0.758941,-149.445208,0.024036,0.504907,-135.777155
45.9191,long_2_turn_90,0.228646,0.758890,-149.001314,0.023963,0.504836,-135.333261
45.9675,long_2_turn_90,0.228624,0.758876,-148.346026,0.023945,0.504818,-134.677972
46.0157,long_2_turn_90,0.228581,0.758850,-147.925026,0.023910,0.504782,-134.256973
46.0674,long_2_turn_90,0.228538,0.758823,-147.245901,0.023875,0.504746,-133.577847
46.1184,long_2_turn_90,0.228517,0.758809,-146.816801,0.023857,0.504727,-133.148748
46.1645,long_2_turn_90,0.228496,0.758795,-146.158138,0.023840,0.504709,-132.490085
46.2189,long_2_turn_90,0.228475,0.758781,-145.725542,0.023823,0.504690,-132.057488
46.2658,long_2_turn_90,0.228496,0.758795,-145.076783,0.023840,0.504709,-131.408730
46.3216,long_2_turn_90,0.228537,0.758824,-144.659472,0.023873,0.504747,-130.991419
46.3703,long_2_turn_90,0.228579,0.758854,-143.972150,0.023906,0.504786,-130.304097
46.4257,long_2_turn_90,0.228579,0.758854,-143.537791,0.023906,0.504786,-129.869738
46.4692,long_2_turn_90,0.228599,0.758869,-142.850319,0.023923,0.504805,-129.182265
46.5190,long_2_turn_90,0.228599,0.758869,-142.398010,0.023923,0.504805,-128.729957
46.5648,long_2_turn_90,0.228599,0.758869,-141.683477,0.023923,0.504805,-128.015423
46.6221,long_2_turn_90,0.228579,0.758853,-141.202795,0.023907,0.504785,-127.534742
46.6715,long_2_turn_90,0.228559,0.758837,-140.543163,0.023892,0.504765,-126.875110
46.7143,long_2_turn_90,0.228559,0.758837,-140.092849,0.023892,0.504765,-126.424795
46.7777,long_2_turn_90,0.228559,0.758837,-139.392153,0.023892,0.504765,-125.724100
46.8176,long_2_turn_90,0.228521,0.758804,-138.985142,0.023862,0.504724,-125.317089
46.8675,long_2_turn_90,0.228502,0.758787,-138.299623,0.023848,0.504703,-124.631570
46.9188,long_2_turn_90,0.228464,0.758754,-137.907188,0.023819,0.504661,-124.239135
46.9650,long_2_turn_90,0.228464,0.758754,-137.238212,0.023819,0.504661,-123.570159
47.0189,long_2_turn_90,0.228464,0.758754,-136.811393,0.023819,0.504661,-123.143340
47.0676,long_2_turn_90,0.228483,0.758771,-136.132336,0.023833,0.504682,-122.464283
47.1142,long_2_turn_90,0.228501,0.758789,-135.708523,0.023846,0.504704,-122.040469
47.1671,long_2_turn_90,0.228519,0.758806,-135.032785,0.023860,0.504725,-121.364731
47.2143,long_2_turn_90,0.228572,0.758860,-134.577170,0.023899,0.504790,-120.909117
47.2669,long_2_turn_90,0.228590,0.758878,-133.886338,0.023912,0.504812,-120.218284
47.3150,long_2_turn_90,0.228573,0.758860,-133.400083,0.023899,0.504790,-119.732029
47.3693,long_2_turn_90,0.228590,0.758879,-132.680003,0.023912,0.504812,-119.011950
47.4171,long_2_turn_90,0.228590,0.758879,-132.220222,0.023912,0.504812,-118.552169
47.4663,long_2_turn_90,0.228607,0.758897,-131.539198,0.023924,0.504835,-117.871144
47.5159,long_2_turn_90,0.228607,0.758897,-131.056809,0.023924,0.504835,-117.388755
47.5808,long_2_turn_90,0.228640,0.758936,-130.392464,0.023947,0.504880,-116.724410
47.6175,long_2_turn_90,0.228623,0.758916,-129.943597,0.023935,0.504857,-116.275544
47.6670,long_2_turn_90,0.228591,0.758877,-129.321162,0.023913,0.504812,-115.653109
47.7140,long_2_turn_90,0.228559,0.758838,-128.841874,0.023891,0.504766,-115.173821
47.7679,long_2_turn_90,0.228544,0.758818,-128.185985,0.023881,0.504743,-114.517931
47.8142,long_2_turn_90,0.228512,0.758778,-127.718499,0.023860,0.504697,-114.050446
47.8664,long_2_turn_90,0.228543,0.758819,-127.071776,0.023880,0.504743,-113.403723
47.9286,long_2_turn_90,0.228558,0.758839,-126.608484,0.023890,0.504766,-112.940431
47.9662,long_2_turn_90,0.228588,0.758880,-125.953933,0.023910,0.504813,-112.285880
48.0151,long_2_turn_90,0.228618,0.758921,-125.476927,0.023929,0.504860,-111.808873
48.0679,long_2_turn_90,0.228632,0.758941,-124.804699,0.023938,0.504884,-111.136646
48.1183,long_2_turn_90,0.228661,0.758983,-124.379807,0.023956,0.504931,-110.711754
48.1666,long_2_turn_90,0.228689,0.759025,-123.665875,0.023974,0.504978,-109.997821
48.2187,long_2_turn_90,0.228703,0.759046,-123.157435,0.023982,0.505002,-109.489382
48.2671,long_2_turn_90,0.228731,0.759089,-122.478638,0.023999,0.505050,-108.810584
48.3140,long_2_turn_90,0.228731,0.759089,-122.038350,0.023999,0.505050,-108.370297
48.3643,long_2_turn_90,0.228731,0.759089,-121.321795,0.023999,0.505050,-107.653741
48.4180,long_2_turn_90,0.228718,0.759067,-120.844337,0.023991,0.505026,-107.176284
48.4671,long_2_turn_90,0.228705,0.759045,-120.192942,0.023984,0.505002,-106.524889
48.5144,long_2_turn_90,0.228705,0.759045,-119.722957,0.023984,0.505002,-106.054903
48.5678,long_2_turn_90,0.228730,0.759089,-119.090495,0.023998,0.505050,-105.422442
48.6170,long_2_turn_90,0.228730,0.759089,-118.626916,0.023998,0.505050,-104.958863
48.6725,long_2_turn_90,0.228730,0.759089,-118.034821,0.023998,0.505050,-104.366768
48.7141,long_2_turn_90,0.228742,0.759112,-117.619641,0.024004,0.505075,-103.951588
48.7643,long_2_turn_90,0.228753,0.759134,-116.983231,0.024010,0.505099,-103.315178
48.8143,long_2_turn_90,0.228765,0.759157,-116.501853,0.024016,0.505124,-102.833800
48.8661,long_2_turn_stop,0.228776,0.759180,-115.854829,0.024021,0.505149,-102.186776
48.9159,long_2_turn_stop,0.228798,0.759225,-115.366341,0.024032,0.505198,-101.698288
48.9668,long_2_turn_stop,0.228819,0.759271,-114.898063,0.024042,0.505248,-101.230010
49.0140,long_2_turn_stop,0.228830,0.759294,-114.673248,0.024046,0.505273,-101.005194
49.0678,long_2_turn_stop,0.228840,0.759317,-114.555570,0.024051,0.505298,-100.887517
49.1147,long_2_turn_stop,0.228851,0.759340,-114.481026,0.024056,0.505322,-100.812972
49.1703,long_2_turn_stop,0.228840,0.759317,-114.424431,0.024051,0.505298,-100.756377
49.2159,long_2_turn_stop,0.228851,0.759340,-114.398005,0.024056,0.505322,-100.729951
49.2682,long_2_turn_stop,0.228851,0.759340,-114.390539,0.024056,0.505322,-100.722486
49.3141,long_2_turn_stop,0.228851,0.759340,-114.363683,0.024056,0.505322,-100.695630
49.3716,long_2_turn_stop,0.228861,0.759363,-114.328084,0.024061,0.505347,-100.660031
49.4143,long_2_turn_stop,0.228872,0.759386,-114.288933,0.024065,0.505372,-100.620880
49.4674,long_2_turn_stop,0.228892,0.759432,-114.257911,0.024075,0.505422,-100.589857
49.5149,long_2_turn_stop,0.228882,0.759409,-114.247911,0.024070,0.505397,-100.579858
49.5690,long_2_turn_stop,0.228882,0.759409,-114.230112,0.024070,0.505397,-100.562058
49.6144,long_2_turn_stop,0.228882,0.759409,-114.205229,0.024070,0.505397,-100.537176
49.6663,long_2_turn_stop,0.228892,0.759432,-114.185558,0.024075,0.505422,-100.517505
49.7143,long_2_turn_stop,0.228903,0.759455,-114.159187,0.024079,0.505447,-100.491134
49.7699,long_2_turn_stop,0.228913,0.759479,-114.146551,0.024084,0.505472,-100.478498
49.8153,long_2_turn_stop,0.228923,0.759502,-114.136552,0.024088,0.505497,-100.468499
49.8701,long_2_turn_stop,0.228923,0.759502,-114.115638,0.024088,0.505497,-100.447585
49.9163,short_2_forward,0.228913,0.759479,-114.105454,0.024084,0.505472,-100.437401
49.9682,short_2_forward,0.228903,0.759455,-114.050307,0.024079,0.505447,-100.382254
50.0181,short_2_forward,0.228851,0.759340,-113.969895,0.024057,0.505322,-100.301842
50.0667,short_2_forward,0.228306,0.758114,-113.983795,0.023817,0.504003,-100.315741
50.1162,short_2_forward,0.226784,0.754692,-113.979731,0.023146,0.500317,-100.311677
50.1661,short_2_forward,0.225518,0.751847,-113.998568,0.022588,0.497254,-100.330515
50.2146,short_2_forward,0.223283,0.746830,-114.030616,0.021602,0.491851,-100.362562
50.2690,short_2_forward,0.221695,0.743270,-114.044454,0.020900,0.488017,-100.376400
50.3159,short_2_forward,0.219291,0.737885,-114.071419,0.019836,0.482216,-100.403366
50.3670,short_2_forward,0.217668,0.734258,-114.126655,0.019117,0.478308,-100.458602
50.4174,short_2_forward,0.215246,0.728853,-114.162759,0.018040,0.472484,-100.494706
50.4972,short_2_forward,0.213626,0.725252,-114.255889,0.017318,0.468602,-100.587836
50.5140,short_2_forward,0.211133,0.719713,-114.214464,0.016204,0.462631,-100.546411
50.5662,short_2_forward,0.209451,0.715973,-114.221396,0.015453,0.458600,-100.553343
50.6148,short_2_forward,0.207115,0.710780,-114.213501,0.014410,0.453001,-100.545447
50.6703,short_2_forward,0.205488,0.707154,-114.135432,0.013686,0.449094,-100.467378
50.7145,short_2_forward,0.202883,0.701332,-114.076542,0.012530,0.442821,-100.408489
50.7751,short_2_forward,0.201294,0.697773,-114.026121,0.011828,0.438987,-100.358068
50.8491,short_2_forward,0.198809,0.692202,-114.061823,0.010729,0.432987,-100.393769
50.9106,short_2_forward,0.197243,0.688688,-113.972757,0.010038,0.429202,-100.304704
50.9138,short_2_forward,0.194726,0.683021,-113.923122,0.008931,0.423101,-100.255069
50.9723,short_2_forward,0.193103,0.679366,-113.964021,0.008218,0.419166,-100.295968
51.0128,short_2_forward,0.190676,0.673908,-113.984266,0.007149,0.413289,-100.316213
51.0833,short_2_forward,0.189052,0.670253,-113.917207,0.006435,0.409354,-100.249154
51.1181,short_2_forward,0.186540,0.664584,-113.881028,0.005334,0.403252,-100.212974
51.1704,short_2_forward,0.184892,0.660857,-113.836331,0.004613,0.399241,-100.168278
51.2169,short_2_forward,0.182336,0.655068,-113.805069,0.003498,0.393012,-100.137016
51.2708,short_2_forward,0.180782,0.651549,-113.834289,0.002820,0.389225,-100.166235
51.3137,short_2_forward,0.178285,0.645900,-113.865284,0.001728,0.383147,-100.197231
51.3717,short_2_forward,0.176668,0.642243,-113.842608,0.001021,0.379211,-100.174555
51.4133,short_2_forward,0.174251,0.636781,-113.901129,-0.000038,0.373332,-100.233076
51.4662,short_2_forward,0.172578,0.633009,-113.939023,-0.000772,0.369272,-100.270969
51.5132,short_2_forward,0.170912,0.629262,-113.990406,-0.001505,0.365238,-100.322353
51.5645,short_2_forward,0.168473,0.623782,-114.004203,-0.002580,0.359336,-100.336150
51.6226,short_2_forward,0.166856,0.620152,-114.017536,-0.003294,0.355427,-100.349483
51.6703,short_2_forward,0.164391,0.614628,-114.070244,-0.004383,0.349477,-100.402191
51.7146,short_2_forward,0.161985,0.609244,-114.097558,-0.005449,0.343677,-100.429505
51.7687,short_2_forward,0.160363,0.605616,-114.061543,-0.006168,0.339768,-100.393489
51.8172,short_2_forward,0.158753,0.602011,-114.067949,-0.006880,0.335885,-100.399896
51.8647,short_2_forward,0.156340,0.596602,-114.024264,-0.007947,0.330059,-100.356210
51.9144,short_2_forward,0.154714,0.592948,-113.942889,-0.008663,0.326124,-100.274835
51.9705,short_2_forward,0.152260,0.587419,-113.936830,-0.009742,0.320172,-100.268777
52.0143,short_2_forward,0.149879,0.582051,-113.892502,-0.010786,0.314394,-100.224449
52.0700,short_2_forward,0.148291,0.578464,-113.881082,-0.011482,0.310533,-100.213029
52.1143,short_2_forward,0.146679,0.574832,-113.973502,-0.012190,0.306622,-100.305448
52.1703,short_2_forward,0.144212,0.569281,-113.956221,-0.013276,0.300646,-100.288168
52.2134,short_2_forward,0.141855,0.563986,-114.025076,-0.014315,0.294943,-100.357023
52.2720,short_2_forward,0.140269,0.560425,-113.979458,-0.015014,0.291109,-100.311404
52.3149,short_2_forward,0.138681,0.556865,-114.114456,-0.015716,0.287275,-100.446403
52.3831,short_2_forward,0.136252,0.551436,-114.095216,-0.016794,0.281425,-100.427162
52.4139,short_2_forward,0.133880,0.546147,-114.217312,-0.017849,0.275726,-100.549259
52.4692,short_2_forward,0.132230,0.542477,-114.193844,-0.018585,0.271769,-100.525790
52.5157,short_2_forward,0.130566,0.538785,-114.337148,-0.019329,0.267789,-100.669094
52.5747,short_2_forward,0.128218,0.533596,-114.342988,-0.020384,0.262192,-100.674934
52.6144,short_2_forward,0.125777,0.528200,-114.344996,-0.021481,0.256372,-100.676942
52.6716,short_2_forward,0.124120,0.524532,-114.274665,-0.022224,0.252417,-100.606612
52.7260,short_2_forward,0.122466,0.520864,-114.274146,-0.022965,0.248461,-100.606093
52.7728,short_2_forward,0.119943,0.515255,-114.161516,-0.024091,0.242415,-100.493463
52.8152,short_2_forward,0.117504,0.509829,-114.244039,-0.025179,0.236567,-100.575985
52.8651,short_2_forward,0.115928,0.506320,-114.127017,-0.025881,0.232784,-100.458964
52.9150,short_2_forward,0.114145,0.502349,-114.244107,-0.026676,0.228504,-100.576054
52.9705,short_2_forward,0.111736,0.496993,-114.187608,-0.027751,0.222731,-100.519554
53.0144,short_2_forward,0.109267,0.491499,-114.209874,-0.028851,0.216809,-100.541821
53.0647,short_2_forward,0.107651,0.487896,-114.101827,-0.029570,0.212926,-100.433774
53.1170,short_2_forward,0.105977,0.484153,-114.083481,-0.030312,0.208894,-100.415428
53.1711,short_2_forward,0.103440,0.478467,-114.003698,-0.031433,0.202769,-100.335645
53.2142,short_2_forward,0.101084,0.473171,-113.965859,-0.032472,0.197067,-100.297805
53.2648,short_2_forward,0.099389,0.469354,-113.929536,-0.033217,0.192957,-100.261482
53.3146,short_2_forward,0.097757,0.465676,-113.936461,-0.033934,0.188997,-100.268408
53.3698,short_2_forward,0.095363,0.460286,-113.945334,-0.034986,0.183194,-100.277281
53.4139,short_2_forward,0.093617,0.456353,-113.952260,-0.035754,0.178961,-100.284206
53.4653,short_2_forward,0.091232,0.450987,-113.966207,-0.036803,0.173183,-100.298154
53.5142,short_2_forward,0.089615,0.447358,-114.072478,-0.037517,0.169274,-100.404425
53.5649,short_2_forward,0.087136,0.441812,-114.089465,-0.038615,0.163299,-100.421411
53.6150,short_2_forward,0.085512,0.438185,-114.174500,-0.039336,0.159392,-100.506447
53.6707,short_2_forward,0.083035,0.432666,-114.157575,-0.040438,0.153444,-100.489522
53.7161,short_2_forward,0.080613,0.427261,-114.129653,-0.041515,0.147620,-100.461600
53.7670,short_2_forward,0.078978,0.423612,-114.133075,-0.042242,0.143687,-100.465022
53.8163,short_2_forward,0.077375,0.420031,-114.102592,-0.042953,0.139829,-100.434539
53.8660,short_2_forward,0.074895,0.414486,-114.072751,-0.044052,0.133855,-100.404698
53.9152,short_2_stop,0.073282,0.410881,-114.143177,-0.044767,0.129972,-100.475124
53.9669,short_2_stop,0.070835,0.405405,-114.010870,-0.045851,0.124072,-100.342816
54.0146,short_2_stop,0.069257,0.401868,-114.084280,-0.046549,0.120263,-100.416227
54.0708,short_2_stop,0.067336,0.397571,-114.098071,-0.047400,0.115632,-100.430017
54.1249,short_2_stop,0.066757,0.396276,-114.050191,-0.047656,0.114238,-100.382138
54.1649,short_2_stop,0.066334,0.395329,-114.068346,-0.047844,0.113218,-100.400292
54.2142,short_2_stop,0.066252,0.395144,-114.115597,-0.047880,0.113018,-100.447544
54.2648,short_2_stop,0.066159,0.394936,-114.110461,-0.047922,0.112794,-100.442407
54.3149,short_2_stop,0.066138,0.394890,-114.148491,-0.047931,0.112745,-100.480438
54.3683,short_2_stop,0.066097,0.394798,-114.092292,-0.047949,0.112645,-100.424239
54.4174,short_2_stop,0.066097,0.394798,-114.112086,-0.047949,0.112645,-100.444033
54.4665,short_2_stop,0.066076,0.394751,-114.051700,-0.047958,0.112595,-100.383647
54.5142,short_2_stop,0.066076,0.394751,-114.062533,-0.047958,0.112595,-100.394480
54.5655,short_2_stop,0.066045,0.394682,-114.019182,-0.047972,0.112521,-100.351129
54.6159,short_2_stop,0.066066,0.394728,-114.036367,-0.047963,0.112570,-100.368313
54.6670,short_2_stop,0.066045,0.394682,-114.000816,-0.047972,0.112521,-100.332762
54.7139,short_2_stop,0.066055,0.394705,-114.007229,-0.047967,0.112546,-100.339176
54.7649,short_2_stop,0.066024,0.394636,-113.963987,-0.047981,0.112471,-100.295934
54.8152,short_2_stop,0.066045,0.394682,-113.977654,-0.047972,0.112521,-100.309601
54.8654,short_2_stop,0.066024,0.394636,-113.963297,-0.047981,0.112471,-100.295244
54.9167,short_2_stop,0.066035,0.394659,-113.973338,-0.047976,0.112496,-100.305284
54.9653,short_2_turn_90,0.066024,0.394636,-113.967095,-0.047981,0.112471,-100.299042
55.0151,short_2_turn_90,0.066014,0.394613,-113.977859,-0.047986,0.112446,-100.309806
55.0682,short_2_turn_90,0.066014,0.394613,-113.887373,-0.047986,0.112446,-100.219320
55.1169,short_2_turn_90,0.066024,0.394636,-113.801354,-0.047981,0.112471,-100.133300
55.1653,short_2_turn_90,0.066004,0.394589,-113.458164,-0.047990,0.112421,-99.790111
55.2179,short_2_turn_90,0.066004,0.394589,-113.077272,-0.047990,0.112421,-99.409218
55.2669,short_2_turn_90,0.066004,0.394589,-112.523370,-0.047990,0.112421,-98.855317
55.3139,short_2_turn_90,0.066004,0.394589,-112.104024,-0.047990,0.112421,-98.435971
55.3681,short_2_turn_90,0.065995,0.394566,-111.432439,-0.047993,0.112396,-97.764386
55.4143,short_2_turn_90,0.066004,0.394589,-110.970923,-0.047990,0.112421,-97.302870
55.4650,short_2_turn_90,0.066013,0.394613,-110.289038,-0.047987,0.112446,-96.620985
55.5140,short_2_turn_90,0.066021,0.394637,-109.851933,-0.047984,0.112471,-96.183880
55.5643,short_2_turn_90,0.066004,0.394589,-109.182465,-0.047989,0.112421,-95.514412
55.6189,short_2_turn_90,0.066013,0.394613,-108.740074,-0.047987,0.112446,-95.072021
55.6688,short_2_turn_90,0.066053,0.394733,-108.144741,-0.047976,0.112572,-94.476688
55.7179,short_2_turn_90,0.066045,0.394709,-107.651540,-0.047978,0.112547,-93.983487
55.7659,short_2_turn_90,0.066060,0.394757,-107.045012,-0.047975,0.112598,-93.376959
55.8142,short_2_turn_90,0.066067,0.394782,-106.620216,-0.047974,0.112623,-92.952162
55.8647,short_2_turn_90,0.066074,0.394806,-105.970227,-0.047972,0.112648,-92.302174
55.9141,short_2_turn_90,0.066081,0.394830,-105.548163,-0.047972,0.112673,-91.880109
55.9649,short_2_turn_90,0.066075,0.394806,-104.905770,-0.047972,0.112648,-91.237716
56.0153,short_2_turn_90,0.066068,0.394781,-104.510350,-0.047973,0.112623,-90.842296
56.0653,short_2_turn_90,0.066068,0.394781,-103.853456,-0.047973,0.112623,-90.185403
56.1175,short_2_turn_90,0.066050,0.394708,-103.432976,-0.047973,0.112547,-89.764923
56.1652,short_2_turn_90,0.066062,0.394757,-102.738100,-0.047973,0.112597,-89.070047
56.2322,short_2_turn_90,0.066062,0.394757,-102.315427,-0.047973,0.112597,-88.647374
56.2647,short_2_turn_90,0.066062,0.394757,-101.605224,-0.047973,0.112597,-87.937171
56.3141,short_2_turn_90,0.066067,0.394782,-101.188364,-0.047974,0.112623,-87.520311
56.3654,short_2_turn_90,0.066072,0.394807,-100.485790,-0.047975,0.112648,-86.817737
56.4138,short_2_turn_90,0.066072,0.394807,-100.071478,-0.047975,0.112648,-86.403425
56.4656,short_2_turn_90,0.066076,0.394832,-99.381178,-0.047977,0.112673,-85.713125
56.5181,short_2_turn_90,0.066084,0.394881,-98.978026,-0.047981,0.112724,-85.309973
56.5660,short_2_turn_90,0.066092,0.394932,-98.320340,-0.047986,0.112774,-84.652287
56.6226,short_2_turn_90,0.066099,0.394982,-97.950206,-0.047990,0.112825,-84.282152
56.6647,short_2_turn_90,0.066102,0.395007,-97.300422,-0.047993,0.112850,-83.632369
56.7183,short_2_turn_90,0.066105,0.395032,-96.923328,-0.047996,0.112875,-83.255274
56.7667,short_2_turn_90,0.066111,0.395082,-96.256913,-0.048002,0.112925,-82.588860
56.8140,short_2_turn_90,0.066108,0.395057,-95.891191,-0.047999,0.112900,-82.223137
56.8640,short_2_turn_90,0.066106,0.395032,-95.193453,-0.047995,0.112875,-81.525399
56.9134,short_2_turn_90,0.066101,0.394981,-94.804760,-0.047988,0.112825,-81.136707
56.9656,short_2_turn_90,0.066098,0.394931,-94.101906,-0.047980,0.112775,-80.433853
57.0179,short_2_turn_90,0.066096,0.394906,-93.706124,-0.047975,0.112750,-80.038071
57.0662,short_2_turn_90,0.066096,0.394906,-92.964386,-0.047975,0.112750,-79.296333
57.1179,short_2_turn_90,0.066095,0.394880,-92.566432,-0.047971,0.112725,-78.898379
57.1656,short_2_turn_90,0.066096,0.394906,-91.816962,-0.047976,0.112750,-78.148909
57.2123,short_2_turn_90,0.066096,0.394931,-91.475664,-0.047981,0.112775,-77.807611
57.2661,short_2_turn_90,0.066096,0.394931,-90.685186,-0.047981,0.112775,-77.017133
57.3140,short_2_turn_90,0.066096,0.394906,-90.314300,-0.047975,0.112750,-76.646247
57.3642,short_2_turn_90,0.066096,0.394956,-89.598298,-0.047987,0.112799,-75.930245
57.4136,short_2_turn_90,0.066096,0.394982,-89.257738,-0.047993,0.112824,-75.589685
57.4647,short_2_turn_90,0.066095,0.395007,-88.601541,-0.048000,0.112848,-74.933488
57.5127,short_2_turn_90,0.066094,0.395057,-88.213641,-0.048013,0.112897,-74.545588
57.5653,short_2_turn_90,0.066092,0.395108,-87.563544,-0.048027,0.112946,-73.895490
57.6197,short_2_turn_90,0.066092,0.395108,-87.160494,-0.048027,0.112946,-73.492441
57.6672,short_2_turn_90,0.066092,0.395108,-86.485924,-0.048027,0.112946,-72.817871
57.7141,short_2_turn_90,0.066092,0.395108,-86.093462,-0.048027,0.112946,-72.425408
57.7641,short_2_turn_90,0.066090,0.395133,-85.396441,-0.048035,0.112970,-71.728388
57.8137,short_2_turn_90,0.066099,0.395032,-84.973912,-0.048003,0.112874,-71.305858
57.8653,short_2_turn_90,0.066094,0.395083,-84.271939,-0.048019,0.112922,-70.603886
57.9142,short_2_turn_90,0.066099,0.395032,-83.851070,-0.048002,0.112874,-70.183016
57.9659,short_2_turn_90,0.066102,0.395007,-83.104516,-0.047993,0.112850,-69.436463
58.0134,short_2_turn_90,0.066108,0.394957,-82.665615,-0.047975,0.112803,-68.997562
58.0664,short_2_turn_90,0.066108,0.394957,-81.953172,-0.047975,0.112803,-68.285118
58.1147,short_2_turn_90,0.066112,0.394932,-81.523300,-0.047966,0.112779,-67.855247
58.1657,short_2_turn_90,0.066112,0.394932,-80.838895,-0.047966,0.112779,-67.170841
58.2135,short_2_turn_90,0.066112,0.394932,-80.436774,-0.047966,0.112779,-66.768721
58.2678,short_2_turn_90,0.066103,0.394982,-79.819291,-0.047986,0.112826,-66.151238
58.3137,short_2_turn_90,0.066099,0.395007,-79.410443,-0.047996,0.112849,-65.742389
58.3707,short_2_turn_90,0.066099,0.395007,-78.774620,-0.047996,0.112849,-65.106567
58.4163,short_2_turn_90,0.066104,0.394982,-78.339524,-0.047986,0.112826,-64.671470
58.4727,short_2_turn_90,0.066098,0.395007,-77.705402,-0.047997,0.112849,-64.037349
58.5145,short_2_turn_90,0.066104,0.394982,-77.263823,-0.047985,0.112826,-63.595770
58.5646,short_2_turn_90,0.066104,0.394982,-76.576215,-0.047985,0.112826,-62.908161
58.6191,short_2_turn_90,0.066098,0.395007,-76.110915,-0.047997,0.112849,-62.442862
58.6704,short_2_turn_90,0.066123,0.394909,-75.440368,-0.047950,0.112759,-61.772315
58.7167,short_2_turn_90,0.066110,0.394957,-74.963013,-0.047974,0.112804,-61.294959
58.7640,short_2_turn_90,0.066110,0.394957,-74.302786,-0.047974,0.112804,-60.634733
58.8299,short_2_turn_90,0.066103,0.394982,-73.802290,-0.047986,0.112826,-60.134237
58.8661,short_2_turn_90,0.066117,0.394933,-73.142173,-0.047961,0.112782,-59.474120
58.9140,short_2_turn_90,0.066102,0.394982,-72.641165,-0.047987,0.112825,-58.973112
58.9667,short_2_turn_90,0.066126,0.394909,-71.985740,-0.047947,0.112761,-58.317687
59.0136,short_2_turn_90,0.066110,0.394957,-71.502812,-0.047974,0.112804,-57.834758
59.0681,short_2_turn_90,0.066118,0.394933,-70.923857,-0.047960,0.112782,-57.255804
59.1144,short_2_turn_90,0.066093,0.395005,-70.455969,-0.048002,0.112846,-56.787916
59.1689,short_2_turn_90,0.066101,0.394981,-69.891085,-0.047988,0.112825,-56.223032
59.2171,short_2_turn_90,0.066066,0.395076,-69.411292,-0.048044,0.112909,-55.743238
59.2692,short_2_turn_90,0.066093,0.395005,-68.853545,-0.048001,0.112846,-55.185492
59.3142,short_2_turn_90,0.066065,0.395076,-68.314391,-0.048045,0.112908,-54.646337
59.3692,short_2_turn_90,0.066122,0.394935,-67.921136,-0.047957,0.112785,-54.253082
59.4130,short_2_turn_90,0.066103,0.394982,-67.176672,-0.047987,0.112826,-53.508619
59.4686,short_2_turn_90,0.066162,0.394842,-66.756370,-0.047896,0.112704,-53.088316
59.5149,short_2_turn_90,0.066142,0.394888,-66.034173,-0.047927,0.112744,-52.366120
59.5710,short_2_turn_90,0.066152,0.394865,-65.617490,-0.047911,0.112724,-51.949437
59.6138,short_2_turn_90,0.066120,0.394934,-64.912902,-0.047958,0.112784,-51.244848
59.6763,short_2_turn_90,0.066153,0.394866,-64.483836,-0.047910,0.112725,-50.815783
59.7197,short_2_turn_90,0.066120,0.394934,-63.760813,-0.047959,0.112783,-50.092759
59.7693,short_2_turn_90,0.066120,0.394934,-63.370795,-0.047959,0.112783,-49.702742
59.8140,short_2_turn_90,0.066108,0.394957,-62.661671,-0.047975,0.112802,-48.993618
59.8712,short_2_turn_90,0.066143,0.394889,-62.287978,-0.047925,0.112745,-48.619925
59.9152,short_2_turn_90,0.066084,0.395001,-61.637167,-0.048009,0.112840,-47.969114
59.9682,short_2_turn_90,0.066084,0.395001,-61.286665,-0.048009,0.112840,-47.618612
60.0133,short_2_turn_90,0.066072,0.395023,-60.602557,-0.048027,0.112858,-46.934504
60.0688,short_2_turn_90,0.066097,0.394979,-60.215504,-0.047992,0.112821,-46.547451
60.1136,short_2_turn_90,0.066109,0.394957,-59.525750,-0.047974,0.112803,-45.857697
60.1691,short_2_turn_90,0.066122,0.394935,-59.108002,-0.047957,0.112785,-45.439949
60.2165,short_2_turn_90,0.066135,0.394914,-58.421490,-0.047939,0.112767,-44.753437
60.2723,short_2_turn_90,0.066135,0.394914,-58.016723,-0.047939,0.112767,-44.348669
60.3155,short_2_turn_90,0.066149,0.394892,-57.294690,-0.047921,0.112750,-43.626636
60.3688,short_2_turn_90,0.066149,0.394892,-56.846274,-0.047921,0.112750,-43.178221
60.4131,short_2_turn_90,0.066149,0.394892,-56.173210,-0.047921,0.112750,-42.505157
60.4692,short_2_turn_90,0.066149,0.394892,-55.738575,-0.047921,0.112750,-42.070521
60.5133,short_2_turn_90,0.066149,0.394892,-55.035898,-0.047921,0.112750,-41.367845
60.5698,short_2_turn_90,0.066134,0.394913,-54.356025,-0.047940,0.112766,-40.687971
60.6141,short_2_turn_90,0.066134,0.394913,-53.944523,-0.047940,0.112766,-40.276470
60.6711,short_2_turn_90,0.066104,0.394954,-53.514573,-0.047978,0.112799,-39.846519
60.7154,short_2_turn_90,0.066089,0.394974,-52.895481,-0.047998,0.112815,-39.227428
60.7699,short_2_turn_90,0.066028,0.395055,-52.470667,-0.048077,0.112879,-38.802614
60.8130,short_2_turn_90,0.066059,0.395015,-51.891320,-0.048037,0.112847,-38.223267
60.8699,short_2_turn_90,0.066043,0.395034,-51.535573,-0.048057,0.112863,-37.867520
60.9141,short_2_turn_90,0.066059,0.395015,-50.825155,-0.048037,0.112847,-37.157102
60.9695,short_2_turn_90,0.066075,0.394995,-50.375759,-0.048017,0.112832,-36.707706
61.0132,short_2_turn_90,0.066124,0.394937,-49.710724,-0.047956,0.112787,-36.042671
61.0696,short_2_turn_90,0.066124,0.394937,-49.243420,-0.047956,0.112787,-35.575366
61.1136,short_2_turn_90,0.066140,0.394918,-48.586137,-0.047935,0.112772,-34.918084
61.1695,short_2_turn_90,0.066124,0.394937,-48.099124,-0.047956,0.112787,-34.431071
61.2143,short_2_turn_90,0.066192,0.394862,-47.427126,-0.047872,0.112730,-33.759072
61.2714,short_2_turn_90,0.066174,0.394880,-46.956075,-0.047893,0.112744,-33.288021
61.3161,short_2_turn_90,0.066192,0.394862,-46.303061,-0.047872,0.112730,-32.635008
61.3700,short_2_turn_90,0.066174,0.394880,-45.814836,-0.047893,0.112744,-32.146782
61.4186,short_2_turn_90,0.066210,0.394844,-45.217034,-0.047850,0.112717,-31.548980
61.4702,short_2_turn_90,0.066174,0.394880,-44.751918,-0.047893,0.112743,-31.083865
61.5139,short_2_turn_90,0.066138,0.394915,-44.154406,-0.047937,0.112769,-30.486353
61.6316,short_2_turn_90,0.066065,0.394986,-43.684834,-0.048024,0.112820,-30.016781
61.6362,short_2_turn_90,0.066102,0.394951,-43.104890,-0.047980,0.112795,-29.436836
61.6737,short_2_turn_90,0.066083,0.394968,-42.612204,-0.048002,0.112808,-28.944151
61.7158,short_2_turn_90,0.066121,0.394934,-42.028489,-0.047958,0.112783,-28.360436
61.7687,short_2_turn_90,0.066121,0.394934,-41.534045,-0.047958,0.112783,-27.865992
61.8135,short_2_turn_90,0.066197,0.394867,-40.908318,-0.047868,0.112737,-27.240265
61.8697,short_2_turn_90,0.066178,0.394884,-40.438367,-0.047891,0.112748,-26.770313
61.9139,short_2_turn_90,0.066216,0.394851,-39.822502,-0.047845,0.112725,-26.154449
61.9691,short_2_turn_90,0.066197,0.394867,-39.327115,-0.047868,0.112737,-25.659062
62.0177,short_2_turn_90,0.066236,0.394835,-38.685877,-0.047822,0.112715,-25.017824
62.0691,short_2_turn_90,0.066196,0.394867,-38.162223,-0.047868,0.112736,-24.494170
62.1136,short_2_turn_90,0.066296,0.394789,-37.489972,-0.047753,0.112684,-23.821919
62.1692,short_2_turn_90,0.066276,0.394805,-37.004687,-0.047776,0.112694,-23.336634
62.2133,short_2_turn_90,0.066256,0.394820,-36.335865,-0.047799,0.112704,-22.667812
62.2708,short_2_turn_90,0.066215,0.394849,-35.898080,-0.047846,0.112724,-22.230027
62.3137,short_2_turn_90,0.066215,0.394849,-35.326920,-0.047846,0.112724,-21.658866
62.3687,short_2_turn_90,0.066153,0.394893,-34.865226,-0.047917,0.112751,-21.197173
62.4137,short_2_turn_90,0.066090,0.394936,-34.293259,-0.047988,0.112778,-20.625206
62.4692,short_2_turn_90,0.066111,0.394922,-33.815884,-0.047964,0.112770,-20.147830
62.5135,short_2_turn_90,0.066132,0.394908,-33.170888,-0.047940,0.112761,-19.502835
62.5678,short_2_turn_90,0.066154,0.394894,-32.713764,-0.047916,0.112753,-19.045711
62.6134,short_2_turn_90,0.066218,0.394854,-32.049863,-0.047845,0.112728,-18.381810
62.6701,short_2_turn_90,0.066239,0.394840,-31.591728,-0.047820,0.112720,-17.923675
62.7154,short_2_turn_90,0.066261,0.394827,-30.925228,-0.047796,0.112713,-17.257175
62.7652,short_2_turn_90,0.066283,0.394814,-30.472897,-0.047772,0.112705,-16.804844
62.8134,short_2_turn_90,0.066305,0.394801,-30.043715,-0.047748,0.112698,-16.375662
62.8644,short_2_turn_stop,0.066349,0.394776,-29.362669,-0.047699,0.112684,-15.694615
62.9156,short_2_turn_stop,0.066349,0.394776,-28.927628,-0.047699,0.112684,-15.259575
62.9643,short_2_turn_stop,0.066415,0.394740,-28.385993,-0.047626,0.112665,-14.717939
63.0173,short_2_turn_stop,0.066393,0.394752,-28.104553,-0.047650,0.112671,-14.436500
63.0653,short_2_turn_stop,0.066371,0.394764,-28.009330,-0.047675,0.112677,-14.341276
63.1172,short_2_turn_stop,0.066371,0.394764,-27.938012,-0.047675,0.112677,-14.269959
63.1647,short_2_turn_stop,0.066348,0.394776,-27.854336,-0.047699,0.112683,-14.186282
63.2179,short_2_turn_stop,0.066326,0.394788,-27.776466,-0.047724,0.112690,-14.108413
63.2641,short_2_turn_stop,0.066326,0.394788,-27.749067,-0.047724,0.112690,-14.081014
63.3122,short_2_turn_stop,0.066303,0.394799,-27.708506,-0.047749,0.112696,-14.040453
63.3646,short_2_turn_stop,0.066303,0.394799,-27.674266,-0.047749,0.112696,-14.006213
63.4206,short_2_turn_stop,0.066326,0.394788,-27.660755,-0.047724,0.112690,-13.992701
63.4639,short_2_turn_stop,0.066348,0.394776,-27.638329,-0.047699,0.112684,-13.970276
63.5139,short_2_turn_stop,0.066348,0.394776,-27.632085,-0.047699,0.112684,-13.964031
63.5681,short_2_turn_stop,0.066303,0.394799,-27.608058,-0.047749,0.112696,-13.940005
63.6151,short_2_turn_stop,0.066303,0.394799,-27.609323,-0.047749,0.112696,-13.941270
63.6745,short_2_turn_stop,0.066326,0.394788,-27.603921,-0.047724,0.112690,-13.935867
63.7141,short_2_turn_stop,0.066303,0.394799,-27.605148,-0.047749,0.112696,-13.937095
63.7660,short_2_turn_stop,0.066303,0.394799,-27.596375,-0.047749,0.112696,-13.928322
63.8173,short_2_turn_stop,0.066303,0.394799,-27.597760,-0.047749,0.112696,-13.929706
