elapsed_sec,phase,odom_x_m,odom_y_m,odom_yaw_deg,relative_x_m,relative_y_m,relative_yaw_deg
0.0463,long_1_forward,0.066346,0.394762,1.019283,0.000000,0.000000,0.002046
0.0974,long_1_forward,0.066371,0.394762,0.912367,0.000025,-0.000000,-0.104869
0.1458,long_1_forward,0.067535,0.394781,0.923127,0.001190,-0.000002,-0.094110
0.1969,long_1_forward,0.069863,0.394818,0.910664,0.003518,-0.000006,-0.106572
0.2451,long_1_forward,0.074520,0.394899,1.070048,0.008175,-0.000008,0.052811
0.2991,long_1_forward,0.078291,0.394968,1.032245,0.011947,-0.000006,0.015008
0.3470,long_1_forward,0.083934,0.395075,1.133450,0.017591,0.000000,0.116213
0.3987,long_1_forward,0.088059,0.395155,1.105025,0.021717,0.000008,0.087788
0.4488,long_1_forward,0.093955,0.395271,1.137588,0.027614,0.000018,0.120351
0.4977,long_1_forward,0.098080,0.395354,1.180365,0.031740,0.000029,0.163128
0.5576,long_1_forward,0.104153,0.395481,1.217875,0.037814,0.000048,0.200638
0.5934,long_1_forward,0.108126,0.395564,1.160299,0.041788,0.000060,0.143063
0.6451,long_1_forward,0.114098,0.395689,1.243174,0.047761,0.000079,0.225938
0.6984,long_1_forward,0.118172,0.395777,1.231417,0.051836,0.000095,0.214180
0.7450,long_1_forward,0.124296,0.395908,1.216180,0.057961,0.000117,0.198943
0.7939,long_1_forward,0.128269,0.395992,1.207450,0.061935,0.000130,0.190213
0.8475,long_1_forward,0.134114,0.396113,1.168147,0.067782,0.000148,0.150910
0.9023,long_1_forward,0.138112,0.396194,1.149368,0.071781,0.000158,0.132131
0.9461,long_1_forward,0.144237,0.396312,1.071611,0.077906,0.000168,0.054375
0.9986,long_1_forward,0.148311,0.396387,1.010748,0.081981,0.000169,-0.006489
1.0466,long_1_forward,0.154157,0.396490,1.012639,0.087828,0.000169,-0.004598
1.0962,long_1_forward,0.158029,0.396556,0.959630,0.091700,0.000167,-0.057607
1.1483,long_1_forward,0.162053,0.396625,0.983415,0.095725,0.000163,-0.033821
1.1917,long_1_forward,0.168050,0.396727,0.966149,0.101723,0.000159,-0.051087
1.2472,long_1_forward,0.171897,0.396789,0.896238,0.105571,0.000153,-0.120999
1.2962,long_1_forward,0.177844,0.396885,0.942152,0.111519,0.000143,-0.075085
1.3466,long_1_forward,0.181792,0.396949,0.911344,0.115467,0.000137,-0.105892
1.3947,long_1_forward,0.187739,0.397043,0.907721,0.121415,0.000126,-0.109516
1.4469,long_1_forward,0.191687,0.397105,0.887779,0.125364,0.000117,-0.129458
1.4946,long_1_forward,0.197660,0.397192,0.792078,0.131337,0.000099,-0.225159
1.5457,long_1_forward,0.201608,0.397249,0.862218,0.135285,0.000086,-0.155019
1.5929,long_1_forward,0.207657,0.397338,0.826005,0.141334,0.000067,-0.191232
1.6455,long_1_forward,0.211554,0.397394,0.800404,0.145232,0.000054,-0.216832
1.6946,long_1_forward,0.217552,0.397481,0.873928,0.151231,0.000035,-0.143308
1.7457,long_1_forward,0.221677,0.397540,0.758032,0.155357,0.000020,-0.259205
1.7952,long_1_forward,0.227448,0.397618,0.793667,0.161127,-0.000004,-0.223570
1.8466,long_1_forward,0.231522,0.397676,0.834627,0.165202,-0.000019,-0.182609
1.8951,long_1_forward,0.237698,0.397761,0.740364,0.171378,-0.000043,-0.276873
1.9437,long_1_forward,0.241595,0.397814,0.819076,0.175276,-0.000059,-0.198161
1.9943,long_1_forward,0.247821,0.397900,0.761052,0.181502,-0.000084,-0.256185
2.0428,long_1_forward,0.251693,0.397953,0.815906,0.185375,-0.000100,-0.201331
2.0946,long_1_forward,0.257767,0.398045,0.915616,0.191449,-0.000116,-0.101620
2.1461,long_1_forward,0.261842,0.398106,0.789197,0.195524,-0.000127,-0.228040
2.1951,long_1_forward,0.267713,0.398195,0.954848,0.201396,-0.000142,-0.062389
2.2456,long_1_forward,0.271914,0.398263,0.888794,0.205598,-0.000149,-0.128443
2.2989,long_1_forward,0.277709,0.398352,0.878444,0.211394,-0.000163,-0.138793
2.3451,long_1_forward,0.281784,0.398419,0.998138,0.215469,-0.000168,-0.019098
2.3963,long_1_forward,0.287858,0.398521,0.927145,0.221544,-0.000174,-0.090092
2.4468,long_1_forward,0.291856,0.398589,1.017945,0.225543,-0.000177,0.000709
2.4972,long_1_forward,0.297955,0.398701,1.098887,0.231643,-0.000173,0.081651
2.5438,long_1_forward,0.301903,0.398778,1.113263,0.235591,-0.000167,0.096026
2.6012,long_1_forward,0.307824,0.398896,1.167842,0.241514,-0.000154,0.150605
2.6456,long_1_forward,0.311924,0.398980,1.189719,0.245614,-0.000142,0.172483
2.6916,long_1_forward,0.317946,0.399108,1.244536,0.251638,-0.000121,0.227300
2.7471,long_1_forward,0.322020,0.399197,1.256256,0.255713,-0.000105,0.239019
2.7945,long_1_forward,0.327916,0.399324,1.206928,0.261610,-0.000083,0.189691
2.8461,long_1_forward,0.331990,0.399409,1.202967,0.265685,-0.000069,0.185731
2.8971,long_1_forward,0.338013,0.399535,1.186100,0.271709,-0.000051,0.168864
2.9752,long_1_forward,0.341961,0.399612,1.068572,0.275658,-0.000043,0.051335
2.9916,long_1_forward,0.347933,0.399726,1.106758,0.281631,-0.000036,0.089522
3.0461,long_1_forward,0.351855,0.399798,1.001346,0.285554,-0.000033,-0.015891
3.0949,long_1_forward,0.357803,0.399905,1.054591,0.291502,-0.000032,0.037354
3.1432,long_1_forward,0.361750,0.399976,1.012070,0.295451,-0.000031,-0.005167
3.1916,long_1_forward,0.367571,0.400077,0.979351,0.301272,-0.000033,-0.037885
3.2460,long_1_forward,0.371418,0.400143,0.986443,0.305119,-0.000036,-0.030794
3.2950,long_1_forward,0.377289,0.400245,0.994584,0.310991,-0.000038,-0.022653
3.3491,long_1_forward,0.381262,0.400312,0.947883,0.314965,-0.000042,-0.069353
3.3927,long_1_forward,0.387184,0.400412,0.993300,0.320888,-0.000046,-0.023936
3.4466,long_1_forward,0.391157,0.400476,0.853305,0.324862,-0.000053,-0.163931
3.4948,long_1_forward,0.397028,0.400570,0.983668,0.330734,-0.000063,-0.033569
3.5460,long_1_forward,0.401078,0.400638,0.940918,0.334783,-0.000067,-0.076318
3.5943,long_1_forward,0.406848,0.400733,0.926779,0.340554,-0.000075,-0.090457
3.6467,long_1_forward,0.410821,0.400798,0.964821,0.344528,-0.000080,-0.052415
3.6948,long_1_forward,0.416844,0.400899,0.946031,0.350552,-0.000087,-0.071206
3.7477,long_1_forward,0.420843,0.400964,0.927074,0.354551,-0.000092,-0.090162
3.7962,long_1_forward,0.426815,0.401069,1.094156,0.360524,-0.000093,0.076919
3.8476,long_1_forward,0.431016,0.401140,0.830660,0.364726,-0.000097,-0.186576
3.8987,long_1_forward,0.436811,0.401232,0.990226,0.370522,-0.000108,-0.027011
3.9489,long_1_forward,0.441190,0.401302,0.833376,0.374901,-0.000116,-0.183861
3.9942,long_1_forward,0.446859,0.401386,0.877492,0.380570,-0.000132,-0.139745
4.0459,long_1_forward,0.450958,0.401450,0.900995,0.384671,-0.000141,-0.116242
4.0969,long_1_forward,0.457133,0.401541,0.796618,0.390847,-0.000159,-0.220619
4.1431,long_1_forward,0.461056,0.401600,0.908164,0.394770,-0.000171,-0.109073
4.2056,long_1_forward,0.467130,0.401697,0.919326,0.400844,-0.000182,-0.097911
4.2478,long_1_forward,0.471053,0.401758,0.870857,0.404767,-0.000190,-0.146380
4.2950,long_1_forward,0.477101,0.401858,1.032729,0.410817,-0.000197,0.015492
4.3467,long_1_forward,0.481251,0.401930,0.953090,0.414968,-0.000199,-0.064147
4.3944,long_1_forward,0.486971,0.402029,1.033110,0.420688,-0.000201,0.015873
4.4470,long_1_forward,0.491045,0.402106,1.125743,0.424763,-0.000197,0.108507
4.4950,long_1_forward,0.497093,0.402226,1.146811,0.430812,-0.000184,0.129574
4.5461,long_1_forward,0.501041,0.402308,1.226796,0.434760,-0.000172,0.209560
4.5960,long_1_forward,0.507165,0.402441,1.257329,0.440886,-0.000148,0.240092
4.6476,long_1_forward,0.511112,0.402529,1.302102,0.444834,-0.000130,0.284865
4.6950,long_1_forward,0.517286,0.402672,1.344222,0.451010,-0.000097,0.326985
4.7729,long_1_forward,0.521234,0.402765,1.377291,0.454958,-0.000074,0.360054
4.7959,long_1_forward,0.527306,0.402912,1.398313,0.461033,-0.000034,0.381077
4.8594,long_1_forward,0.531304,0.403008,1.326711,0.465032,-0.000010,0.309474
4.8989,long_1_forward,0.537327,0.403146,1.307048,0.471055,0.000021,0.289812
4.9458,long_1_forward,0.541400,0.403241,1.378289,0.475130,0.000045,0.361052
4.9966,long_1_forward,0.547397,0.403383,1.321650,0.481129,0.000079,0.304413
5.0441,long_1_forward,0.551471,0.403476,1.306601,0.485204,0.000100,0.289364
5.0930,long_1_forward,0.557570,0.403614,1.288566,0.491304,0.000130,0.271329
5.1481,long_1_forward,0.561543,0.403703,1.273298,0.495277,0.000149,0.256062
5.1946,long_1_forward,0.567312,0.403831,1.261388,0.501048,0.000174,0.244152
5.2493,long_1_forward,0.571259,0.403918,1.282400,0.504997,0.000191,0.265163
5.2980,long_1_forward,0.577307,0.404050,1.215114,0.511046,0.000216,0.197877
5.3490,long_1_forward,0.581255,0.404135,1.238779,0.514994,0.000230,0.221543
5.3920,long_1_forward,0.587126,0.404253,1.068943,0.520866,0.000244,0.051706
5.4505,long_1_forward,0.591099,0.404328,1.101416,0.524840,0.000249,0.084179
5.4949,long_1_forward,0.596944,0.404440,1.086358,0.530687,0.000257,0.069121
5.5472,long_1_forward,0.600766,0.404511,1.037037,0.534509,0.000260,0.019800
5.5912,long_1_forward,0.606789,0.404618,1.010912,0.540533,0.000260,-0.006325
5.6494,long_1_forward,0.610762,0.404689,1.014397,0.544507,0.000260,-0.002840
5.6927,long_1_forward,0.616633,0.404795,1.056809,0.550379,0.000262,0.039572
5.7498,long_1_forward,0.620606,0.404871,1.138102,0.554352,0.000268,0.120865
5.7934,long_1_forward,0.626806,0.404987,1.008171,0.560554,0.000274,-0.009065
5.8493,long_1_forward,0.630602,0.405058,1.118058,0.564350,0.000277,0.100821
5.8959,long_1_forward,0.636853,0.405179,1.100098,0.570602,0.000287,0.082861
5.9507,long_1_forward,0.640648,0.405253,1.162611,0.574398,0.000294,0.145374
5.9954,long_1_forward,0.646874,0.405379,1.152342,0.580625,0.000309,0.135105
6.0507,long_1_forward,0.650923,0.405457,1.055705,0.584675,0.000316,0.038468
6.0974,long_1_forward,0.656844,0.405564,1.015116,0.590597,0.000317,-0.002120
6.1469,long_1_forward,0.660919,0.405637,1.026626,0.594672,0.000318,0.009389
6.1951,long_1_forward,0.666916,0.405741,0.965180,0.600671,0.000316,-0.052057
6.2493,long_1_forward,0.670839,0.405812,1.106441,0.604594,0.000317,0.089204
6.2953,long_1_forward,0.676963,0.405922,0.950659,0.610719,0.000318,-0.066578
6.3494,long_1_forward,0.680734,0.405991,1.148561,0.614491,0.000320,0.131324
6.3946,long_1_forward,0.687060,0.406118,1.147118,0.620818,0.000335,0.129881
6.4528,long_1_forward,0.690907,0.406196,1.184449,0.624665,0.000345,0.167212
6.4972,long_1_forward,0.696828,0.406323,1.276091,0.630588,0.000367,0.258854
6.5514,long_1_forward,0.700877,0.406415,1.310388,0.634638,0.000386,0.293151
6.5962,long_1_forward,0.706924,0.406555,1.339601,0.640687,0.000419,0.322364
6.6495,long_1_forward,0.710998,0.406654,1.454026,0.644762,0.000446,0.436790
6.6957,long_1_forward,0.716970,0.406803,1.396827,0.650735,0.000488,0.379590
6.7495,long_1_forward,0.720993,0.406902,1.428721,0.654759,0.000516,0.411484
6.7926,long_1_forward,0.727091,0.407054,1.440964,0.660859,0.000560,0.423727
6.8468,long_1_forward,0.731139,0.407155,1.416426,0.664909,0.000589,0.399190
6.8969,long_1_forward,0.737035,0.407304,1.478491,0.670806,0.000634,0.461255
6.9487,long_1_forward,0.741032,0.407408,1.502198,0.674805,0.000667,0.484961
6.9936,long_1_forward,0.747080,0.407565,1.454674,0.680854,0.000715,0.437438
7.0599,long_1_forward,0.751128,0.407670,1.544104,0.684903,0.000749,0.526868
7.1093,long_1_forward,0.756973,0.407823,1.450654,0.690750,0.000798,0.433417
7.1498,long_1_forward,0.761021,0.407927,1.478512,0.694800,0.000830,0.461276
7.1947,long_1_forward,0.767018,0.408079,1.433883,0.700798,0.000876,0.416647
7.2493,long_1_forward,0.770940,0.408176,1.393110,0.704721,0.000903,0.375873
7.2971,long_1_forward,0.776785,0.408316,1.348736,0.710568,0.000939,0.331499
7.3632,long_1_forward,0.780656,0.408404,1.267357,0.714440,0.000959,0.250121
7.3912,long_1_forward,0.786654,0.408537,1.259115,0.720439,0.000985,0.241878
7.4475,long_1_forward,0.790601,0.408625,1.304939,0.724387,0.001003,0.287703
7.4954,long_1_forward,0.796371,0.408745,1.078728,0.730158,0.001021,0.061491
7.5495,long_1_forward,0.800268,0.408818,1.082745,0.734056,0.001025,0.065509
7.6336,long_1_forward,0.806164,0.408932,1.117479,0.739953,0.001033,0.100242
7.8384,long_1_forward,0.810036,0.409008,1.136511,0.743826,0.001041,0.119274
7.8433,long_1_forward,0.815957,0.409127,1.169668,0.749748,0.001055,0.152431
7.8478,long_1_forward,0.819930,0.409207,1.129619,0.753722,0.001064,0.112382
7.8525,long_1_forward,0.825928,0.409329,1.209406,0.759721,0.001080,0.192170
7.9066,long_1_forward,0.830128,0.409417,1.178581,0.763922,0.001093,0.161344
7.9120,long_1_forward,0.835772,0.409530,1.130254,0.769567,0.001106,0.113017
7.9463,long_1_forward,0.839922,0.409612,1.120835,0.773718,0.001114,0.103599
7.9969,long_1_forward,0.846122,0.409729,1.036425,0.779919,0.001121,0.019189
8.0472,long_1_stop,0.849968,0.409800,1.092553,0.783766,0.001124,0.075316
8.0946,long_1_stop,0.856194,0.409919,1.092077,0.789992,0.001132,0.074840
8.1492,long_1_stop,0.859509,0.409977,0.933966,0.793308,0.001132,-0.083270
8.1933,long_1_stop,0.862217,0.410022,0.953402,0.796016,0.001129,-0.063835
8.2506,long_1_stop,0.863305,0.410040,0.964269,0.797105,0.001127,-0.052968
8.2955,long_1_stop,0.863608,0.410045,0.973166,0.797408,0.001127,-0.044071
8.3732,long_1_stop,0.863862,0.410050,0.972601,0.797662,0.001127,-0.044636
8.3958,long_1_stop,0.863963,0.410051,0.992581,0.797763,0.001127,-0.024656
8.4488,long_1_stop,0.864039,0.410053,0.992126,0.797839,0.001127,-0.025111
8.5010,long_1_stop,0.864089,0.410054,0.999516,0.797889,0.001127,-0.017720
8.5515,long_1_stop,0.864165,0.410055,1.005466,0.797965,0.001127,-0.011771
8.5945,long_1_stop,0.864266,0.410057,1.020404,0.798067,0.001127,0.003167
8.6512,long_1_stop,0.864266,0.410057,1.018501,0.798067,0.001127,0.001264
8.6913,long_1_stop,0.864292,0.410057,1.020040,0.798092,0.001127,0.002803
8.7469,long_1_stop,0.864266,0.410057,1.021049,0.798067,0.001127,0.003812
8.7965,long_1_stop,0.864292,0.410057,1.023649,0.798092,0.001127,0.006413
8.8463,long_1_stop,0.864266,0.410057,1.025225,0.798067,0.001127,0.007989
8.8955,long_1_stop,0.864292,0.410057,1.031328,0.798092,0.001127,0.014091
8.9512,long_1_stop,0.864292,0.410057,1.030843,0.798092,0.001127,0.013607
8.9948,long_1_stop,0.864292,0.410057,1.034439,0.798092,0.001127,0.017202
9.0548,long_1_turn_90,0.864266,0.410057,1.035669,0.798067,0.001127,0.018432
9.1037,long_1_turn_90,0.864292,0.410057,1.036092,0.798092,0.001127,0.018855
9.1641,long_1_turn_90,0.864266,0.410057,1.058503,0.798067,0.001127,0.041266
9.1966,long_1_turn_90,0.864317,0.410058,1.200789,0.798117,0.001127,0.183552
9.2453,long_1_turn_90,0.864368,0.410059,1.407160,0.798168,0.001127,0.389924
9.2973,long_1_turn_90,0.864342,0.410058,1.744185,0.798142,0.001127,0.726949
9.3467,long_1_turn_90,0.864469,0.410063,2.257987,0.798269,0.001129,1.240750
9.3954,long_1_turn_90,0.864519,0.410065,2.710361,0.798320,0.001130,1.693124
9.4456,long_1_turn_90,0.864595,0.410069,3.326375,0.798395,0.001133,2.309138
9.4920,long_1_turn_90,0.864646,0.410072,3.790075,0.798446,0.001135,2.772838
9.5471,long_1_turn_90,0.864671,0.410074,4.431337,0.798471,0.001137,3.414100
9.5949,long_1_turn_90,0.864671,0.410074,4.937757,0.798471,0.001137,3.920520
9.6457,long_1_turn_90,0.864646,0.410071,5.543585,0.798446,0.001135,4.526348
9.6947,long_1_turn_90,0.864570,0.410064,6.003163,0.798370,0.001129,4.985926
9.7467,long_1_turn_90,0.864495,0.410055,6.640091,0.798295,0.001121,5.622854
9.7916,long_1_turn_90,0.864520,0.410059,7.138555,0.798320,0.001124,6.121318
9.8471,long_1_turn_90,0.864495,0.410055,7.778360,0.798295,0.001121,6.761123
9.8917,long_1_turn_90,0.864445,0.410048,8.256278,0.798245,0.001115,7.239041
9.9466,long_1_turn_90,0.864420,0.410044,8.942753,0.798219,0.001112,7.925517
9.9918,long_1_turn_90,0.864470,0.410052,9.396166,0.798270,0.001119,8.378929
10.0459,long_1_turn_90,0.864445,0.410048,10.063265,0.798245,0.001115,9.046028
10.0960,long_1_turn_90,0.864495,0.410057,10.522187,0.798295,0.001123,9.504950
10.1437,long_1_turn_90,0.864519,0.410062,11.170141,0.798319,0.001128,10.152905
10.1947,long_1_turn_90,0.864619,0.410082,11.615260,0.798419,0.001146,10.598023
10.2460,long_1_turn_90,0.864668,0.410092,12.302182,0.798469,0.001155,11.284945
10.2954,long_1_turn_90,0.864718,0.410103,12.769992,0.798518,0.001166,11.752755
10.3471,long_1_turn_90,0.864693,0.410098,13.471545,0.798494,0.001160,12.454308
10.3951,long_1_turn_90,0.864718,0.410104,13.894559,0.798518,0.001166,12.877322
10.4459,long_1_turn_90,0.864668,0.410091,14.585256,0.798469,0.001154,13.568020
10.4938,long_1_turn_90,0.864595,0.410072,14.963799,0.798395,0.001136,13.946562
10.5477,long_1_turn_90,0.864473,0.410038,15.658687,0.798273,0.001105,14.641450
10.5956,long_1_turn_90,0.864449,0.410032,16.068791,0.798248,0.001098,15.051554
10.6531,long_1_turn_90,0.864424,0.410024,16.789399,0.798224,0.001092,15.772163
10.6929,long_1_turn_90,0.864473,0.410039,17.243557,0.798272,0.001106,16.226321
10.7468,long_1_turn_90,0.864424,0.410024,17.942247,0.798224,0.001091,16.925010
10.7955,long_1_turn_90,0.864497,0.410048,18.352493,0.798296,0.001114,17.335257
10.8424,long_1_turn_90,0.864497,0.410048,19.020863,0.798296,0.001114,18.003626
10.8968,long_1_turn_90,0.864521,0.410056,19.420759,0.798321,0.001121,18.403522
10.9479,long_1_turn_90,0.864544,0.410064,20.126177,0.798344,0.001130,19.108941
10.9971,long_1_turn_90,0.864592,0.410082,20.526268,0.798392,0.001146,19.509031
11.0412,long_1_turn_90,0.864592,0.410082,21.224846,0.798392,0.001146,20.207609
11.0996,long_1_turn_90,0.864592,0.410082,21.628740,0.798392,0.001146,20.611504
11.1441,long_1_turn_90,0.864615,0.410092,22.365103,0.798416,0.001155,21.347866
11.2021,long_1_turn_90,0.864615,0.410092,22.781422,0.798416,0.001155,21.764185
11.2451,long_1_turn_90,0.864615,0.410092,23.471785,0.798416,0.001155,22.454548
11.2930,long_1_turn_90,0.864592,0.410081,23.892369,0.798393,0.001146,22.875133
11.3470,long_1_turn_90,0.864569,0.410071,24.560497,0.798369,0.001136,23.543260
11.3948,long_1_turn_90,0.864546,0.410060,24.968887,0.798346,0.001125,23.951651
11.4477,long_1_turn_90,0.864500,0.410039,25.656718,0.798300,0.001105,24.639481
11.4945,long_1_turn_90,0.864455,0.410017,26.060700,0.798254,0.001083,25.043463
11.5442,long_1_turn_90,0.864409,0.409994,26.761908,0.798208,0.001062,25.744671
11.5951,long_1_turn_90,0.864409,0.409994,27.218991,0.798208,0.001062,26.201754
11.6456,long_1_turn_90,0.864432,0.410006,27.903413,0.798231,0.001073,26.886177
11.6911,long_1_turn_90,0.864454,0.410018,28.304362,0.798253,0.001084,27.287126
11.7472,long_1_turn_90,0.864499,0.410042,28.998460,0.798298,0.001108,27.981223
11.7983,long_1_turn_90,0.864521,0.410054,29.426317,0.798321,0.001120,28.409080
11.8435,long_1_turn_90,0.864565,0.410080,30.108929,0.798365,0.001144,29.091692
11.8953,long_1_turn_90,0.864565,0.410080,30.545204,0.798365,0.001144,29.527967
11.9480,long_1_turn_90,0.864565,0.410080,31.244626,0.798365,0.001144,30.227389
11.9980,long_1_turn_90,0.864565,0.410080,31.676577,0.798365,0.001144,30.659340
12.0474,long_1_turn_90,0.864586,0.410093,32.353865,0.798387,0.001157,31.336629
12.0953,long_1_turn_90,0.864543,0.410066,32.741998,0.798344,0.001131,31.724761
12.1450,long_1_turn_90,0.864501,0.410038,33.412879,0.798301,0.001104,32.395643
12.1951,long_1_turn_90,0.864480,0.410024,33.825812,0.798279,0.001090,32.808575
12.2452,long_1_turn_90,0.864459,0.410010,34.488945,0.798258,0.001076,33.471708
12.2951,long_1_turn_90,0.864438,0.409995,34.934902,0.798237,0.001062,33.917665
12.3470,long_1_turn_90,0.864417,0.409981,35.596587,0.798216,0.001048,34.579350
12.3956,long_1_turn_90,0.864397,0.409966,36.032547,0.798195,0.001034,35.015311
12.4472,long_1_turn_90,0.864438,0.409996,36.681231,0.798237,0.001063,35.663994
12.4965,long_1_turn_90,0.864458,0.410011,37.104002,0.798257,0.001078,36.086766
12.5470,long_1_turn_90,0.864498,0.410042,37.749937,0.798298,0.001108,36.732700
12.5973,long_1_turn_90,0.864518,0.410058,38.183941,0.798318,0.001123,37.166704
12.6462,long_1_turn_90,0.864578,0.410105,38.870269,0.798378,0.001169,37.853032
12.7011,long_1_turn_90,0.864597,0.410121,39.344728,0.798398,0.001185,38.327491
12.7478,long_1_turn_90,0.864617,0.410137,40.046048,0.798418,0.001201,39.028812
12.8015,long_1_turn_90,0.864597,0.410121,40.497995,0.798398,0.001185,39.480758
12.8455,long_1_turn_90,0.864617,0.410137,41.122913,0.798418,0.001201,40.105676
12.8958,long_1_turn_90,0.864597,0.410120,41.552351,0.798399,0.001185,40.535114
12.9473,long_1_turn_90,0.864579,0.410104,42.161826,0.798379,0.001168,41.144589
12.9930,long_1_turn_90,0.864541,0.410069,42.612506,0.798341,0.001135,41.595269
13.0469,long_1_turn_90,0.864541,0.410069,43.236245,0.798341,0.001135,42.219009
13.0945,long_1_turn_90,0.864505,0.410035,43.700326,0.798304,0.001100,42.683089
13.1483,long_1_turn_90,0.864486,0.410017,44.354269,0.798286,0.001083,43.337032
13.1952,long_1_turn_90,0.864486,0.410017,44.826894,0.798286,0.001083,43.809657
13.2457,long_1_turn_90,0.864504,0.410035,45.468679,0.798304,0.001101,44.451442
13.2958,long_1_turn_90,0.864486,0.410017,45.927897,0.798286,0.001083,44.910660
13.3532,long_1_turn_90,0.864539,0.410072,46.558682,0.798339,0.001137,45.541445
13.3951,long_1_turn_90,0.864556,0.410090,47.022472,0.798357,0.001155,46.005235
13.4451,long_1_turn_90,0.864608,0.410146,47.694282,0.798409,0.001210,46.677046
13.4960,long_1_turn_90,0.864625,0.410165,48.170914,0.798427,0.001228,47.153677
13.5629,long_1_turn_90,0.864642,0.410184,48.821738,0.798444,0.001247,47.804502
13.5956,long_1_turn_90,0.864642,0.410184,49.299432,0.798444,0.001247,48.282195
13.6458,long_1_turn_90,0.864625,0.410164,49.968264,0.798427,0.001228,48.951027
13.6946,long_1_turn_90,0.864593,0.410126,50.421649,0.798394,0.001190,49.404412
13.7453,long_1_turn_90,0.864577,0.410106,51.028152,0.798378,0.001171,50.010916
13.7952,long_1_turn_90,0.864577,0.410106,51.489320,0.798378,0.001171,50.472083
13.8420,long_1_turn_90,0.864545,0.410066,52.133800,0.798346,0.001131,51.116563
13.8911,long_1_turn_90,0.864530,0.410046,52.611325,0.798330,0.001112,51.594089
13.9462,long_1_turn_90,0.864530,0.410046,53.227904,0.798330,0.001112,52.210667
13.9953,long_1_turn_90,0.864530,0.410046,53.696134,0.798330,0.001112,52.678897
14.0455,long_1_turn_90,0.864530,0.410046,54.350001,0.798330,0.001112,53.332765
14.0958,long_1_turn_90,0.864559,0.410087,54.798991,0.798360,0.001152,53.781754
14.1485,long_1_turn_90,0.864574,0.410108,55.404774,0.798375,0.001173,54.387537
14.1953,long_1_turn_90,0.864602,0.410150,55.853428,0.798404,0.001214,54.836192
14.2460,long_1_turn_90,0.864645,0.410213,56.485166,0.798447,0.001276,55.467930
14.2949,long_1_turn_90,0.864672,0.410255,56.952877,0.798476,0.001318,55.935640
14.3469,long_1_turn_90,0.864700,0.410298,57.601117,0.798504,0.001360,56.583880
14.3946,long_1_turn_90,0.864700,0.410298,58.067345,0.798504,0.001360,57.050109
14.4454,long_1_turn_90,0.864700,0.410298,58.722449,0.798504,0.001360,57.705213
14.4951,long_1_turn_90,0.864739,0.410363,59.191595,0.798544,0.001425,58.174358
14.5432,long_1_turn_90,0.864726,0.410341,59.813647,0.798531,0.001403,58.796410
14.5946,long_1_turn_90,0.864688,0.410275,60.254386,0.798492,0.001338,59.237149
14.6455,long_1_turn_90,0.864676,0.410253,60.885632,0.798479,0.001316,59.868395
14.6925,long_1_turn_90,0.864651,0.410209,61.332750,0.798454,0.001272,60.315513
14.7481,long_1_turn_90,0.864639,0.410187,61.983564,0.798442,0.001250,60.966327
14.7952,long_1_turn_90,0.864639,0.410187,62.447409,0.798442,0.001250,61.430172
14.8474,long_1_turn_90,0.864639,0.410187,63.122143,0.798442,0.001250,62.104906
14.8909,long_1_turn_90,0.864662,0.410232,63.564849,0.798465,0.001295,62.547612
14.9471,long_1_turn_90,0.864662,0.410232,64.236680,0.798465,0.001295,63.219443
14.9945,long_1_turn_90,0.864673,0.410255,64.686127,0.798476,0.001318,63.668890
15.0465,long_1_turn_90,0.864694,0.410301,65.351230,0.798499,0.001363,64.333993
15.0941,long_1_turn_90,0.864705,0.410324,65.775378,0.798509,0.001386,64.758141
15.1466,long_1_turn_90,0.864715,0.410347,66.467781,0.798520,0.001409,65.450545
15.1953,long_1_turn_90,0.864755,0.410440,66.907092,0.798562,0.001501,65.889856
15.2443,long_1_turn_90,0.864765,0.410463,67.591628,0.798572,0.001524,66.574391
15.3027,long_1_turn_90,0.864765,0.410463,68.042106,0.798572,0.001524,67.024869
15.3490,long_1_turn_90,0.864774,0.410487,68.695332,0.798582,0.001548,67.678095
15.3913,long_1_turn_90,0.864756,0.410439,69.121365,0.798563,0.001501,68.104128
15.4455,long_1_turn_90,0.864738,0.410392,69.777104,0.798544,0.001454,68.759867
15.5028,long_1_turn_90,0.864712,0.410321,70.189046,0.798517,0.001383,69.171809
15.5473,long_1_turn_90,0.864695,0.410273,70.863944,0.798499,0.001335,69.846707
15.5954,long_1_turn_90,0.864695,0.410273,71.256195,0.798499,0.001335,70.238958
15.6483,long_1_turn_90,0.864679,0.410225,71.956883,0.798482,0.001288,70.939647
15.6944,long_1_turn_90,0.864710,0.410321,72.390232,0.798515,0.001384,71.372995
15.7536,long_1_turn_90,0.864710,0.410321,73.058893,0.798515,0.001384,72.041657
15.7956,long_1_turn_90,0.864718,0.410346,73.453719,0.798523,0.001408,72.436483
15.8456,long_1_turn_90,0.864718,0.410346,74.159298,0.798523,0.001408,73.142062
15.9015,long_1_turn_90,0.864724,0.410370,74.586479,0.798530,0.001432,73.569242
15.9560,long_1_turn_90,0.864724,0.410370,75.262654,0.798530,0.001432,74.245417
15.9916,long_1_turn_90,0.864731,0.410394,75.684405,0.798537,0.001456,74.667168
16.0456,long_1_turn_90,0.864731,0.410394,76.384738,0.798537,0.001456,75.367501
16.0946,long_1_turn_90,0.864737,0.410419,76.794918,0.798543,0.001481,75.777681
16.1466,long_1_turn_90,0.864737,0.410419,77.483954,0.798543,0.001481,76.466718
16.1913,long_1_turn_90,0.864726,0.410370,77.890795,0.798531,0.001432,76.873558
16.2432,long_1_turn_90,0.864721,0.410345,78.579879,0.798526,0.001407,77.562642
16.2939,long_1_turn_90,0.864716,0.410320,78.981098,0.798520,0.001382,77.963861
16.3471,long_1_turn_90,0.864706,0.410270,79.679669,0.798510,0.001333,78.662432
16.3945,long_1_turn_90,0.864702,0.410245,80.091946,0.798505,0.001308,79.074709
16.4458,long_1_turn_90,0.864694,0.410195,80.783230,0.798496,0.001258,79.765993
16.4945,long_1_turn_90,0.864686,0.410145,81.227103,0.798487,0.001208,80.209866
16.5475,long_1_turn_90,0.864686,0.410145,81.894973,0.798487,0.001208,80.877736
16.5946,long_1_turn_90,0.864686,0.410145,82.325261,0.798487,0.001208,81.308024
16.6477,long_1_turn_90,0.864689,0.410171,83.007911,0.798491,0.001233,81.990674
16.6960,long_1_turn_90,0.864692,0.410196,83.437366,0.798494,0.001258,82.420129
16.7511,long_1_turn_90,0.864695,0.410221,84.145950,0.798497,0.001283,83.128714
16.7950,long_1_turn_90,0.864700,0.410271,84.588055,0.798503,0.001334,83.570818
16.8486,long_1_turn_90,0.864693,0.410196,85.049079,0.798495,0.001258,84.031842
16.8968,long_1_turn_90,0.864693,0.410196,85.697612,0.798495,0.001258,84.680375
16.9511,long_1_turn_stop,0.864691,0.410170,86.364614,0.798493,0.001233,85.347378
16.9978,long_1_turn_stop,0.864688,0.410120,86.697074,0.798489,0.001182,85.679837
17.0478,long_1_turn_stop,0.864686,0.410095,86.949620,0.798487,0.001157,85.932383
17.0948,long_1_turn_stop,0.864683,0.410019,87.088751,0.798482,0.001081,86.071514
17.1490,long_1_turn_stop,0.864681,0.409993,87.153262,0.798480,0.001056,86.136025
17.1950,long_1_turn_stop,0.864681,0.409993,87.173958,0.798480,0.001056,86.156721
17.2516,long_1_turn_stop,0.864681,0.409993,87.191853,0.798480,0.001056,86.174616
17.2973,long_1_turn_stop,0.864679,0.409943,87.209468,0.798477,0.001006,86.192231
17.3487,long_1_turn_stop,0.864679,0.409943,87.224651,0.798477,0.001006,86.207414
17.3947,long_1_turn_stop,0.864678,0.409918,87.229152,0.798475,0.000980,86.211916
17.4475,long_1_turn_stop,0.864678,0.409918,87.232335,0.798475,0.000980,86.215098
17.4938,long_1_turn_stop,0.864678,0.409918,87.232950,0.798475,0.000980,86.215713
17.5511,long_1_turn_stop,0.864678,0.409918,87.235217,0.798475,0.000980,86.217981
17.5973,long_1_turn_stop,0.864678,0.409918,87.235334,0.798475,0.000980,86.218097
17.6529,long_1_turn_stop,0.864678,0.409918,87.235641,0.798475,0.000980,86.218404
17.6905,long_1_turn_stop,0.864678,0.409918,87.240238,0.798475,0.000980,86.223001
17.7555,long_1_turn_stop,0.864678,0.409918,87.236659,0.798475,0.000980,86.219422
17.7965,long_1_turn_stop,0.864678,0.409918,87.240982,0.798475,0.000980,86.223745
17.8476,long_1_turn_stop,0.864678,0.409918,87.244862,0.798475,0.000980,86.227625
17.8942,long_1_turn_stop,0.864678,0.409918,87.244602,0.798475,0.000980,86.227365
17.9479,long_1_turn_stop,0.864678,0.409918,87.246767,0.798475,0.000980,86.229531
17.9947,short_1_forward,0.864678,0.409918,87.245606,0.798475,0.000980,86.228369
18.0477,short_1_forward,0.864678,0.409918,87.287045,0.798475,0.000980,86.269808
18.0943,short_1_forward,0.864712,0.410651,87.268986,0.798523,0.001713,86.251749
18.1467,short_1_forward,0.864792,0.412345,87.374424,0.798632,0.003405,86.357187
18.1949,short_1_forward,0.864983,0.416567,87.442855,0.798898,0.007624,86.425619
18.2459,short_1_forward,0.865132,0.419930,87.484458,0.799107,0.010983,86.467221
18.2919,short_1_forward,0.865373,0.425443,87.502490,0.799446,0.016491,86.485253
18.3510,short_1_forward,0.865541,0.429312,87.532713,0.799682,0.020356,86.515476
18.3950,short_1_forward,0.865799,0.435203,87.451707,0.800045,0.026242,86.434470
18.4479,short_1_forward,0.865973,0.439123,87.446496,0.800289,0.030158,86.429259
18.4906,short_1_forward,0.866238,0.445116,87.501021,0.800660,0.036145,86.483784
18.5492,short_1_forward,0.866421,0.449186,87.344296,0.800915,0.040212,86.327059
18.5948,short_1_forward,0.866691,0.455027,87.363796,0.801289,0.046047,86.346559
18.6475,short_1_forward,0.866882,0.459199,87.398384,0.801554,0.050215,86.381147
18.6948,short_1_forward,0.867151,0.464913,87.197891,0.801925,0.055923,86.180654
18.7490,short_1_forward,0.867348,0.468983,87.269416,0.802194,0.059989,86.252180
18.8107,short_1_forward,0.867643,0.475126,87.236085,0.802598,0.066126,86.218848
18.8481,short_1_forward,0.867824,0.478944,87.326209,0.802847,0.069940,86.308973
18.8941,short_1_forward,0.868107,0.485113,87.421852,0.803239,0.076103,86.404616
18.9520,short_1_forward,0.868290,0.489108,87.325977,0.803493,0.080094,86.308740
18.9919,short_1_forward,0.868558,0.495050,87.511335,0.803867,0.086031,86.494098
19.0477,short_1_forward,0.868752,0.499425,87.429250,0.804137,0.090401,86.412013
19.0943,short_1_forward,0.869003,0.504962,87.379259,0.804487,0.095933,86.362023
19.1510,short_1_forward,0.869195,0.509185,87.391397,0.804754,0.100151,86.374160
19.1972,short_1_forward,0.869473,0.515177,87.305630,0.805138,0.106138,86.288393
19.2457,short_1_forward,0.869661,0.519197,87.328962,0.805398,0.110154,86.311725
19.2938,short_1_forward,0.869953,0.525467,87.341939,0.805801,0.116418,86.324702
19.3468,short_1_forward,0.870132,0.529310,87.317248,0.806049,0.120257,86.300011
19.3962,short_1_forward,0.870416,0.535378,87.325144,0.806440,0.126319,86.307907
19.4468,short_1_forward,0.870614,0.539474,87.144260,0.806711,0.130410,86.127023
19.4960,short_1_forward,0.870893,0.545162,87.233448,0.807091,0.136093,86.216212
19.5487,short_1_forward,0.871095,0.549358,87.259731,0.807367,0.140285,86.242494
19.6158,short_1_forward,0.871377,0.555249,87.266322,0.807753,0.146170,86.249085
19.6460,short_1_forward,0.871572,0.559345,87.267442,0.808022,0.150261,86.250206
19.6990,short_1_forward,0.871850,0.565210,87.320042,0.808403,0.156121,86.302805
19.7482,short_1_forward,0.872034,0.569180,87.358127,0.808658,0.160087,86.340890
19.8055,short_1_forward,0.872309,0.575299,87.498808,0.809041,0.166200,86.481571
19.8498,short_1_forward,0.872483,0.579243,87.439187,0.809286,0.170141,86.421951
19.8912,short_1_forward,0.872743,0.585135,87.514716,0.809650,0.176027,86.497479
19.9501,short_1_forward,0.872917,0.589206,87.571878,0.809897,0.180094,86.554641
19.9922,short_1_forward,0.873168,0.595174,87.627188,0.810253,0.186057,86.609952
20.0460,short_1_forward,0.873334,0.599170,87.606466,0.810490,0.190049,86.589229
20.0945,short_1_forward,0.873588,0.605214,87.575238,0.810851,0.196088,86.558001
20.1524,short_1_forward,0.873752,0.609083,87.562828,0.811084,0.199953,86.545591
20.1951,short_1_forward,0.874005,0.615051,87.591665,0.811443,0.205916,86.574428
20.2429,short_1_forward,0.874185,0.619198,87.443852,0.811696,0.210059,86.426616
20.2939,short_1_forward,0.874364,0.623244,87.483720,0.811947,0.214101,86.466484
20.3433,short_1_forward,0.874628,0.629084,87.339043,0.812315,0.219936,86.321806
20.3952,short_1_forward,0.874812,0.632978,87.260441,0.812568,0.223826,86.243205
20.4469,short_1_forward,0.875100,0.638995,87.251794,0.812963,0.229837,86.234558
20.4941,short_1_forward,0.875289,0.642888,87.200677,0.813220,0.233726,86.183440
20.5430,short_1_forward,0.875580,0.648728,87.083567,0.813616,0.239559,86.066330
20.5953,short_1_forward,0.875788,0.652772,87.027177,0.813895,0.243599,86.009940
20.6462,short_1_forward,0.876101,0.658611,86.835972,0.814312,0.249431,85.818736
20.6909,short_1_forward,0.876314,0.662503,86.907259,0.814594,0.253319,85.890022
20.7464,short_1_forward,0.876651,0.668669,86.832858,0.815040,0.259479,85.815621
20.7942,short_1_forward,0.876864,0.672536,86.866667,0.815322,0.263341,85.849431
20.8470,short_1_forward,0.877194,0.678627,86.935072,0.815760,0.269425,85.917835
20.8910,short_1_forward,0.877420,0.682772,86.811951,0.816060,0.273565,85.794714
20.9466,short_1_forward,0.877741,0.688635,86.931875,0.816484,0.279422,85.914638
20.9939,short_1_forward,0.877964,0.692881,87.052503,0.816783,0.283664,86.035266
21.0473,short_1_forward,0.878272,0.698618,86.785320,0.817193,0.289394,85.768083
21.0961,short_1_forward,0.878495,0.702687,86.956355,0.817488,0.293459,85.939118
21.1511,short_1_forward,0.878844,0.709056,86.775266,0.817950,0.299820,85.758029
21.1954,short_1_forward,0.879051,0.712771,86.836389,0.818223,0.303531,85.819152
21.2453,short_1_forward,0.879386,0.718912,86.921418,0.818667,0.309665,85.904181
21.2979,short_1_forward,0.879603,0.722906,86.853792,0.818955,0.313654,85.836556
21.3489,short_1_forward,0.879924,0.728794,86.896133,0.819381,0.319536,85.878896
21.3937,short_1_forward,0.880147,0.732914,86.927661,0.819676,0.323651,85.910424
21.4488,short_1_forward,0.880466,0.738828,86.898455,0.820100,0.329559,85.881218
21.4954,short_1_forward,0.880684,0.742922,86.987029,0.820391,0.333649,85.969792
21.5488,short_1_forward,0.881008,0.748912,86.827592,0.820821,0.339632,85.810355
21.5946,short_1_forward,0.881224,0.752830,86.870410,0.821106,0.343545,85.853174
21.6578,short_1_forward,0.881557,0.758946,86.888251,0.821548,0.349654,85.871014
21.6919,short_1_forward,0.881773,0.762939,86.927750,0.821835,0.353643,85.910513
21.7659,short_1_forward,0.882087,0.768904,87.035523,0.822255,0.359601,86.018287
21.7945,short_1_forward,0.882295,0.772872,86.980369,0.822533,0.363565,85.963133
21.8467,short_1_forward,0.882612,0.778888,86.985752,0.822957,0.369574,85.968515
21.8938,short_1_forward,0.882823,0.782958,87.063752,0.823241,0.373639,86.046516
21.9531,short_1_forward,0.883124,0.788873,87.118647,0.823646,0.379548,86.101410
21.9912,short_1_forward,0.883322,0.792816,87.123435,0.823914,0.383488,86.106198
22.0452,short_1_stop,0.883621,0.798782,87.144157,0.824319,0.389447,86.126921
22.0975,short_1_stop,0.883819,0.802751,87.143850,0.824587,0.393412,86.126613
22.1462,short_1_stop,0.884079,0.808034,87.222179,0.824941,0.398690,86.204942
22.1951,short_1_stop,0.884184,0.810183,87.148378,0.825085,0.400837,86.131142
22.2462,short_1_stop,0.884261,0.811725,87.164245,0.825189,0.402377,86.147008
22.2986,short_1_stop,0.884279,0.812079,87.164505,0.825213,0.402731,86.147268
22.3432,short_1_stop,0.884287,0.812256,87.188929,0.825225,0.402907,86.171693
22.3965,short_1_stop,0.884290,0.812307,87.190999,0.825228,0.402958,86.173762
22.4486,short_1_stop,0.884292,0.812357,87.212213,0.825231,0.403008,86.194977
22.4952,short_1_stop,0.884294,0.812382,87.213668,0.825233,0.403034,86.196432
22.5469,short_1_stop,0.884295,0.812408,87.230518,0.825235,0.403059,86.213282
22.5929,short_1_stop,0.884294,0.812382,87.230518,0.825233,0.403034,86.213282
22.6471,short_1_stop,0.884295,0.812408,87.241249,0.825235,0.403059,86.224012
22.6993,short_1_stop,0.884294,0.812382,87.241214,0.825233,0.403034,86.223978
22.7473,short_1_stop,0.884295,0.812408,87.255845,0.825235,0.403059,86.238608
22.7943,short_1_stop,0.884294,0.812382,87.258058,0.825233,0.403034,86.240821
22.8438,short_1_stop,0.884296,0.812433,87.287195,0.825236,0.403084,86.269959
22.8990,short_1_stop,0.884297,0.812458,87.284975,0.825238,0.403109,86.267739
22.9467,short_1_stop,0.884298,0.812484,87.303922,0.825240,0.403135,86.286686
22.9947,short_1_stop,0.884298,0.812484,87.304141,0.825240,0.403135,86.286904
23.0456,short_1_turn_90,0.884300,0.812509,87.325151,0.825241,0.403160,86.307914
23.0941,short_1_turn_90,0.884298,0.812484,87.325451,0.825240,0.403135,86.308214
23.1492,short_1_turn_90,0.884300,0.812509,87.441892,0.825241,0.403160,86.424655
23.1937,short_1_turn_90,0.884301,0.812534,87.563135,0.825243,0.403185,86.545898
23.2463,short_1_turn_90,0.884305,0.812635,87.900451,0.825249,0.403286,86.883214
23.2930,short_1_turn_90,0.884306,0.812686,88.227241,0.825251,0.403337,87.210004
23.3476,short_1_turn_90,0.884307,0.812711,88.805553,0.825252,0.403362,87.788316
23.3939,short_1_turn_90,0.884307,0.812686,89.214763,0.825251,0.403337,88.197527
23.4492,short_1_turn_90,0.884307,0.812711,89.843653,0.825252,0.403362,88.826416
23.4936,short_1_turn_90,0.884307,0.812686,90.275137,0.825252,0.403337,89.257900
23.5498,short_1_turn_90,0.884307,0.812711,90.934373,0.825252,0.403362,89.917136
23.5947,short_1_turn_90,0.884307,0.812711,91.362510,0.825252,0.403362,90.345273
23.6453,short_1_turn_90,0.884307,0.812711,92.001146,0.825252,0.403362,90.983909
23.6943,short_1_turn_90,0.884307,0.812686,92.419925,0.825252,0.403337,91.402689
23.7460,short_1_turn_90,0.884306,0.812711,93.042763,0.825252,0.403362,92.025527
23.7971,short_1_turn_90,0.884306,0.812711,93.473468,0.825252,0.403362,92.456232
23.8455,short_1_turn_90,0.884308,0.812686,94.085242,0.825253,0.403337,93.068005
23.9019,short_1_turn_90,0.884310,0.812661,94.521390,0.825254,0.403311,93.504153
23.9468,short_1_turn_90,0.884314,0.812610,95.125240,0.825258,0.403261,94.108004
24.0017,short_1_turn_90,0.884314,0.812610,95.584803,0.825258,0.403261,94.567566
24.0442,short_1_turn_90,0.884319,0.812560,96.212490,0.825262,0.403211,95.195254
24.0927,short_1_turn_90,0.884316,0.812585,96.701354,0.825260,0.403236,95.684118
24.1472,short_1_turn_90,0.884320,0.812560,97.304166,0.825262,0.403211,96.286930
24.1905,short_1_turn_90,0.884326,0.812510,97.791439,0.825268,0.403160,96.774202
24.2480,short_1_turn_90,0.884330,0.812485,98.416797,0.825271,0.403135,97.399561
24.2947,short_1_turn_90,0.884334,0.812460,98.913823,0.825274,0.403110,97.896587
24.3440,short_1_turn_90,0.884330,0.812485,99.506854,0.825271,0.403135,98.489618
24.3936,short_1_turn_90,0.884330,0.812485,99.997160,0.825271,0.403135,98.979923
24.4474,short_1_turn_90,0.884330,0.812485,100.604917,0.825271,0.403135,99.587680
24.5032,short_1_turn_90,0.884320,0.812534,101.086834,0.825262,0.403185,100.069598
24.5446,short_1_turn_90,0.884315,0.812559,101.645346,0.825258,0.403210,100.628109
24.5947,short_1_turn_90,0.884325,0.812510,102.131300,0.825267,0.403160,101.114063
24.6436,short_1_turn_90,0.884325,0.812510,102.680604,0.825267,0.403160,101.663368
24.6948,short_1_turn_90,0.884331,0.812485,103.156361,0.825272,0.403135,102.139124
24.7415,short_1_turn_90,0.884343,0.812436,103.735507,0.825283,0.403086,102.718270
24.7927,short_1_turn_90,0.884355,0.812387,104.190397,0.825295,0.403037,103.173160
24.8464,short_1_turn_90,0.884368,0.812338,104.786932,0.825306,0.402987,103.769695
24.8948,short_1_turn_90,0.884381,0.812289,105.278808,0.825319,0.402938,104.261572
24.9456,short_1_turn_90,0.884381,0.812289,105.883253,0.825319,0.402938,104.866016
24.9910,short_1_turn_90,0.884388,0.812264,106.366468,0.825325,0.402914,105.349231
25.0476,short_1_turn_90,0.884395,0.812240,106.980768,0.825332,0.402889,105.963532
25.0973,short_1_turn_90,0.884395,0.812240,107.467194,0.825332,0.402889,106.449957
25.1465,short_1_turn_90,0.884395,0.812240,108.068121,0.825332,0.402889,107.050884
25.1943,short_1_turn_90,0.884403,0.812216,108.548495,0.825340,0.402865,107.531258
25.2435,short_1_turn_90,0.884395,0.812240,109.145481,0.825332,0.402889,108.128244
25.2986,short_1_turn_90,0.884395,0.812240,109.635902,0.825332,0.402889,108.618665
25.3450,short_1_turn_90,0.884369,0.812311,110.202644,0.825307,0.402961,109.185407
25.3967,short_1_turn_90,0.884360,0.812335,110.700729,0.825299,0.402985,109.683492
25.4472,short_1_turn_90,0.884351,0.812359,111.292578,0.825290,0.403009,110.275341
25.4990,short_1_turn_90,0.884360,0.812335,111.745570,0.825299,0.402985,110.728333
25.5431,short_1_turn_90,0.884360,0.812335,112.290318,0.825299,0.402985,111.273082
25.5939,short_1_turn_90,0.884399,0.812242,112.754047,0.825336,0.402891,111.736811
25.6472,short_1_turn_90,0.884409,0.812218,113.373054,0.825346,0.402868,112.355817
25.6953,short_1_turn_90,0.884419,0.812195,113.845935,0.825355,0.402844,112.828698
25.7450,short_1_turn_90,0.884430,0.812172,114.471130,0.825365,0.402821,113.453893
25.7937,short_1_turn_90,0.884440,0.812149,114.936293,0.825375,0.402798,113.919056
25.8922,short_1_turn_90,0.884462,0.812103,115.610255,0.825396,0.402752,114.593018
25.9035,short_1_turn_90,0.884462,0.812103,116.061211,0.825396,0.402752,115.043975
25.9475,short_1_turn_90,0.884462,0.812103,116.717579,0.825396,0.402752,115.700342
25.9971,short_1_turn_90,0.884450,0.812126,117.151296,0.825385,0.402774,116.134059
26.0515,short_1_turn_90,0.884439,0.812148,117.823632,0.825374,0.402797,116.806396
26.0963,short_1_turn_90,0.884427,0.812171,118.255191,0.825362,0.402820,117.237954
26.1527,short_1_turn_90,0.884378,0.812260,118.917501,0.825316,0.402909,117.900264
26.1937,short_1_turn_90,0.884341,0.812326,119.353649,0.825280,0.402976,118.336413
26.2457,short_1_turn_90,0.884316,0.812370,119.967164,0.825256,0.403021,118.949927
26.2959,short_1_turn_90,0.884354,0.812304,120.408135,0.825293,0.402954,119.390898
26.3448,short_1_turn_90,0.884354,0.812304,121.001146,0.825293,0.402954,119.983909
26.3951,short_1_turn_90,0.884381,0.812261,121.407077,0.825318,0.402911,120.389841
26.4448,short_1_turn_90,0.884407,0.812218,122.054224,0.825344,0.402867,121.036987
26.4946,short_1_turn_90,0.884407,0.812218,122.483898,0.825344,0.402867,121.466661
26.5438,short_1_turn_90,0.884421,0.812197,123.189566,0.825357,0.402846,122.172329
26.5940,short_1_turn_90,0.884421,0.812197,123.584282,0.825357,0.402846,122.567045
26.6472,short_1_turn_90,0.884421,0.812197,124.306438,0.825357,0.402846,123.289201
26.6916,short_1_turn_90,0.884407,0.812218,124.717424,0.825343,0.402867,123.700187
26.7478,short_1_turn_90,0.884421,0.812197,125.460276,0.825357,0.402846,124.443039
26.7919,short_1_turn_90,0.884392,0.812238,125.858599,0.825329,0.402887,124.841362
26.8419,short_1_turn_90,0.884422,0.812197,126.554212,0.825358,0.402846,125.536976
26.8911,short_1_turn_90,0.884346,0.812299,126.966428,0.825284,0.402949,125.949191
26.9459,short_1_turn_90,0.884377,0.812258,127.656400,0.825314,0.402908,126.639163
27.0007,short_1_turn_90,0.884299,0.812358,128.063247,0.825238,0.403009,127.046010
27.0450,short_1_turn_90,0.884299,0.812358,128.740788,0.825238,0.403009,127.723551
27.0944,short_1_turn_90,0.884235,0.812437,129.125820,0.825176,0.403089,128.108583
27.1463,short_1_turn_90,0.884267,0.812398,129.799959,0.825207,0.403049,128.782722
27.1942,short_1_turn_90,0.884251,0.812417,130.174896,0.825191,0.403069,129.157659
27.2440,short_1_turn_90,0.884301,0.812360,130.866548,0.825240,0.403011,129.849311
27.2948,short_1_turn_90,0.884301,0.812360,131.243506,0.825240,0.403011,130.226269
27.3450,short_1_turn_90,0.884385,0.812265,131.975866,0.825322,0.402914,130.958629
27.3938,short_1_turn_90,0.884351,0.812302,132.381839,0.825289,0.402953,131.364602
27.4454,short_1_turn_90,0.884402,0.812247,133.151478,0.825339,0.402896,132.134242
27.4938,short_1_turn_90,0.884298,0.812357,133.532876,0.825237,0.403008,132.515639
27.5468,short_1_turn_90,0.884333,0.812321,134.270455,0.825271,0.402971,133.253218
27.5911,short_1_turn_90,0.884280,0.812375,134.679624,0.825219,0.403026,133.662387
27.6457,short_1_turn_90,0.884280,0.812375,135.392054,0.825219,0.403026,134.374817
27.6939,short_1_turn_90,0.884262,0.812393,135.775309,0.825201,0.403044,134.758072
27.7491,short_1_turn_90,0.884244,0.812410,136.483135,0.825183,0.403062,135.465899
27.7947,short_1_turn_90,0.884170,0.812480,136.877101,0.825111,0.403133,135.859864
27.8453,short_1_turn_90,0.884188,0.812462,137.557196,0.825129,0.403115,136.539960
27.8973,short_1_turn_90,0.884113,0.812530,137.972485,0.825056,0.403185,136.955249
27.9461,short_1_turn_90,0.884132,0.812514,138.660723,0.825074,0.403168,137.643486
27.9975,short_1_turn_90,0.884113,0.812530,139.061819,0.825055,0.403185,138.044582
28.0511,short_1_turn_90,0.884152,0.812497,139.752146,0.825093,0.403151,138.734909
28.0975,short_1_turn_90,0.884171,0.812481,140.167449,0.825112,0.403134,139.150212
28.1476,short_1_turn_90,0.884210,0.812449,140.874004,0.825151,0.403101,139.856768
28.1994,short_1_turn_90,0.884191,0.812465,141.312885,0.825131,0.403118,140.295648
28.2451,short_1_turn_90,0.884191,0.812465,142.030629,0.825131,0.403118,141.013392
28.2922,short_1_turn_90,0.884211,0.812449,142.486284,0.825151,0.403102,141.469048
28.3461,short_1_turn_90,0.884211,0.812449,143.208358,0.825151,0.403102,142.191121
28.3910,short_1_turn_90,0.884211,0.812449,143.669478,0.825151,0.403102,142.652241
28.4489,short_1_turn_90,0.884190,0.812464,144.120325,0.825131,0.403117,143.103088
28.4950,short_1_turn_90,0.884211,0.812449,144.765860,0.825151,0.403102,143.748623
28.5488,short_1_turn_90,0.884169,0.812478,145.451092,0.825110,0.403132,144.433855
28.5943,short_1_turn_90,0.884106,0.812521,145.882377,0.825048,0.403176,144.865141
28.6527,short_1_turn_90,0.884085,0.812535,146.327760,0.825028,0.403190,145.310524
28.6941,short_1_turn_90,0.884064,0.812549,146.959430,0.825007,0.403204,145.942193
28.7470,short_1_turn_90,0.884043,0.812563,147.590812,0.824986,0.403218,146.573576
28.7941,short_1_turn_90,0.884064,0.812549,148.055388,0.825007,0.403205,147.038152
28.8487,short_1_turn_90,0.884043,0.812563,148.473847,0.824986,0.403218,147.456610
28.8910,short_1_turn_90,0.884130,0.812510,149.124122,0.825071,0.403164,148.106885
28.9467,short_1_turn_90,0.884108,0.812523,149.807209,0.825050,0.403178,148.789972
28.9947,short_1_turn_90,0.884173,0.812485,150.295321,0.825115,0.403138,149.278085
29.0479,short_1_turn_90,0.884173,0.812485,150.772683,0.825115,0.403138,149.755447
29.1029,short_1_turn_90,0.884218,0.812461,151.483665,0.825159,0.403113,150.466428
29.1441,short_1_turn_90,0.884151,0.812497,152.135333,0.825092,0.403150,151.118097
29.1910,short_1_turn_90,0.884218,0.812461,152.628350,0.825159,0.403114,151.611113
29.2472,short_1_turn_90,0.884128,0.812508,153.065523,0.825070,0.403162,152.048287
29.2949,short_1_turn_90,0.884128,0.812508,153.767339,0.825070,0.403162,152.750102
29.3473,short_1_turn_90,0.884060,0.812541,154.382520,0.825002,0.403196,153.365284
29.3944,short_1_turn_90,0.884060,0.812541,154.863516,0.825002,0.403196,153.846279
29.4473,short_1_turn_90,0.883991,0.812573,155.286728,0.824934,0.403229,154.269491
29.4971,short_1_turn_90,0.883968,0.812583,155.968313,0.824911,0.403240,154.951076
29.5478,short_1_turn_90,0.883968,0.812583,156.564889,0.824911,0.403240,155.547652
29.5954,short_1_turn_90,0.884038,0.812553,157.028139,0.824980,0.403209,156.010903
29.6470,short_1_turn_90,0.884014,0.812563,157.434590,0.824957,0.403219,156.417354
29.6909,short_1_turn_90,0.884131,0.812515,158.114672,0.825073,0.403169,157.097436
29.7466,short_1_turn_90,0.884061,0.812543,158.752803,0.825003,0.403198,157.735567
29.7956,short_1_turn_90,0.884132,0.812516,159.260150,0.825074,0.403170,158.242913
29.8866,short_1_turn_90,0.884108,0.812525,159.693266,0.825050,0.403179,158.676029
29.8990,short_1_turn_90,0.884179,0.812499,160.424273,0.825121,0.403152,159.407037
29.9601,short_1_turn_90,0.884108,0.812524,161.050288,0.825050,0.403178,160.033051
29.9902,short_1_turn_90,0.884204,0.812492,161.554779,0.825145,0.403144,160.537542
30.0471,short_1_turn_90,0.884132,0.812515,161.958184,0.825073,0.403169,160.940947
30.0953,short_1_turn_90,0.884180,0.812500,162.678564,0.825121,0.403153,161.661327
30.1481,short_1_turn_90,0.884059,0.812537,163.289961,0.825001,0.403192,162.272725
30.1941,short_1_turn_90,0.884059,0.812537,163.763375,0.825001,0.403192,162.746139
30.2492,short_1_turn_90,0.883961,0.812565,164.154199,0.824904,0.403222,163.136962
30.2946,short_1_turn_90,0.884010,0.812551,164.838556,0.824953,0.403208,163.821320
30.3516,short_1_turn_90,0.883961,0.812564,165.428384,0.824904,0.403221,164.411148
30.3926,short_1_turn_90,0.883986,0.812558,165.881813,0.824928,0.403215,164.864576
30.4548,short_1_turn_90,0.884035,0.812546,166.259400,0.824977,0.403202,165.242163
30.4949,short_1_turn_90,0.884109,0.812528,166.932856,0.825051,0.403183,165.915620
30.5468,short_1_turn_90,0.884084,0.812534,167.553079,0.825026,0.403189,166.535842
30.5984,short_1_turn_90,0.884134,0.812523,168.051833,0.825076,0.403177,167.034596
30.6433,short_1_turn_90,0.884084,0.812534,168.464021,0.825026,0.403188,167.446784
30.6948,short_1_turn_90,0.884134,0.812524,169.178459,0.825076,0.403178,168.161222
30.7487,short_1_turn_90,0.884084,0.812533,169.826807,0.825026,0.403188,168.809571
30.7905,short_1_turn_90,0.884109,0.812529,170.303418,0.825051,0.403183,169.286181
30.8478,short_1_turn_90,0.884134,0.812525,170.965263,0.825076,0.403178,169.948027
30.8906,short_1_turn_stop,0.884084,0.812532,171.397983,0.825026,0.403187,170.380747
30.9469,short_1_turn_stop,0.884034,0.812540,171.805909,0.824976,0.403195,170.788673
30.9922,short_1_turn_stop,0.884009,0.812543,172.303297,0.824951,0.403199,171.286061
31.0475,short_1_turn_stop,0.883959,0.812550,172.535415,0.824901,0.403207,171.518178
31.1015,short_1_turn_stop,0.883933,0.812553,172.609631,0.824876,0.403211,171.592395
31.1473,short_1_turn_stop,0.883933,0.812553,172.646528,0.824876,0.403211,171.629291
31.1913,short_1_turn_stop,0.883883,0.812560,172.703246,0.824826,0.403218,171.686009
31.2444,short_1_turn_stop,0.883883,0.812560,172.745593,0.824826,0.403218,171.728356
31.2931,short_1_turn_stop,0.883858,0.812563,172.754568,0.824801,0.403222,171.737331
31.3481,short_1_turn_stop,0.883883,0.812560,172.777272,0.824826,0.403218,171.760035
31.3919,short_1_turn_stop,0.883858,0.812563,172.797216,0.824801,0.403222,171.779979
31.4506,short_1_turn_stop,0.883833,0.812566,172.809701,0.824776,0.403225,171.792465
31.4941,short_1_turn_stop,0.883808,0.812569,172.817952,0.824751,0.403229,171.800716
31.5485,short_1_turn_stop,0.883808,0.812569,172.821326,0.824751,0.403229,171.804090
31.5920,short_1_turn_stop,0.883808,0.812569,172.825752,0.824751,0.403229,171.808516
31.6522,short_1_turn_stop,0.883808,0.812569,172.833115,0.824751,0.403229,171.815879
31.6939,short_1_turn_stop,0.883833,0.812566,172.849330,0.824776,0.403225,171.832093
31.7453,short_1_turn_stop,0.883858,0.812563,172.864411,0.824801,0.403222,171.847174
31.7946,short_1_turn_stop,0.883833,0.812566,172.900010,0.824776,0.403225,171.882773
31.8524,short_1_turn_stop,0.883783,0.812572,172.920487,0.824726,0.403232,171.903250
31.8952,short_1_turn_stop,0.883733,0.812578,172.956059,0.824676,0.403239,171.938822
31.9469,long_2_forward,0.883733,0.812578,172.955813,0.824676,0.403239,171.938576
31.9916,long_2_forward,0.883733,0.812578,173.047433,0.824676,0.403239,172.030196
32.0524,long_2_forward,0.883255,0.812637,172.918657,0.824199,0.403307,171.901420
32.0934,long_2_forward,0.880341,0.812996,173.038431,0.821292,0.403717,172.021194
32.1469,long_2_forward,0.877502,0.813342,173.087581,0.818460,0.404113,172.070344
32.1972,long_2_forward,0.874135,0.813747,173.167221,0.815100,0.404579,172.149984
32.2465,long_2_forward,0.868254,0.814451,173.192001,0.809233,0.405386,172.174764
32.2996,long_2_forward,0.864333,0.814915,173.291681,0.805320,0.405920,172.274444
32.3505,long_2_forward,0.858376,0.815617,173.266067,0.799376,0.406728,172.248831
32.3994,long_2_forward,0.854278,0.816097,173.388205,0.795288,0.407280,172.370968
32.4495,long_2_forward,0.848369,0.816780,173.416864,0.789392,0.408068,172.399627
32.4905,long_2_forward,0.842410,0.817470,173.383683,0.783447,0.408864,172.366446
32.5425,long_2_forward,0.838388,0.817938,173.337593,0.779433,0.409403,172.320356
32.5947,long_2_forward,0.834391,0.818407,173.281353,0.775445,0.409943,172.264117
32.6470,long_2_forward,0.828484,0.819103,173.280575,0.769551,0.410744,172.263338
32.6903,long_2_forward,0.824613,0.819560,173.237148,0.765689,0.411270,172.219912
32.7572,long_2_forward,0.818706,0.820259,173.261136,0.759796,0.412074,172.243899
32.8006,long_2_forward,0.814734,0.820726,173.329889,0.755833,0.412611,172.312652
32.8821,long_2_forward,0.808801,0.821419,173.360911,0.749913,0.413408,172.343675
32.8950,long_2_forward,0.804829,0.821880,173.375419,0.745949,0.413941,172.358182
32.9477,long_2_forward,0.799021,0.822558,173.320982,0.740155,0.414721,172.303745
32.9955,long_2_forward,0.795125,0.823014,173.305819,0.736267,0.415247,172.288582
33.0452,long_2_forward,0.789217,0.823706,173.348535,0.730373,0.416043,172.331298
33.0956,long_2_forward,0.785295,0.824161,173.410594,0.726459,0.416568,172.393357
33.1428,long_2_forward,0.779562,0.824823,173.409474,0.720739,0.417332,172.392237
33.1954,long_2_forward,0.775590,0.825282,173.400253,0.716775,0.417861,172.383016
33.2452,long_2_forward,0.769807,0.825950,173.424897,0.711005,0.418632,172.407660
33.2906,long_2_forward,0.765834,0.826411,173.335667,0.707041,0.419163,172.318430
33.3417,long_2_forward,0.760053,0.827094,173.200456,0.701273,0.419948,172.183220
33.3954,long_2_forward,0.756082,0.827567,173.211576,0.697311,0.420492,172.194339
33.4446,long_2_forward,0.750176,0.828274,173.136143,0.691419,0.421303,172.118907
33.4934,long_2_forward,0.746332,0.828739,173.077281,0.687583,0.421836,172.060044
33.5447,long_2_forward,0.740199,0.829471,173.306912,0.681465,0.422677,172.289675
33.5946,long_2_forward,0.735902,0.829985,173.036696,0.677177,0.423268,172.019459
33.6479,long_2_forward,0.730325,0.830671,172.946059,0.671613,0.424052,171.928823
33.6954,long_2_forward,0.723969,0.831455,172.983912,0.665273,0.424949,171.966675
33.7460,long_2_forward,0.720253,0.831920,172.747069,0.661565,0.425481,171.729832
33.8125,long_2_forward,0.716210,0.832434,172.777722,0.657532,0.426066,171.760486
33.8460,long_2_forward,0.710209,0.833194,172.779389,0.651545,0.426933,171.762152
33.8966,long_2_forward,0.706367,0.833679,172.838443,0.647712,0.427485,171.821206
33.9418,long_2_forward,0.700214,0.834452,172.836899,0.641574,0.428368,171.819662
34.0091,long_2_forward,0.696371,0.834934,172.860272,0.637741,0.428918,171.843035
34.0467,long_2_forward,0.690293,0.835688,173.008993,0.631677,0.429779,171.991756
34.1010,long_2_forward,0.686098,0.836207,172.870080,0.627492,0.430373,171.852844
34.1479,long_2_forward,0.680497,0.836906,172.898521,0.621904,0.431172,171.881284
34.1967,long_2_forward,0.676403,0.837414,172.972683,0.617819,0.431752,171.955447
34.2461,long_2_forward,0.670324,0.838163,172.968462,0.611755,0.432609,171.951226
34.3057,long_2_forward,0.666304,0.838659,172.969227,0.607745,0.433176,171.951991
34.3510,long_2_forward,0.660174,0.839407,173.112825,0.601629,0.434033,172.095588
34.3985,long_2_forward,0.656380,0.839863,173.184692,0.597843,0.434556,172.167456
34.4581,long_2_forward,0.650298,0.840590,173.180622,0.591775,0.435391,172.163385
34.4942,long_2_forward,0.646301,0.841066,173.247407,0.587788,0.435938,172.230170
34.5489,long_2_forward,0.640420,0.841761,173.261587,0.581919,0.436738,172.244350
34.5949,long_2_forward,0.636499,0.842225,173.241151,0.578007,0.437271,172.223914
34.6416,long_2_forward,0.630466,0.842940,173.252216,0.571988,0.438092,172.234979
34.6968,long_2_forward,0.626520,0.843409,173.194173,0.568051,0.438631,172.176936
34.7418,long_2_forward,0.620588,0.844112,173.281408,0.562133,0.439440,172.264171
34.8048,long_2_forward,0.616592,0.844583,173.275671,0.558145,0.439982,172.258434
34.8475,long_2_forward,0.610735,0.845277,173.207683,0.552302,0.440780,172.190446
34.8903,long_2_forward,0.606815,0.845745,173.181195,0.548390,0.441317,172.163959
34.9473,long_2_forward,0.600858,0.846455,173.222463,0.542447,0.442133,172.205227
34.9939,long_2_forward,0.596837,0.846936,173.148561,0.538435,0.442685,172.131324
35.0419,long_2_forward,0.591107,0.847621,173.210934,0.532718,0.443471,172.193697
35.0948,long_2_forward,0.587312,0.848073,173.208106,0.528932,0.443991,172.190870
35.1448,long_2_forward,0.581406,0.848776,173.217272,0.523039,0.444798,172.200036
35.2011,long_2_forward,0.577460,0.849244,173.247995,0.519102,0.445337,172.230758
35.2731,long_2_forward,0.571679,0.849930,173.218966,0.513334,0.446125,172.201730
35.2945,long_2_forward,0.567758,0.850397,173.198298,0.509422,0.446662,172.181061
35.3485,long_2_forward,0.561902,0.851095,173.204145,0.503579,0.447464,172.186908
35.3907,long_2_forward,0.558032,0.851557,173.187438,0.499718,0.447994,172.170201
35.4462,long_2_forward,0.552151,0.852259,173.192042,0.493850,0.448801,172.174805
35.4942,long_2_forward,0.548105,0.852744,173.146853,0.489814,0.449357,172.129616
35.5428,long_2_forward,0.542098,0.853464,173.174065,0.483821,0.450184,172.156828
35.5909,long_2_forward,0.538228,0.853928,173.161661,0.479960,0.450716,172.144424
35.6453,long_2_forward,0.531947,0.854690,173.007148,0.473693,0.451590,171.989912
35.6929,long_2_forward,0.528279,0.855143,172.917154,0.470034,0.452107,171.899917
35.7470,long_2_forward,0.522150,0.855899,173.014771,0.463919,0.452972,171.997534
35.7940,long_2_forward,0.518056,0.856408,172.794921,0.459834,0.453555,171.777684
35.8427,long_2_forward,0.512431,0.857118,172.832255,0.454223,0.454364,171.815018
35.8942,long_2_forward,0.508262,0.857642,172.835519,0.450064,0.454962,171.818283
35.9448,long_2_forward,0.502435,0.858372,172.878522,0.444251,0.455795,171.861286
35.9943,long_2_forward,0.498417,0.858872,172.936292,0.440242,0.456366,171.919055
36.0468,long_2_forward,0.492238,0.859641,172.876869,0.434078,0.457245,171.859633
36.0966,long_2_forward,0.488546,0.860102,172.893439,0.430395,0.457771,171.876203
36.1470,long_2_forward,0.482292,0.860882,172.878072,0.424156,0.458663,171.860835
36.1915,long_2_forward,0.478424,0.861365,172.881746,0.420297,0.459214,171.864509
36.2426,long_2_forward,0.472295,0.862125,172.991207,0.414183,0.460082,171.973970
36.2955,long_2_forward,0.468226,0.862627,172.933437,0.410123,0.460657,171.916200
36.3451,long_2_forward,0.462498,0.863331,173.057733,0.404408,0.461462,172.040496
36.3990,long_2_forward,0.458377,0.863832,173.090094,0.400297,0.462036,172.072858
36.4453,long_2_forward,0.452371,0.864553,173.214294,0.394305,0.462864,172.197058
36.4992,long_2_forward,0.448501,0.865013,173.234129,0.390443,0.463392,172.216893
36.5448,long_2_forward,0.442343,0.865744,173.214991,0.384299,0.464233,172.197754
36.5991,long_2_forward,0.438598,0.866189,173.231042,0.380563,0.464744,172.213805
36.6446,long_2_forward,0.432541,0.866909,173.210292,0.374519,0.465572,172.193055
36.7011,long_2_forward,0.428595,0.867379,173.221739,0.370582,0.466111,172.204503
36.7456,long_2_forward,0.422563,0.868097,173.206836,0.364564,0.466936,172.189599
36.7936,long_2_forward,0.418617,0.868569,173.147550,0.360627,0.467478,172.130313
36.8467,long_2_forward,0.412711,0.869276,173.182999,0.354735,0.468291,172.165762
36.8918,long_2_forward,0.408715,0.869752,173.249811,0.350748,0.468837,172.232575
36.9511,long_2_forward,0.402834,0.870453,173.159393,0.344880,0.469642,172.142157
36.9912,long_2_forward,0.398863,0.870927,173.221903,0.340918,0.470187,172.204667
37.0488,long_2_forward,0.393032,0.871620,173.214882,0.335101,0.470983,172.197645
37.0955,long_2_forward,0.389136,0.872083,173.230987,0.331214,0.471515,172.213751
37.1423,long_2_forward,0.383381,0.872766,173.244074,0.325471,0.472300,172.226837
37.1934,long_2_forward,0.379434,0.873232,173.288621,0.321533,0.472836,172.271384
37.2467,long_2_forward,0.373527,0.873926,173.295929,0.315639,0.473636,172.278692
37.2953,long_2_forward,0.369681,0.874376,173.383041,0.311802,0.474153,172.365804
37.3457,long_2_forward,0.363823,0.875064,173.214663,0.305958,0.474945,172.197427
37.3945,long_2_forward,0.359902,0.875526,173.331938,0.302045,0.475477,172.314701
37.4447,long_2_forward,0.353945,0.876228,173.234157,0.296101,0.476284,172.216920
37.4952,long_2_forward,0.350074,0.876685,173.291066,0.292239,0.476810,172.273829
37.5432,long_2_forward,0.344141,0.877382,173.314507,0.286320,0.477612,172.297270
37.5953,long_2_forward,0.340195,0.877848,173.198817,0.282382,0.478149,172.181581
37.6424,long_2_forward,0.334415,0.878541,173.138056,0.276615,0.478944,172.120819
37.6946,long_2_forward,0.330293,0.879032,173.265644,0.272503,0.479508,172.248407
37.7458,long_2_forward,0.324388,0.879750,172.864452,0.266612,0.480331,171.847215
37.7953,long_2_forward,0.320596,0.880225,172.860614,0.262829,0.480873,171.843377
37.8459,long_2_forward,0.314268,0.881021,172.808595,0.256516,0.481781,171.791358
37.8986,long_2_forward,0.310476,0.881499,172.808636,0.252733,0.482327,171.791399
37.9516,long_2_forward,0.304424,0.882262,172.816286,0.246695,0.483197,171.799049
37.9979,long_2_forward,0.300356,0.882775,172.835465,0.242637,0.483781,171.818228
38.0419,long_2_forward,0.294680,0.883484,172.910460,0.236974,0.484592,171.893224
38.0977,long_2_forward,0.290485,0.884007,172.886541,0.232790,0.485189,171.869304
38.1464,long_2_forward,0.284583,0.884742,172.919408,0.226901,0.486028,171.902171
38.1908,long_2_forward,0.280538,0.885238,173.092553,0.222866,0.486596,172.075316
38.2425,long_2_forward,0.274408,0.885987,172.971331,0.216750,0.487454,171.954094
38.2946,long_2_forward,0.270715,0.886440,173.034442,0.213066,0.487973,172.017205
38.3485,long_2_forward,0.264559,0.887187,173.136676,0.206924,0.488828,172.119439
38.3951,long_2_forward,0.260538,0.887671,173.139067,0.202913,0.489384,172.121830
38.5160,long_2_forward,0.254833,0.888353,173.216576,0.197221,0.490167,172.199339
38.5297,long_2_forward,0.250611,0.888856,173.213420,0.193008,0.490745,172.196183
38.5485,long_2_forward,0.244855,0.889533,173.368247,0.187264,0.491524,172.351010
38.9011,long_2_forward,0.240756,0.890010,173.359668,0.183176,0.492073,172.342431
38.9167,long_2_forward,0.234722,0.890708,173.429828,0.177155,0.492879,172.412591
38.9198,long_2_forward,0.230749,0.891165,173.457231,0.173190,0.493406,172.439994
38.9223,long_2_forward,0.224790,0.891849,173.440141,0.167244,0.494196,172.422905
38.9249,long_2_forward,0.220716,0.892318,173.438666,0.163180,0.494737,172.421429
38.9272,long_2_forward,0.214707,0.893010,173.419829,0.157183,0.495536,172.402592
38.9296,long_2_forward,0.210784,0.893462,173.421509,0.153269,0.496058,172.404272
38.9547,long_2_forward,0.204850,0.894147,173.424842,0.147348,0.496847,172.407605
38.9957,long_2_forward,0.200878,0.894605,173.406578,0.143385,0.497376,172.389341
39.0458,long_2_forward,0.195069,0.895274,173.446029,0.137589,0.498148,172.428792
39.0977,long_2_forward,0.191147,0.895725,173.444021,0.133675,0.498669,172.426784
39.1429,long_2_forward,0.185212,0.896406,173.458296,0.127754,0.499455,172.441059
39.1939,long_2_forward,0.181415,0.896841,173.488813,0.123965,0.499957,172.471577
39.2430,long_2_forward,0.175656,0.897495,173.553345,0.118218,0.500713,172.536108
39.2935,long_2_forward,0.171657,0.897950,173.471000,0.114228,0.501239,172.453764
39.3457,long_2_forward,0.165672,0.898631,173.546105,0.108256,0.502026,172.528868
39.3905,long_2_forward,0.161875,0.899062,173.495370,0.104467,0.502525,172.478134
39.4453,long_2_forward,0.156116,0.899719,173.491791,0.098721,0.503284,172.474555
39.4936,long_2_forward,0.152193,0.900165,173.539193,0.094806,0.503799,172.521956
39.5448,long_2_forward,0.146308,0.900831,173.540026,0.088934,0.504570,172.522789
39.5962,long_2_forward,0.142384,0.901277,173.488212,0.085019,0.505085,172.470976
39.6490,long_2_forward,0.136424,0.901952,173.599872,0.079071,0.505866,172.582636
39.6924,long_2_forward,0.132350,0.902414,173.455168,0.075006,0.506400,172.437931
39.7448,long_2_forward,0.126792,0.903052,173.444417,0.069461,0.507137,172.427180
39.7987,long_2_forward,0.122543,0.903542,173.387180,0.065221,0.507703,172.369943
39.8434,long_2_forward,0.116786,0.904216,173.256928,0.059477,0.508479,172.239692
39.8939,long_2_forward,0.112789,0.904687,173.306857,0.055489,0.509020,172.289620
39.9447,long_2_stop,0.106606,0.905421,173.152509,0.049320,0.509864,172.135272
39.9910,long_2_stop,0.102812,0.905875,173.198804,0.045534,0.510385,172.181567
40.0470,long_2_stop,0.096931,0.906579,173.151033,0.039667,0.511194,172.133797
40.0934,long_2_stop,0.094569,0.906864,173.118685,0.037310,0.511520,172.101449
40.1427,long_2_stop,0.093413,0.907002,173.253609,0.036157,0.511679,172.236372
40.1944,long_2_stop,0.092684,0.907088,173.242326,0.035429,0.511778,172.225089
40.2475,long_2_stop,0.092583,0.907100,173.286913,0.035329,0.511791,172.269676
40.2939,long_2_stop,0.092483,0.907112,173.295833,0.035229,0.511805,172.278597
40.3471,long_2_stop,0.092382,0.907123,173.325763,0.035128,0.511819,172.308526
40.3917,long_2_stop,0.092357,0.907126,173.323427,0.035103,0.511822,172.306190
40.4454,long_2_stop,0.092282,0.907135,173.371539,0.035028,0.511832,172.354302
40.4949,long_2_stop,0.092282,0.907135,173.367318,0.035028,0.511832,172.350081
40.5469,long_2_stop,0.092231,0.907141,173.401155,0.034978,0.511839,172.383918
40.5947,long_2_stop,0.092231,0.907141,173.388778,0.034978,0.511839,172.371542
40.6476,long_2_stop,0.092206,0.907144,173.408053,0.034953,0.511842,172.390817
40.6967,long_2_stop,0.092231,0.907141,173.398723,0.034978,0.511839,172.381487
40.7449,long_2_stop,0.092206,0.907144,173.421236,0.034953,0.511842,172.403999
40.7969,long_2_stop,0.092231,0.907141,173.408408,0.034978,0.511839,172.391172
40.8416,long_2_stop,0.092206,0.907144,173.430019,0.034953,0.511842,172.412782
40.9054,long_2_stop,0.092231,0.907141,173.417561,0.034978,0.511839,172.400324
40.9415,long_2_stop,0.092206,0.907144,173.433489,0.034953,0.511842,172.416252
41.0013,long_2_turn_90,0.092231,0.907141,173.431672,0.034978,0.511839,172.414435
41.0440,long_2_turn_90,0.092206,0.907144,173.464676,0.034953,0.511842,172.447439
41.0939,long_2_turn_90,0.092231,0.907141,173.529890,0.034978,0.511839,172.512653
41.1446,long_2_turn_90,0.092231,0.907141,173.748620,0.034978,0.511839,172.731383
41.1908,long_2_turn_90,0.092181,0.907146,173.999998,0.034928,0.511845,172.982762
41.2474,long_2_turn_90,0.091979,0.907167,174.538327,0.034727,0.511869,173.521090
41.2905,long_2_turn_90,0.091979,0.907167,174.963123,0.034727,0.511869,173.945887
41.3449,long_2_turn_90,0.091828,0.907179,175.581450,0.034575,0.511884,174.564214
41.3949,long_2_turn_90,0.091853,0.907177,176.017872,0.034601,0.511882,175.000635
41.4448,long_2_turn_90,0.091727,0.907185,176.661317,0.034475,0.511892,175.644080
41.4938,long_2_turn_90,0.091727,0.907185,177.109282,0.034475,0.511892,176.092045
41.5417,long_2_turn_90,0.091601,0.907191,177.739777,0.034348,0.511900,176.722540
41.5942,long_2_turn_90,0.091651,0.907189,178.167633,0.034399,0.511897,177.150397
41.6427,long_2_turn_90,0.091626,0.907190,178.745959,0.034373,0.511899,177.728722
41.6942,long_2_turn_90,0.091702,0.907189,179.187312,0.034449,0.511896,178.170075
41.7431,long_2_turn_90,0.091651,0.907189,179.786866,0.034399,0.511897,178.769629
41.7947,long_2_turn_90,0.091677,0.907189,-179.734857,0.034424,0.511897,179.247907
41.8434,long_2_turn_90,0.091601,0.907188,-179.109266,0.034348,0.511897,179.873497
41.9023,long_2_turn_90,0.091651,0.907189,-178.603873,0.034399,0.511897,-179.621110
41.9475,long_2_turn_90,0.091575,0.907187,-177.975782,0.034323,0.511897,-178.993019
41.9924,long_2_turn_90,0.091626,0.907189,-177.454202,0.034373,0.511898,-178.471439
42.0449,long_2_turn_90,0.091626,0.907189,-176.807096,0.034373,0.511898,-177.824333
42.0945,long_2_turn_90,0.091702,0.907194,-176.304421,0.034449,0.511901,-177.321658
42.1438,long_2_turn_90,0.091601,0.907187,-175.680156,0.034348,0.511896,-176.697393
42.1942,long_2_turn_90,0.091575,0.907185,-175.161758,0.034323,0.511894,-176.178995
42.2470,long_2_turn_90,0.091449,0.907173,-174.544787,0.034197,0.511885,-175.562024
42.2942,long_2_turn_90,0.091500,0.907178,-174.064502,0.034247,0.511889,-175.081739
42.3460,long_2_turn_90,0.091424,0.907170,-173.457967,0.034172,0.511882,-174.475204
42.3968,long_2_turn_90,0.091449,0.907173,-172.998132,0.034197,0.511885,-174.015368
42.4447,long_2_turn_90,0.091449,0.907173,-172.455460,0.034197,0.511885,-173.472696
42.4951,long_2_turn_90,0.091500,0.907180,-172.004681,0.034247,0.511891,-173.021917
42.5459,long_2_turn_90,0.091525,0.907183,-171.432912,0.034272,0.511894,-172.450149
42.5939,long_2_turn_90,0.091525,0.907183,-170.950591,0.034272,0.511894,-171.967828
42.6450,long_2_turn_90,0.091525,0.907183,-170.319618,0.034272,0.511894,-171.336855
42.6939,long_2_turn_90,0.091525,0.907183,-169.793694,0.034272,0.511894,-170.810931
42.7448,long_2_turn_90,0.091475,0.907174,-169.141124,0.034222,0.511885,-170.158361
42.7950,long_2_turn_90,0.091500,0.907179,-168.651645,0.034247,0.511890,-169.668882
42.8468,long_2_turn_90,0.091475,0.907174,-167.986863,0.034222,0.511885,-169.004100
42.9005,long_2_turn_90,0.091500,0.907179,-167.486634,0.034247,0.511890,-168.503870
42.9471,long_2_turn_90,0.091500,0.907179,-166.823627,0.034247,0.511890,-167.840864
42.9910,long_2_turn_90,0.091500,0.907179,-166.355295,0.034247,0.511890,-167.372531
43.0479,long_2_turn_90,0.091475,0.907173,-165.690868,0.034222,0.511884,-166.708104
43.0909,long_2_turn_90,0.091475,0.907173,-165.239173,0.034222,0.511884,-166.256410
43.1506,long_2_turn_90,0.091426,0.907160,-164.602217,0.034173,0.511872,-165.619454
43.1928,long_2_turn_90,0.091402,0.907153,-164.165509,0.034149,0.511866,-165.182745
43.2429,long_2_turn_90,0.091378,0.907146,-163.558496,0.034124,0.511859,-164.575733
43.2948,long_2_turn_90,0.091353,0.907139,-163.136063,0.034100,0.511852,-164.153299
43.3440,long_2_turn_90,0.091377,0.907146,-162.485692,0.034124,0.511859,-163.502929
43.3975,long_2_turn_90,0.091377,0.907146,-162.041115,0.034124,0.511859,-163.058352
43.4421,long_2_turn_90,0.091426,0.907162,-161.389023,0.034173,0.511874,-162.406260
43.4942,long_2_turn_90,0.091426,0.907162,-160.929078,0.034173,0.511874,-161.946315
43.5450,long_2_turn_90,0.091473,0.907179,-160.231675,0.034221,0.511890,-161.248912
43.5932,long_2_turn_90,0.091473,0.907179,-159.770050,0.034221,0.511890,-160.787286
43.6419,long_2_turn_90,0.091497,0.907188,-159.066773,0.034244,0.511899,-160.084009
43.6940,long_2_turn_90,0.091521,0.907197,-158.618125,0.034268,0.511908,-159.635361
43.7451,long_2_turn_90,0.091544,0.907207,-157.906487,0.034292,0.511917,-158.923724
43.7940,long_2_turn_90,0.091497,0.907187,-157.456187,0.034245,0.511898,-158.473423
43.8537,long_2_turn_90,0.091544,0.907207,-156.784847,0.034292,0.511917,-157.802084
43.8944,long_2_turn_90,0.091544,0.907207,-156.353712,0.034292,0.511917,-157.370949
43.9429,long_2_turn_90,0.091498,0.907186,-155.721182,0.034245,0.511897,-156.738419
43.9912,long_2_turn_90,0.091452,0.907165,-155.310892,0.034199,0.511877,-156.328129
44.0428,long_2_turn_90,0.091429,0.907155,-154.667489,0.034176,0.511867,-155.684725
44.0950,long_2_turn_90,0.091429,0.907155,-154.285039,0.034176,0.511867,-155.302276
44.1448,long_2_turn_90,0.091451,0.907166,-153.640597,0.034199,0.511878,-154.657834
44.1943,long_2_turn_90,0.091429,0.907155,-153.213533,0.034176,0.511867,-154.230769
44.2420,long_2_turn_90,0.091451,0.907166,-152.527659,0.034198,0.511878,-153.544895
44.2942,long_2_turn_90,0.091474,0.907178,-152.114009,0.034221,0.511889,-153.131245
44.3451,long_2_turn_90,0.091496,0.907190,-151.426523,0.034244,0.511901,-152.443760
44.3940,long_2_turn_90,0.091496,0.907190,-150.971031,0.034244,0.511901,-151.988268
44.4469,long_2_turn_90,0.091518,0.907202,-150.278423,0.034266,0.511913,-151.295659
44.4939,long_2_turn_90,0.091518,0.907202,-149.836865,0.034266,0.511913,-150.854101
44.5434,long_2_turn_90,0.091583,0.907241,-149.121047,0.034332,0.511950,-150.138284
44.6007,long_2_turn_90,0.091540,0.907215,-148.713353,0.034288,0.511925,-149.730590
44.6424,long_2_turn_90,0.091540,0.907215,-148.006743,0.034288,0.511925,-149.023980
44.6911,long_2_turn_90,0.091540,0.907215,-147.612928,0.034288,0.511925,-148.630164
44.7454,long_2_turn_90,0.091540,0.907215,-146.948992,0.034288,0.511925,-147.966229
44.7945,long_2_turn_90,0.091498,0.907187,-146.583495,0.034245,0.511898,-147.600732
44.8452,long_2_turn_90,0.091519,0.907201,-145.937182,0.034267,0.511911,-146.954419
44.8933,long_2_turn_90,0.091477,0.907172,-145.544391,0.034224,0.511884,-146.561628
44.9449,long_2_turn_90,0.091498,0.907187,-144.891862,0.034245,0.511898,-145.909099
44.9941,long_2_turn_90,0.091498,0.907187,-144.498430,0.034245,0.511898,-145.515667
45.0450,long_2_turn_90,0.091498,0.907187,-143.807283,0.034245,0.511898,-144.824520
45.0958,long_2_turn_90,0.091518,0.907202,-143.394002,0.034266,0.511912,-144.411239
45.1429,long_2_turn_90,0.091538,0.907217,-142.676354,0.034286,0.511927,-143.693591
45.1898,long_2_turn_90,0.091518,0.907202,-142.247268,0.034266,0.511912,-143.264504
45.2487,long_2_turn_90,0.091538,0.907217,-141.547337,0.034286,0.511927,-142.564574
45.2935,long_2_turn_90,0.091538,0.907217,-141.130149,0.034286,0.511927,-142.147386
45.3429,long_2_turn_90,0.091538,0.907217,-140.436147,0.034286,0.511927,-141.453384
45.3906,long_2_turn_90,0.091538,0.907217,-140.002758,0.034286,0.511927,-141.019995
45.4458,long_2_turn_90,0.091500,0.907185,-139.298047,0.034247,0.511895,-140.315283
45.4938,long_2_turn_90,0.091519,0.907201,-138.865709,0.034266,0.511912,-139.882946
45.5422,long_2_turn_90,0.091519,0.907201,-138.176721,0.034266,0.511912,-139.193958
45.5932,long_2_turn_90,0.091519,0.907201,-137.766910,0.034266,0.511912,-138.784146
45.6451,long_2_turn_90,0.091500,0.907184,-137.123355,0.034248,0.511895,-138.140592
45.6903,long_2_turn_90,0.091500,0.907184,-136.752203,0.034248,0.511895,-137.769440
45.7454,long_2_turn_90,0.091500,0.907184,-136.110616,0.034248,0.511895,-137.127853
45.7935,long_2_turn_90,0.091500,0.907184,-135.728986,0.034248,0.511895,-136.746223
45.8458,long_2_turn_90,0.091518,0.907202,-135.062100,0.034266,0.511912,-136.079337
45.8964,long_2_turn_90,0.091518,0.907202,-134.633984,0.034266,0.511912,-135.651220
45.9460,long_2_turn_90,0.091536,0.907220,-133.948998,0.034284,0.511930,-134.966234
46.0322,long_2_turn_90,0.091536,0.907220,-133.502891,0.034284,0.511930,-134.520127
46.0478,long_2_turn_90,0.091536,0.907220,-132.771733,0.034284,0.511930,-133.788969
46.0963,long_2_turn_90,0.091519,0.907201,-132.319943,0.034266,0.511912,-133.337180
46.1456,long_2_turn_90,0.091536,0.907220,-131.656868,0.034284,0.511930,-132.674105
46.1900,long_2_turn_90,0.091552,0.907239,-131.222714,0.034301,0.511949,-132.239951
46.2460,long_2_turn_90,0.091536,0.907220,-130.538165,0.034284,0.511930,-131.555402
46.2918,long_2_turn_90,0.091503,0.907181,-130.105159,0.034250,0.511892,-131.122395
46.3422,long_2_turn_90,0.091503,0.907181,-129.461741,0.034250,0.511892,-130.478978
46.3961,long_2_turn_90,0.091503,0.907181,-129.042244,0.034250,0.511892,-130.059481
46.4453,long_2_turn_90,0.091471,0.907142,-128.405971,0.034218,0.511853,-129.423208
46.4980,long_2_turn_90,0.091456,0.907122,-128.011747,0.034202,0.511834,-129.028983
46.5413,long_2_turn_90,0.091440,0.907102,-127.390295,0.034186,0.511814,-128.407532
46.5939,long_2_turn_90,0.091440,0.907102,-126.979555,0.034186,0.511814,-127.996791
46.6423,long_2_turn_90,0.091486,0.907163,-126.352926,0.034233,0.511874,-127.370163
46.6933,long_2_turn_90,0.091486,0.907163,-125.906846,0.034233,0.511874,-126.924083
46.7442,long_2_turn_90,0.091471,0.907142,-125.245124,0.034218,0.511854,-126.262360
46.7951,long_2_turn_90,0.091485,0.907163,-124.775726,0.034232,0.511874,-125.792963
46.8443,long_2_turn_90,0.091471,0.907142,-124.116421,0.034218,0.511853,-125.133658
46.8940,long_2_turn_90,0.091471,0.907142,-123.632612,0.034218,0.511853,-124.649848
46.9452,long_2_turn_90,0.091457,0.907121,-122.984276,0.034203,0.511833,-124.001513
46.9960,long_2_turn_90,0.091457,0.907121,-122.510261,0.034203,0.511833,-123.527498
47.0433,long_2_turn_90,0.091471,0.907142,-121.853839,0.034217,0.511854,-122.871076
47.1049,long_2_turn_90,0.091471,0.907142,-121.375726,0.034217,0.511854,-122.392963
47.1457,long_2_turn_90,0.091445,0.907099,-120.717897,0.034190,0.511811,-121.735133
47.1955,long_2_turn_90,0.091445,0.907099,-120.266872,0.034190,0.511811,-121.284109
47.2473,long_2_turn_90,0.091432,0.907077,-119.641281,0.034177,0.511789,-120.658518
47.2965,long_2_turn_90,0.091432,0.907077,-119.205105,0.034177,0.511789,-120.222342
47.3482,long_2_turn_90,0.091420,0.907055,-118.638022,0.034165,0.511767,-119.655259
47.3954,long_2_turn_90,0.091420,0.907055,-118.203424,0.034165,0.511767,-119.220661
47.4515,long_2_turn_90,0.091443,0.907100,-117.597716,0.034189,0.511811,-118.614953
47.4953,long_2_turn_90,0.091443,0.907100,-117.140715,0.034189,0.511811,-118.157952
47.5428,long_2_turn_90,0.091466,0.907145,-116.517221,0.034213,0.511856,-117.534458
47.6017,long_2_turn_90,0.091477,0.907168,-116.041526,0.034225,0.511879,-117.058763
47.6443,long_2_turn_90,0.091455,0.907122,-115.375869,0.034202,0.511834,-116.393106
47.6926,long_2_turn_90,0.091466,0.907145,-114.908268,0.034213,0.511856,-115.925504
47.7458,long_2_turn_90,0.091466,0.907145,-114.228363,0.034213,0.511856,-115.245600
47.8011,long_2_turn_90,0.091456,0.907122,-113.756944,0.034202,0.511833,-114.774180
47.8444,long_2_turn_90,0.091466,0.907145,-113.097605,0.034213,0.511856,-114.114842
47.8955,long_2_turn_90,0.091456,0.907122,-112.641922,0.034202,0.511833,-113.659159
47.9413,long_2_turn_90,0.091456,0.907122,-112.003033,0.034202,0.511833,-113.020270
47.9990,long_2_turn_90,0.091447,0.907098,-111.554344,0.034193,0.511810,-112.571581
48.0454,long_2_turn_90,0.091428,0.907051,-110.956539,0.034173,0.511763,-111.973775
48.0989,long_2_turn_90,0.091428,0.907051,-110.505077,0.034173,0.511763,-111.522314
48.1453,long_2_turn_90,0.091411,0.907003,-109.920570,0.034155,0.511716,-110.937807
48.1927,long_2_turn_90,0.091411,0.907003,-109.493396,0.034155,0.511716,-110.510633
48.2466,long_2_turn_90,0.091403,0.906980,-108.870210,0.034146,0.511692,-109.887446
48.2929,long_2_turn_90,0.091411,0.907003,-108.423324,0.034155,0.511716,-109.440561
48.3414,long_2_turn_90,0.091403,0.906979,-107.763473,0.034147,0.511692,-108.780710
48.4077,long_2_turn_90,0.091403,0.906979,-107.301527,0.034147,0.511692,-108.318764
48.4452,long_2_turn_90,0.091418,0.907028,-106.618891,0.034162,0.511740,-107.636127
48.4967,long_2_turn_90,0.091425,0.907052,-106.149124,0.034170,0.511764,-107.166360
48.5418,long_2_turn_90,0.091432,0.907076,-105.457793,0.034177,0.511789,-106.475029
48.5961,long_2_turn_90,0.091445,0.907125,-104.982008,0.034191,0.511837,-105.999245
48.6460,long_2_turn_90,0.091445,0.907125,-104.279298,0.034191,0.511837,-105.296535
48.6935,long_2_turn_90,0.091451,0.907150,-103.804764,0.034198,0.511862,-104.822001
48.7488,long_2_turn_90,0.091445,0.907125,-103.117114,0.034192,0.511837,-104.134351
48.8176,long_2_turn_90,0.091440,0.907101,-102.658289,0.034185,0.511812,-103.675526
48.8460,long_2_turn_90,0.091445,0.907125,-101.983999,0.034191,0.511837,-103.001236
48.8973,long_2_turn_stop,0.091450,0.907150,-101.541369,0.034197,0.511862,-102.558606
48.9475,long_2_turn_stop,0.091450,0.907150,-100.985760,0.034197,0.511862,-102.002997
48.9927,long_2_turn_stop,0.091445,0.907125,-100.764011,0.034192,0.511837,-101.781248
49.0416,long_2_turn_stop,0.091445,0.907125,-100.622886,0.034192,0.511837,-101.640123
49.0967,long_2_turn_stop,0.091445,0.907125,-100.573415,0.034192,0.511837,-101.590652
49.1432,long_2_turn_stop,0.091450,0.907150,-100.531443,0.034197,0.511862,-101.548680
49.1925,long_2_turn_stop,0.091450,0.907150,-100.519955,0.034197,0.511862,-101.537192
49.2546,long_2_turn_stop,0.091450,0.907150,-100.515447,0.034197,0.511862,-101.532684
49.2993,long_2_turn_stop,0.091450,0.907150,-100.514716,0.034197,0.511862,-101.531953
49.3415,long_2_turn_stop,0.091450,0.907150,-100.513890,0.034197,0.511862,-101.531127
49.3967,long_2_turn_stop,0.091450,0.907150,-100.513951,0.034197,0.511862,-101.531188
49.4415,long_2_turn_stop,0.091450,0.907150,-100.512565,0.034197,0.511862,-101.529802
49.5010,long_2_turn_stop,0.091450,0.907150,-100.512578,0.034197,0.511862,-101.529815
49.5450,long_2_turn_stop,0.091450,0.907150,-100.513091,0.034197,0.511862,-101.530327
49.6012,long_2_turn_stop,0.091450,0.907150,-100.512811,0.034197,0.511862,-101.530047
49.6591,long_2_turn_stop,0.091450,0.907150,-100.510809,0.034197,0.511862,-101.528046
49.6956,long_2_turn_stop,0.091450,0.907150,-100.505557,0.034197,0.511862,-101.522794
49.7471,long_2_turn_stop,0.091450,0.907150,-100.505441,0.034197,0.511862,-101.522678
49.7968,long_2_turn_stop,0.091450,0.907150,-100.505707,0.034197,0.511862,-101.522944
49.8428,long_2_turn_stop,0.091450,0.907150,-100.502695,0.034197,0.511862,-101.519932
49.8978,short_2_forward,0.091450,0.907150,-100.503610,0.034197,0.511862,-101.520847
49.9457,short_2_forward,0.091450,0.907150,-100.372915,0.034197,0.511862,-101.390151
50.0013,short_2_forward,0.091355,0.906627,-100.174061,0.034093,0.511341,-101.191297
50.0489,short_2_forward,0.090869,0.903886,-99.941295,0.033558,0.508608,-100.958531
50.0940,short_2_forward,0.090390,0.901143,-99.860050,0.033031,0.505874,-100.877286
50.1449,short_2_forward,0.089532,0.896180,-99.757706,0.032085,0.500927,-100.774943
50.1970,short_2_forward,0.088902,0.892513,-99.732974,0.031390,0.497272,-100.750211
50.2493,short_2_forward,0.087926,0.886800,-99.664938,0.030312,0.491577,-100.682175
50.2989,short_2_forward,0.087261,0.882908,-99.731574,0.029578,0.487697,-100.748810
50.3417,short_2_forward,0.086276,0.877170,-99.740986,0.028492,0.481978,-100.758222
50.3968,short_2_forward,0.085614,0.873303,-99.693543,0.027761,0.478124,-100.710780
50.4430,short_2_forward,0.084608,0.867415,-99.693666,0.026651,0.472254,-100.710903
50.4968,short_2_forward,0.083935,0.863473,-99.692232,0.025908,0.468325,-100.709468
50.5478,short_2_forward,0.082931,0.857585,-99.655465,0.024799,0.462455,-100.672702
50.5967,short_2_forward,0.082238,0.853518,-99.679391,0.024034,0.458401,-100.696628
50.6432,short_2_forward,0.081265,0.847778,-99.578325,0.022959,0.452680,-100.595561
50.6998,short_2_forward,0.080546,0.843510,-99.543450,0.022164,0.448425,-100.560686
50.7515,short_2_forward,0.079564,0.837669,-99.532371,0.021080,0.442603,-100.549608
50.7960,short_2_forward,0.078867,0.833526,-99.577935,0.020309,0.438473,-100.595172
50.8454,short_2_forward,0.077884,0.827685,-99.523635,0.019222,0.432650,-100.540872
50.8934,short_2_forward,0.077214,0.823692,-99.525261,0.018482,0.428669,-100.542498
50.9461,short_2_forward,0.076214,0.817751,-99.578844,0.017377,0.422747,-100.596081
50.9988,short_2_forward,0.075545,0.813783,-99.564009,0.016637,0.418791,-100.581245
51.0416,short_2_forward,0.074557,0.807917,-99.555041,0.015545,0.412945,-100.572277
51.0996,short_2_forward,0.073841,0.803675,-99.622516,0.014753,0.408715,-100.639753
51.1463,short_2_forward,0.072872,0.797960,-99.623957,0.013683,0.403019,-100.641194
51.1952,short_2_forward,0.072164,0.793793,-99.652166,0.012902,0.398865,-100.669403
51.2479,short_2_forward,0.071185,0.788029,-99.632625,0.011820,0.393119,-100.649861
51.2935,short_2_forward,0.070500,0.784012,-99.720461,0.011064,0.389115,-100.737698
51.3465,short_2_forward,0.069498,0.778149,-99.673100,0.009958,0.383270,-100.690337
51.4103,short_2_forward,0.068829,0.774206,-99.595277,0.009219,0.379340,-100.612514
51.4454,short_2_forward,0.067826,0.768292,-99.646866,0.008112,0.373445,-100.664102
51.4971,short_2_forward,0.067144,0.764274,-99.624620,0.007358,0.369440,-100.641856
51.5454,short_2_forward,0.066157,0.758434,-99.556325,0.006268,0.363618,-100.573561
51.5966,short_2_forward,0.065496,0.754516,-99.594150,0.005538,0.359712,-100.611387
51.6487,short_2_forward,0.064502,0.748600,-99.488132,0.004438,0.353815,-100.505369
51.6929,short_2_forward,0.063838,0.744631,-99.520589,0.003703,0.349858,-100.537826
51.7446,short_2_forward,0.062848,0.738715,-99.477422,0.002609,0.343961,-100.494659
51.7982,short_2_forward,0.062183,0.734745,-99.535445,0.001874,0.340004,-100.552681
51.8419,short_2_forward,0.061195,0.728880,-99.592409,0.000781,0.334157,-100.609645
51.8969,short_2_forward,0.060525,0.724912,-99.572908,0.000041,0.330201,-100.590145
51.9451,short_2_forward,0.059529,0.719022,-99.622769,-0.001059,0.324330,-100.640005
51.9931,short_2_forward,0.058848,0.715030,-99.745091,-0.001811,0.320351,-100.762327
52.0451,short_2_forward,0.057855,0.709242,-99.712121,-0.002906,0.314582,-100.729358
52.0966,short_2_forward,0.057201,0.705426,-99.744005,-0.003628,0.310777,-100.761241
52.1441,short_2_forward,0.056197,0.699589,-99.771571,-0.004735,0.304959,-100.788808
52.1946,short_2_forward,0.055526,0.695723,-99.917881,-0.005475,0.301106,-100.935117
52.2444,short_2_forward,0.054515,0.689965,-99.994085,-0.006588,0.295366,-101.011322
52.2966,short_2_forward,0.053843,0.686151,-100.005649,-0.007328,0.291565,-101.022885
52.3419,short_2_forward,0.052834,0.680418,-99.964524,-0.008439,0.285851,-100.981761
52.3961,short_2_forward,0.052155,0.676579,-100.081737,-0.009185,0.282025,-101.098974
52.4450,short_2_forward,0.051128,0.670798,-100.075569,-0.010315,0.276262,-101.092806
52.4930,short_2_forward,0.050445,0.666960,-100.110444,-0.011066,0.272438,-101.127681
52.5451,short_2_forward,0.049399,0.661053,-99.972454,-0.012217,0.266550,-100.989691
52.5929,short_2_forward,0.048718,0.657190,-100.004556,-0.012966,0.262699,-101.021793
52.6467,short_2_forward,0.047646,0.651108,-99.999399,-0.014146,0.256638,-101.016636
52.6940,short_2_forward,0.046970,0.647269,-99.963069,-0.014890,0.252811,-100.980306
52.7452,short_2_forward,0.045937,0.641360,-99.862331,-0.016027,0.246921,-100.879568
52.7945,short_2_forward,0.045207,0.637171,-99.919773,-0.016832,0.242746,-100.937009
52.8419,short_2_forward,0.044196,0.631361,-99.814116,-0.017946,0.236955,-100.831353
52.8957,short_2_forward,0.043482,0.627246,-99.868287,-0.018732,0.232853,-100.885523
52.9447,short_2_forward,0.042455,0.621336,-99.858567,-0.019865,0.226962,-100.875804
52.9930,short_2_forward,0.041781,0.617471,-99.910832,-0.020607,0.223110,-100.928069
53.0448,short_2_forward,0.040716,0.611362,-99.870343,-0.021780,0.217021,-100.887579
53.0933,short_2_forward,0.040065,0.607622,-99.883935,-0.022498,0.213293,-100.901171
53.1453,short_2_forward,0.039000,0.601539,-99.984318,-0.023671,0.207230,-101.001555
53.1972,short_2_forward,0.038294,0.597525,-99.959927,-0.024448,0.203229,-100.977164
53.2610,short_2_forward,0.037269,0.591666,-99.884556,-0.025576,0.197389,-100.901793
53.3029,short_2_forward,0.036558,0.587602,-99.964681,-0.026360,0.193339,-100.981918
53.3419,short_2_forward,0.035531,0.581743,-99.919780,-0.027490,0.187499,-100.937016
53.3966,short_2_forward,0.034842,0.577804,-99.925387,-0.028249,0.183573,-100.942624
53.4452,short_2_forward,0.033813,0.571920,-99.909609,-0.029382,0.177708,-100.926846
53.4967,short_2_forward,0.033127,0.568006,-99.961491,-0.030137,0.173806,-100.978728
53.5640,short_2_forward,0.032071,0.561998,-99.994857,-0.031301,0.167819,-101.012094
53.5982,short_2_forward,0.031395,0.558159,-99.956423,-0.032044,0.163992,-100.973660
53.6469,short_2_forward,0.030352,0.552226,-99.991059,-0.033193,0.158079,-101.008296
53.6968,short_2_forward,0.029655,0.548263,-99.944273,-0.033959,0.154128,-100.961509
53.7449,short_2_forward,0.028611,0.542304,-99.932859,-0.035109,0.148189,-100.950096
53.7994,short_2_forward,0.027933,0.538440,-99.971703,-0.035856,0.144338,-100.988939
53.8426,short_2_forward,0.026875,0.532407,-99.918236,-0.037020,0.138324,-100.935473
53.8947,short_2_stop,0.026187,0.528468,-99.899453,-0.037778,0.134398,-100.916690
53.9472,short_2_stop,0.025162,0.522609,-99.957270,-0.038908,0.128558,-100.974507
53.9937,short_2_stop,0.024578,0.519268,-99.869393,-0.039551,0.125228,-100.886630
54.0468,short_2_stop,0.024052,0.516251,-99.908564,-0.040130,0.122220,-100.925801
54.0994,short_2_stop,0.023908,0.515428,-99.909486,-0.040289,0.121400,-100.926723
54.1449,short_2_stop,0.023804,0.514829,-99.903503,-0.040404,0.120804,-100.920740
54.1972,short_2_stop,0.023782,0.514705,-99.875376,-0.040428,0.120680,-100.892613
54.2420,short_2_stop,0.023769,0.514630,-99.857126,-0.040442,0.120605,-100.874363
54.2987,short_2_stop,0.023765,0.514605,-99.826418,-0.040447,0.120580,-100.843654
54.3422,short_2_stop,0.023756,0.514555,-99.805312,-0.040456,0.120531,-100.822549
54.3974,short_2_stop,0.023752,0.514530,-99.771728,-0.040461,0.120506,-100.788965
54.4460,short_2_stop,0.023743,0.514480,-99.756367,-0.040471,0.120456,-100.773604
54.4965,short_2_stop,0.023743,0.514480,-99.735890,-0.040471,0.120456,-100.753127
54.5422,short_2_stop,0.023739,0.514455,-99.735228,-0.040475,0.120431,-100.752465
54.5956,short_2_stop,0.023739,0.514455,-99.724197,-0.040475,0.120431,-100.741434
54.6420,short_2_stop,0.023739,0.514455,-99.723610,-0.040475,0.120431,-100.740846
54.6969,short_2_stop,0.023739,0.514455,-99.713371,-0.040475,0.120431,-100.730608
54.7433,short_2_stop,0.023739,0.514455,-99.709512,-0.040475,0.120431,-100.726749
54.7970,short_2_stop,0.023739,0.514455,-99.702716,-0.040475,0.120431,-100.719953
54.8426,short_2_stop,0.023739,0.514455,-99.697279,-0.040475,0.120431,-100.714516
54.8948,short_2_turn_90,0.023739,0.514455,-99.686877,-0.040475,0.120431,-100.704114
54.9472,short_2_turn_90,0.023739,0.514455,-99.671850,-0.040475,0.120431,-100.689087
54.9969,short_2_turn_90,0.023735,0.514430,-99.575169,-0.040480,0.120406,-100.592406
55.0425,short_2_turn_90,0.023739,0.514455,-99.379334,-0.040475,0.120431,-100.396571
55.0956,short_2_turn_90,0.023718,0.514330,-99.159040,-0.040498,0.120307,-100.176277
55.1440,short_2_turn_90,0.023703,0.514230,-98.669063,-0.040515,0.120207,-99.686299
55.1950,short_2_turn_90,0.023699,0.514205,-98.279134,-0.040520,0.120182,-99.296371
55.2464,short_2_turn_90,0.023692,0.514155,-97.632841,-0.040527,0.120132,-98.650078
55.2984,short_2_turn_90,0.023692,0.514155,-97.202088,-0.040527,0.120132,-98.219325
55.3426,short_2_turn_90,0.023689,0.514130,-96.552387,-0.040531,0.120107,-97.569624
55.3974,short_2_turn_90,0.023689,0.514130,-96.098869,-0.040531,0.120107,-97.116106
55.4425,short_2_turn_90,0.023697,0.514206,-95.441143,-0.040522,0.120182,-96.458379
55.4951,short_2_turn_90,0.023699,0.514231,-95.017609,-0.040519,0.120207,-96.034846
55.5426,short_2_turn_90,0.023697,0.514206,-94.352253,-0.040522,0.120182,-95.369490
55.6040,short_2_turn_90,0.023697,0.514206,-93.937770,-0.040522,0.120182,-94.955007
55.6456,short_2_turn_90,0.023698,0.514231,-93.242614,-0.040520,0.120207,-94.259851
55.6953,short_2_turn_90,0.023698,0.514231,-92.783823,-0.040520,0.120207,-93.801060
55.7470,short_2_turn_90,0.023698,0.514231,-92.075498,-0.040520,0.120207,-93.092735
55.7957,short_2_turn_90,0.023698,0.514206,-91.663618,-0.040521,0.120182,-92.680854
55.8484,short_2_turn_90,0.023698,0.514231,-90.950129,-0.040520,0.120207,-91.967366
55.8924,short_2_turn_90,0.023699,0.514282,-90.543596,-0.040518,0.120258,-91.560833
55.9573,short_2_turn_90,0.023699,0.514332,-89.857702,-0.040517,0.120309,-90.874939
55.9951,short_2_turn_90,0.023699,0.514383,-89.472937,-0.040517,0.120359,-90.490174
56.0535,short_2_turn_90,0.023699,0.514383,-88.798702,-0.040517,0.120359,-89.815938
56.0963,short_2_turn_90,0.023697,0.514433,-88.409975,-0.040517,0.120410,-89.427212
56.1413,short_2_turn_90,0.023696,0.514484,-87.736833,-0.040518,0.120460,-88.754069
56.1984,short_2_turn_90,0.023695,0.514509,-87.341208,-0.040519,0.120486,-88.358444
56.2447,short_2_turn_90,0.023693,0.514535,-86.640485,-0.040519,0.120511,-87.657721
56.2997,short_2_turn_90,0.023692,0.514560,-86.242203,-0.040521,0.120536,-87.259439
56.3415,short_2_turn_90,0.023695,0.514509,-85.560878,-0.040518,0.120486,-86.578114
56.3954,short_2_turn_90,0.023695,0.514509,-85.177042,-0.040518,0.120486,-86.194278
56.4417,short_2_turn_90,0.023698,0.514484,-84.474434,-0.040516,0.120461,-85.491670
56.4955,short_2_turn_90,0.023700,0.514459,-84.088610,-0.040514,0.120435,-85.105847
56.5416,short_2_turn_90,0.023697,0.514484,-83.367909,-0.040516,0.120461,-84.385146
56.5955,short_2_turn_90,0.023700,0.514459,-82.962223,-0.040514,0.120435,-83.979460
56.6428,short_2_turn_90,0.023697,0.514484,-82.253973,-0.040516,0.120460,-83.271210
56.6931,short_2_turn_90,0.023697,0.514484,-81.851306,-0.040516,0.120460,-82.868543
56.7446,short_2_turn_90,0.023690,0.514534,-81.147790,-0.040523,0.120511,-82.165027
56.7953,short_2_turn_90,0.023682,0.514584,-80.767369,-0.040530,0.120561,-81.784606
56.8412,short_2_turn_90,0.023677,0.514609,-80.103386,-0.040534,0.120586,-81.120623
56.8955,short_2_turn_90,0.023669,0.514659,-79.722630,-0.040542,0.120636,-80.739867
56.9468,short_2_turn_90,0.023659,0.514709,-79.050464,-0.040550,0.120686,-80.067701
56.9927,short_2_turn_90,0.023645,0.514783,-78.673090,-0.040564,0.120760,-79.690326
57.0447,short_2_turn_90,0.023634,0.514833,-78.004079,-0.040573,0.120810,-79.021316
57.0961,short_2_turn_90,0.023634,0.514833,-77.612477,-0.040573,0.120810,-78.629714
57.1415,short_2_turn_90,0.023640,0.514808,-76.954143,-0.040568,0.120785,-77.971379
57.1967,short_2_turn_90,0.023646,0.514783,-76.565867,-0.040562,0.120761,-77.583104
57.2436,short_2_turn_90,0.023658,0.514734,-75.875253,-0.040551,0.120711,-76.892490
57.2979,short_2_turn_90,0.023658,0.514734,-75.458878,-0.040551,0.120711,-76.476114
57.3427,short_2_turn_90,0.023658,0.514734,-74.740417,-0.040551,0.120711,-75.757654
57.3979,short_2_turn_90,0.023658,0.514734,-74.303087,-0.040551,0.120711,-75.320323
57.4415,short_2_turn_90,0.023651,0.514759,-73.573179,-0.040558,0.120736,-74.590415
57.4959,short_2_turn_90,0.023651,0.514759,-73.159631,-0.040558,0.120736,-74.176868
57.5417,short_2_turn_90,0.023651,0.514759,-72.447119,-0.040558,0.120736,-73.464356
57.5934,short_2_turn_90,0.023643,0.514783,-72.044241,-0.040565,0.120760,-73.061477
57.6452,short_2_turn_90,0.023635,0.514807,-71.388030,-0.040573,0.120784,-72.405267
57.6960,short_2_turn_90,0.023635,0.514807,-71.005526,-0.040573,0.120784,-72.022763
57.7447,short_2_turn_90,0.023602,0.514902,-70.371486,-0.040604,0.120880,-71.388723
57.7992,short_2_turn_90,0.023593,0.514926,-69.957502,-0.040613,0.120904,-70.974739
57.8420,short_2_turn_90,0.023575,0.514974,-69.312254,-0.040629,0.120952,-70.329491
57.8979,short_2_turn_90,0.023566,0.514997,-68.883168,-0.040638,0.120976,-69.900404
57.9452,short_2_turn_90,0.023566,0.514997,-68.240843,-0.040638,0.120976,-69.258080
57.9979,short_2_turn_90,0.023557,0.515021,-67.796922,-0.040647,0.120999,-68.814158
58.0421,short_2_turn_90,0.023576,0.514974,-67.155465,-0.040629,0.120952,-68.172701
58.1022,short_2_turn_90,0.023576,0.514974,-66.696100,-0.040629,0.120952,-67.713337
58.1428,short_2_turn_90,0.023597,0.514928,-66.040607,-0.040609,0.120906,-67.057844
58.1926,short_2_turn_90,0.023597,0.514928,-65.585498,-0.040609,0.120906,-66.602734
58.2468,short_2_turn_90,0.023607,0.514905,-64.886838,-0.040599,0.120882,-65.904074
58.2925,short_2_turn_90,0.023618,0.514882,-64.415985,-0.040588,0.120859,-65.433222
58.3479,short_2_turn_90,0.023629,0.514859,-63.750581,-0.040578,0.120836,-64.767818
58.3927,short_2_turn_90,0.023607,0.514904,-63.307582,-0.040600,0.120882,-64.324819
58.4447,short_2_turn_90,0.023618,0.514882,-62.659274,-0.040588,0.120859,-63.676511
58.4956,short_2_turn_90,0.023583,0.514949,-62.225530,-0.040622,0.120927,-63.242766
58.5451,short_2_turn_90,0.023571,0.514971,-61.810165,-0.040634,0.120950,-62.827402
58.6008,short_2_turn_90,0.023535,0.515038,-61.165856,-0.040669,0.121017,-62.183093
58.6484,short_2_turn_90,0.023547,0.515016,-60.757059,-0.040657,0.120995,-61.774296
58.6952,short_2_turn_90,0.023522,0.515060,-60.074587,-0.040681,0.121039,-61.091824
58.7426,short_2_turn_90,0.023535,0.515038,-59.665640,-0.040669,0.121017,-60.682876
58.7958,short_2_turn_90,0.023535,0.515038,-58.988935,-0.040669,0.121017,-60.006172
58.8432,short_2_turn_90,0.023574,0.514973,-58.573369,-0.040631,0.120952,-59.590606
58.8966,short_2_turn_90,0.023561,0.514995,-57.883944,-0.040644,0.120973,-58.901180
58.9450,short_2_turn_90,0.023642,0.514866,-57.453929,-0.040565,0.120844,-58.471165
58.9927,short_2_turn_90,0.023615,0.514909,-56.778481,-0.040591,0.120887,-57.795718
59.0430,short_2_turn_90,0.023671,0.514824,-56.152060,-0.040537,0.120801,-57.169297
59.0958,short_2_turn_90,0.023628,0.514887,-55.653433,-0.040578,0.120865,-56.670670
59.1427,short_2_turn_90,0.023700,0.514783,-55.002526,-0.040508,0.120760,-56.019763
59.1990,short_2_turn_90,0.023641,0.514866,-54.479258,-0.040565,0.120843,-55.496495
59.2416,short_2_turn_90,0.023701,0.514784,-54.068484,-0.040508,0.120760,-55.085721
59.2945,short_2_turn_90,0.023641,0.514865,-53.390509,-0.040566,0.120843,-54.407746
59.4125,short_2_turn_90,0.023671,0.514825,-53.002326,-0.040536,0.120802,-54.019562
59.4310,short_2_turn_90,0.023610,0.514905,-52.354410,-0.040596,0.120883,-53.371647
59.4429,short_2_turn_90,0.023610,0.514905,-51.977896,-0.040596,0.120883,-52.995133
59.5036,short_2_turn_90,0.023547,0.514985,-51.281821,-0.040658,0.120964,-52.299058
59.5448,short_2_turn_90,0.023563,0.514965,-50.889844,-0.040642,0.120944,-51.907080
59.5968,short_2_turn_90,0.023531,0.515004,-50.182513,-0.040674,0.120983,-51.199749
59.6434,short_2_turn_90,0.023645,0.514869,-49.566215,-0.040562,0.120846,-50.583451
59.6936,short_2_turn_90,0.023612,0.514907,-49.052765,-0.040594,0.120885,-50.070002
59.7461,short_2_turn_90,0.023729,0.514774,-48.460257,-0.040480,0.120750,-49.477493
59.7951,short_2_turn_90,0.023695,0.514812,-47.980723,-0.040513,0.120788,-48.997959
59.8492,short_2_turn_90,0.023763,0.514737,-47.310224,-0.040446,0.120712,-48.327460
59.8937,short_2_turn_90,0.023763,0.514737,-46.806238,-0.040446,0.120712,-47.823474
59.9467,short_2_turn_90,0.023798,0.514700,-46.194420,-0.040412,0.120675,-47.211657
59.9956,short_2_turn_90,0.023798,0.514700,-45.633655,-0.040412,0.120675,-46.650891
60.0478,short_2_turn_90,0.023851,0.514646,-45.087397,-0.040360,0.120620,-46.104633
60.0971,short_2_turn_90,0.023797,0.514700,-44.593786,-0.040412,0.120674,-45.611022
60.1551,short_2_turn_90,0.023815,0.514682,-43.998309,-0.040395,0.120656,-45.015546
60.1969,short_2_turn_90,0.023761,0.514734,-43.551625,-0.040448,0.120710,-44.568862
60.2427,short_2_turn_90,0.023798,0.514700,-42.905472,-0.040412,0.120674,-43.922709
60.2968,short_2_turn_90,0.023798,0.514700,-42.478462,-0.040412,0.120674,-43.495699
60.3544,short_2_turn_90,0.023798,0.514700,-41.813461,-0.040412,0.120674,-42.830698
60.3970,short_2_turn_90,0.023816,0.514683,-41.362153,-0.040394,0.120657,-42.379390
60.4432,short_2_turn_90,0.023816,0.514683,-40.725382,-0.040394,0.120657,-41.742618
60.4993,short_2_turn_90,0.023816,0.514683,-40.277212,-0.040394,0.120657,-41.294449
60.5427,short_2_turn_90,0.023875,0.514634,-39.607222,-0.040336,0.120607,-40.624458
60.5961,short_2_turn_90,0.023875,0.514634,-39.179389,-0.040336,0.120607,-40.196625
60.6450,short_2_turn_90,0.023875,0.514634,-38.491889,-0.040336,0.120607,-39.509126
60.6969,short_2_turn_90,0.023914,0.514603,-38.047729,-0.040297,0.120575,-39.064966
60.7463,short_2_turn_90,0.023914,0.514603,-37.354355,-0.040297,0.120575,-38.371592
60.7969,short_2_turn_90,0.023935,0.514588,-36.915673,-0.040277,0.120560,-37.932910
60.8430,short_2_turn_90,0.023935,0.514588,-36.228658,-0.040277,0.120560,-37.245895
60.8946,short_2_turn_90,0.023935,0.514588,-35.814093,-0.040277,0.120560,-36.831330
60.9467,short_2_turn_90,0.023893,0.514617,-35.155625,-0.040318,0.120590,-36.172862
60.9932,short_2_turn_90,0.023893,0.514617,-34.751176,-0.040318,0.120590,-35.768412
61.0462,short_2_turn_90,0.023789,0.514688,-34.078122,-0.040421,0.120663,-35.095359
61.0929,short_2_turn_90,0.023831,0.514660,-33.677207,-0.040379,0.120634,-34.694444
61.1432,short_2_turn_90,0.023789,0.514688,-32.981460,-0.040421,0.120663,-33.998697
61.1927,short_2_turn_90,0.023853,0.514647,-32.567684,-0.040358,0.120621,-33.584920
61.2465,short_2_turn_90,0.023874,0.514633,-31.855944,-0.040337,0.120607,-32.873181
61.3105,short_2_turn_90,0.023960,0.514580,-31.452261,-0.040252,0.120552,-32.469498
61.3465,short_2_turn_90,0.023938,0.514593,-30.761852,-0.040273,0.120565,-31.779088
61.4048,short_2_turn_90,0.023982,0.514568,-30.364953,-0.040230,0.120539,-31.382190
61.4463,short_2_turn_90,0.024004,0.514555,-29.630246,-0.040208,0.120526,-30.647483
61.4968,short_2_turn_90,0.024114,0.514493,-29.209879,-0.040099,0.120462,-30.227116
61.5471,short_2_turn_90,0.024092,0.514505,-28.512544,-0.040121,0.120474,-29.529781
61.5941,short_2_turn_90,0.024070,0.514517,-28.079397,-0.040143,0.120487,-29.096634
61.6511,short_2_turn_90,0.024025,0.514541,-27.355659,-0.040188,0.120511,-28.372895
61.7091,short_2_turn_90,0.024070,0.514517,-26.952672,-0.040143,0.120487,-27.969909
61.7460,short_2_turn_90,0.023934,0.514586,-26.289900,-0.040278,0.120558,-27.307136
61.7968,short_2_turn_90,0.023957,0.514574,-25.908246,-0.040255,0.120546,-26.925483
61.8433,short_2_turn_90,0.023888,0.514607,-25.212685,-0.040323,0.120580,-26.229922
61.8939,short_2_turn_90,0.023911,0.514596,-24.829720,-0.040300,0.120569,-25.846956
61.9451,short_2_turn_90,0.023842,0.514628,-24.117941,-0.040369,0.120602,-25.135177
61.9966,short_2_turn_90,0.023889,0.514607,-23.723980,-0.040323,0.120580,-24.741217
62.0438,short_2_turn_90,0.023865,0.514617,-22.999395,-0.040346,0.120591,-24.016631
62.0977,short_2_turn_90,0.023982,0.514568,-22.619117,-0.040230,0.120540,-23.636354
62.1829,short_2_turn_90,0.023935,0.514588,-22.117419,-0.040277,0.120560,-23.134656
62.2023,short_2_turn_90,0.024006,0.514559,-21.495312,-0.040207,0.120530,-22.512549
62.2470,short_2_turn_90,0.023982,0.514569,-20.772760,-0.040230,0.120540,-21.789996
62.2988,short_2_turn_90,0.024077,0.514533,-20.350384,-0.040136,0.120503,-21.367621
62.3436,short_2_turn_90,0.024101,0.514524,-19.605035,-0.040112,0.120494,-20.622271
62.4030,short_2_turn_90,0.024125,0.514516,-19.197607,-0.040089,0.120485,-20.214844
62.4505,short_2_turn_90,0.024101,0.514524,-18.490367,-0.040112,0.120493,-19.507603
62.5066,short_2_turn_90,0.024052,0.514540,-18.074683,-0.040160,0.120510,-19.091920
62.5416,short_2_turn_90,0.024004,0.514555,-17.630619,-0.040208,0.120526,-18.647856
62.5975,short_2_turn_90,0.023956,0.514571,-17.077052,-0.040256,0.120542,-18.094289
62.6445,short_2_turn_90,0.023811,0.514615,-16.574111,-0.040401,0.120589,-17.591348
62.6946,short_2_turn_90,0.023884,0.514593,-15.946651,-0.040328,0.120566,-16.963887
62.7417,short_2_turn_stop,0.023859,0.514600,-15.458971,-0.040352,0.120574,-16.476207
62.7970,short_2_turn_stop,0.023859,0.514600,-14.832484,-0.040352,0.120574,-15.849721
62.8442,short_2_turn_stop,0.023908,0.514587,-14.508454,-0.040304,0.120560,-15.525691
62.8957,short_2_turn_stop,0.023908,0.514587,-14.292555,-0.040304,0.120560,-15.309792
62.9425,short_2_turn_stop,0.023957,0.514575,-14.210110,-0.040255,0.120547,-15.227347
62.9973,short_2_turn_stop,0.023957,0.514575,-14.178454,-0.040255,0.120547,-15.195690
63.0425,short_2_turn_stop,0.023982,0.514569,-14.173461,-0.040230,0.120540,-15.190698
63.0974,short_2_turn_stop,0.023982,0.514569,-14.170001,-0.040230,0.120540,-15.187237
63.1422,short_2_turn_stop,0.023982,0.514569,-14.147157,-0.040230,0.120540,-15.164394
63.1976,short_2_turn_stop,0.023933,0.514581,-14.102698,-0.040279,0.120553,-15.119935
63.2432,short_2_turn_stop,0.023933,0.514581,-14.065776,-0.040279,0.120553,-15.083013
63.2972,short_2_turn_stop,0.023908,0.514587,-14.042679,-0.040304,0.120560,-15.059916
63.3428,short_2_turn_stop,0.023908,0.514587,-14.043694,-0.040304,0.120560,-15.060931
63.4046,short_2_turn_stop,0.023908,0.514587,-14.039547,-0.040304,0.120560,-15.056784
63.4463,short_2_turn_stop,0.023908,0.514587,-14.041771,-0.040304,0.120560,-15.059007
63.4946,short_2_turn_stop,0.023908,0.514587,-14.037203,-0.040304,0.120560,-15.054440
63.5428,short_2_turn_stop,0.023908,0.514587,-14.038329,-0.040304,0.120560,-15.055566
63.5975,short_2_turn_stop,0.023908,0.514587,-14.035642,-0.040304,0.120560,-15.052879
63.6414,short_2_turn_stop,0.023908,0.514587,-14.030532,-0.040304,0.120560,-15.047769
63.6974,short_2_turn_stop,0.023908,0.514587,-14.029529,-0.040304,0.120560,-15.046766
63.7449,short_2_turn_stop,0.023908,0.514587,-14.029015,-0.040304,0.120560,-15.046252
