elapsed_sec,phase,odom_x_m,odom_y_m,odom_yaw_deg,relative_x_m,relative_y_m,relative_yaw_deg
0.0085,long_1_forward,0.000009,0.000000,3.302056,-0.000000,-0.000000,0.009523
0.0110,long_1_forward,0.000009,0.000000,3.302056,-0.000000,-0.000000,0.009523
0.0125,long_1_forward,0.000009,0.000000,3.311516,-0.000000,-0.000000,0.018983
0.0140,long_1_forward,0.000009,0.000000,3.304168,-0.000000,-0.000000,0.011635
0.0745,long_1_forward,0.000009,0.000000,3.313638,-0.000000,-0.000000,0.021105
0.1095,long_1_forward,0.000009,0.000000,3.304792,-0.000000,-0.000000,0.012259
0.1736,long_1_forward,0.000143,0.000008,3.273272,0.000135,-0.000000,-0.019261
0.2096,long_1_forward,0.001617,0.000091,3.205934,0.001611,-0.000001,-0.086599
0.2748,long_1_forward,0.004400,0.000247,3.211309,0.004398,-0.000006,-0.081224
0.3063,long_1_forward,0.008331,0.000468,3.278644,0.008336,-0.000011,-0.013889
0.3732,long_1_forward,0.013027,0.000738,3.344870,0.013040,-0.000011,0.052337
0.4067,long_1_forward,0.017834,0.001017,3.292667,0.017854,-0.000009,0.000133
0.4733,long_1_forward,0.022918,0.001310,3.235591,0.022947,-0.000008,-0.056942
0.5100,long_1_forward,0.027876,0.001591,3.399710,0.027913,-0.000013,0.107177
0.5746,long_1_forward,0.033039,0.001900,3.369754,0.033086,0.000000,0.077221
0.6067,long_1_forward,0.038038,0.002192,3.369754,0.038093,0.000004,0.077221
0.6823,long_1_forward,0.043220,0.002500,3.291798,0.043284,0.000014,-0.000736
0.7089,long_1_forward,0.048149,0.002783,3.328967,0.048221,0.000013,0.036434
0.7814,long_1_forward,0.053396,0.003090,3.390599,0.053477,0.000018,0.098066
0.8070,long_1_forward,0.058323,0.003379,3.351254,0.058412,0.000024,0.058720
0.8757,long_1_forward,0.063503,0.003684,3.308686,0.063601,0.000031,0.016153
0.9097,long_1_forward,0.068438,0.003969,3.300306,0.068544,0.000032,0.007772
0.9887,long_1_forward,0.073545,0.004264,3.292307,0.073660,0.000033,-0.000226
1.0067,long_1_forward,0.078409,0.004543,3.300760,0.078532,0.000033,0.008227
1.0749,long_1_forward,0.083518,0.004839,3.076851,0.083650,0.000034,-0.215682
1.1070,long_1_forward,0.088340,0.005101,3.123209,0.088479,0.000019,-0.169324
1.1772,long_1_forward,0.093329,0.005371,3.047279,0.093475,0.000002,-0.245254
1.2067,long_1_forward,0.098219,0.005635,2.905867,0.098372,-0.000015,-0.386666
1.2732,long_1_forward,0.103329,0.005887,2.939002,0.103488,-0.000057,-0.353531
1.3068,long_1_forward,0.108130,0.006140,2.947472,0.108295,-0.000080,-0.345061
1.3735,long_1_forward,0.113218,0.006396,2.879598,0.113390,-0.000117,-0.412935
1.4073,long_1_forward,0.118105,0.006648,2.897610,0.118284,-0.000146,-0.394923
1.4766,long_1_forward,0.123059,0.006892,2.779730,0.123243,-0.000186,-0.512803
1.5091,long_1_forward,0.127948,0.007138,2.780860,0.128138,-0.000222,-0.511673
1.5741,long_1_forward,0.133159,0.007383,2.784072,0.133355,-0.000277,-0.508461
1.6067,long_1_forward,0.137966,0.007624,2.852479,0.138168,-0.000312,-0.440055
1.6736,long_1_forward,0.143013,0.007869,2.858733,0.143220,-0.000357,-0.433800
1.7078,long_1_forward,0.147899,0.008119,2.791199,0.148112,-0.000389,-0.501334
1.7733,long_1_forward,0.153047,0.008363,2.898465,0.153267,-0.000441,-0.394069
1.8067,long_1_forward,0.158139,0.008626,3.074483,0.158365,-0.000470,-0.218050
1.8772,long_1_forward,0.163528,0.008914,2.947469,0.163761,-0.000492,-0.345064
1.9094,long_1_forward,0.168460,0.009172,3.024130,0.168700,-0.000518,-0.268403
1.9736,long_1_forward,0.173805,0.009453,3.077612,0.174052,-0.000545,-0.214921
2.0083,long_1_forward,0.178747,0.009719,3.167243,0.179002,-0.000563,-0.125290
2.0733,long_1_forward,0.184041,0.010013,3.122799,0.184304,-0.000573,-0.169734
2.1110,long_1_forward,0.188964,0.010281,3.091504,0.189234,-0.000588,-0.201029
2.1733,long_1_forward,0.194133,0.010560,3.088266,0.194410,-0.000607,-0.204267
2.2085,long_1_forward,0.199261,0.010837,3.156203,0.199546,-0.000625,-0.136330
2.2754,long_1_forward,0.204336,0.011118,3.131841,0.204629,-0.000636,-0.160692
2.3102,long_1_forward,0.209391,0.011394,3.068217,0.209692,-0.000650,-0.224316
2.3739,long_1_forward,0.214766,0.011681,3.131034,0.215074,-0.000673,-0.161500
2.4249,long_1_forward,0.219622,0.011946,3.147058,0.219937,-0.000687,-0.145475
2.4758,long_1_forward,0.224821,0.012233,3.187423,0.225144,-0.000699,-0.105110
2.5099,long_1_forward,0.229675,0.012502,3.202389,0.230006,-0.000710,-0.090144
2.5748,long_1_forward,0.234839,0.012792,3.158893,0.235177,-0.000716,-0.133640
2.6066,long_1_forward,0.239798,0.013065,3.134541,0.240144,-0.000728,-0.157992
2.6755,long_1_forward,0.245057,0.013353,3.137842,0.245411,-0.000743,-0.154691
2.7067,long_1_forward,0.249936,0.013621,3.198468,0.250297,-0.000756,-0.094065
2.7741,long_1_forward,0.255116,0.013912,3.122063,0.255485,-0.000763,-0.170470
2.8061,long_1_forward,0.260144,0.014186,3.156218,0.260521,-0.000778,-0.136315
2.8759,long_1_forward,0.265308,0.014471,3.170124,0.265692,-0.000790,-0.122409
2.9095,long_1_forward,0.270194,0.014741,3.203487,0.270586,-0.000801,-0.089047
2.9744,long_1_forward,0.275426,0.015035,3.200429,0.275827,-0.000808,-0.092104
3.0069,long_1_forward,0.280298,0.015306,3.043641,0.280706,-0.000817,-0.248892
3.0746,long_1_forward,0.285414,0.015577,3.112408,0.285829,-0.000841,-0.180125
3.1089,long_1_forward,0.290275,0.015841,3.237564,0.290698,-0.000856,-0.054969
3.1741,long_1_forward,0.295339,0.016130,3.134878,0.295769,-0.000859,-0.157655
3.2088,long_1_forward,0.300162,0.016394,3.068473,0.300600,-0.000872,-0.224060
3.2733,long_1_forward,0.305372,0.016672,3.033196,0.305817,-0.000894,-0.259337
3.3078,long_1_forward,0.310224,0.016931,3.055575,0.310675,-0.000914,-0.236958
3.3752,long_1_forward,0.315368,0.017204,2.996303,0.315827,-0.000937,-0.296230
3.4101,long_1_forward,0.320134,0.017456,2.811155,0.320600,-0.000959,-0.481379
3.4769,long_1_forward,0.325298,0.017703,2.775222,0.325769,-0.001009,-0.517311
3.5088,long_1_forward,0.330053,0.017941,2.638817,0.330530,-0.001045,-0.653716
3.5730,long_1_forward,0.335150,0.018166,2.557090,0.335631,-0.001112,-0.735443
3.6070,long_1_forward,0.340013,0.018394,2.617772,0.340499,-0.001164,-0.674761
3.6734,long_1_forward,0.345100,0.018618,2.585409,0.345591,-0.001233,-0.707124
3.7097,long_1_forward,0.349996,0.018848,2.546004,0.350493,-0.001284,-0.746529
3.7735,long_1_forward,0.355191,0.019070,2.634714,0.355691,-0.001361,-0.657819
3.8074,long_1_forward,0.360119,0.019303,2.551863,0.360625,-0.001411,-0.740670
3.8763,long_1_forward,0.365338,0.019527,2.513247,0.365848,-0.001487,-0.779286
3.9102,long_1_forward,0.370297,0.019755,2.529911,0.370812,-0.001545,-0.762622
4.0516,long_1_forward,0.375641,0.019981,2.655267,0.376160,-0.001626,-0.637266
4.1180,long_1_forward,0.380700,0.020223,2.627764,0.381225,-0.001675,-0.664769
4.1217,long_1_forward,0.386100,0.020463,2.608075,0.386629,-0.001746,-0.684458
4.1250,long_1_forward,0.391009,0.020694,2.600050,0.391543,-0.001797,-0.692483
4.1739,long_1_forward,0.396255,0.020925,2.677881,0.396794,-0.001867,-0.614652
4.2314,long_1_forward,0.401118,0.021157,2.642817,0.401663,-0.001915,-0.649716
4.5931,long_1_forward,0.406404,0.021397,2.627930,0.406953,-0.001980,-0.664603
4.5966,long_1_forward,0.411289,0.021625,2.417180,0.411843,-0.002032,-0.875353
4.6000,long_1_forward,0.416494,0.021836,2.358189,0.417052,-0.002120,-0.934344
4.6029,long_1_forward,0.421545,0.022056,2.404360,0.422107,-0.002191,-0.888173
4.6035,long_1_forward,0.427103,0.022277,2.301001,0.427669,-0.002289,-0.991532
4.6041,long_1_forward,0.431905,0.022486,2.148014,0.432475,-0.002357,-1.144519
4.6060,long_1_forward,0.437449,0.022676,2.312440,0.438021,-0.002485,-0.980094
4.6079,long_1_forward,0.442278,0.022882,2.392542,0.442854,-0.002557,-0.899991
4.6741,long_1_forward,0.447609,0.023096,2.405185,0.448188,-0.002649,-0.887348
4.7070,long_1_forward,0.452547,0.023312,2.320223,0.453130,-0.002718,-0.972310
4.7736,long_1_forward,0.458039,0.023524,2.331411,0.458625,-0.002821,-0.961123
4.8079,long_1_forward,0.462879,0.023731,2.379166,0.463470,-0.002893,-0.913367
4.8768,long_1_forward,0.468280,0.023947,2.379608,0.468874,-0.002987,-0.912925
4.9108,long_1_forward,0.473138,0.024156,2.412115,0.473736,-0.003058,-0.880418
4.9733,long_1_forward,0.478529,0.024377,2.400212,0.479131,-0.003147,-0.892321
5.0075,long_1_forward,0.483387,0.024587,2.342368,0.483992,-0.003216,-0.950165
5.1645,long_1_forward,0.488774,0.024799,2.445866,0.489383,-0.003313,-0.846667
5.1684,long_1_forward,0.493561,0.025009,2.381781,0.494174,-0.003379,-0.910753
5.1747,long_1_forward,0.498896,0.025225,2.453005,0.499513,-0.003470,-0.839528
5.2078,long_1_forward,0.503772,0.025439,2.359415,0.504393,-0.003536,-0.933118
5.2749,long_1_forward,0.509193,0.025655,2.445041,0.509817,-0.003632,-0.847492
5.3069,long_1_forward,0.513945,0.025862,2.403076,0.514573,-0.003698,-0.889457
5.3756,long_1_forward,0.519327,0.026083,2.214199,0.519959,-0.003787,-1.078334
5.4080,long_1_forward,0.524134,0.026277,2.165124,0.524769,-0.003869,-1.127409
5.4773,long_1_forward,0.529393,0.026466,2.170534,0.530031,-0.003982,-1.121999
5.5104,long_1_forward,0.534149,0.026657,2.046584,0.534790,-0.004065,-1.245949
5.5734,long_1_forward,0.539546,0.026837,2.085980,0.540188,-0.004195,-1.206553
5.6069,long_1_forward,0.544206,0.027017,2.045004,0.544850,-0.004283,-1.247529
5.6738,long_1_forward,0.549642,0.027200,2.009115,0.550289,-0.004413,-1.283418
5.7086,long_1_forward,0.554440,0.027382,2.001475,0.555089,-0.004507,-1.291058
5.7735,long_1_forward,0.560089,0.027566,1.970853,0.560739,-0.004647,-1.321680
5.8070,long_1_forward,0.564905,0.027745,1.940197,0.565557,-0.004745,-1.352336
5.8770,long_1_forward,0.570779,0.027930,2.013617,0.571432,-0.004897,-1.278916
5.9097,long_1_forward,0.575576,0.028111,2.092194,0.576231,-0.004993,-1.200339
5.9782,long_1_forward,0.581201,0.028309,2.201118,0.581859,-0.005118,-1.091415
6.0070,long_1_forward,0.586172,0.028503,2.049510,0.586833,-0.005210,-1.243023
6.0759,long_1_forward,0.591643,0.028692,2.084338,0.592306,-0.005336,-1.208195
6.1103,long_1_forward,0.596464,0.028876,2.184897,0.597129,-0.005429,-1.107636
6.1733,long_1_forward,0.601891,0.029077,2.156176,0.602559,-0.005539,-1.136358
6.2073,long_1_forward,0.606947,0.029273,2.161659,0.607618,-0.005634,-1.130874
6.2770,long_1_forward,0.612231,0.029467,2.234473,0.612905,-0.005744,-1.058061
6.3075,long_1_forward,0.617135,0.029662,2.210594,0.617811,-0.005831,-1.081939
6.3735,long_1_forward,0.622482,0.029865,2.350801,0.623162,-0.005936,-0.941732
6.4129,long_1_forward,0.627392,0.030067,2.399727,0.628074,-0.006016,-0.892806
6.4799,long_1_forward,0.632671,0.030288,2.354117,0.633357,-0.006098,-0.938416
6.5099,long_1_forward,0.636720,0.030455,2.442062,0.637409,-0.006164,-0.850471
6.5774,long_1_forward,0.641718,0.030667,2.628779,0.642412,-0.006239,-0.663754
6.6109,long_1_forward,0.646663,0.030898,2.639002,0.647362,-0.006293,-0.653531
6.6745,long_1_forward,0.651737,0.031128,2.566809,0.652441,-0.006355,-0.725724
6.7100,long_1_forward,0.656523,0.031345,2.624897,0.657231,-0.006413,-0.667636
6.7769,long_1_forward,0.661560,0.031573,2.755889,0.662273,-0.006475,-0.536644
6.8085,long_1_forward,0.666344,0.031808,2.664828,0.667062,-0.006515,-0.627705
6.8766,long_1_forward,0.671468,0.032043,2.621256,0.672191,-0.006575,-0.671277
6.9131,long_1_forward,0.676262,0.032265,2.681987,0.676990,-0.006628,-0.610546
6.9738,long_1_forward,0.681328,0.032499,2.614479,0.682061,-0.006686,-0.678054
7.0097,long_1_forward,0.686125,0.032720,2.690467,0.686864,-0.006740,-0.602066
7.0736,long_1_forward,0.691200,0.032955,2.745334,0.691944,-0.006797,-0.547199
7.1070,long_1_forward,0.696053,0.033192,2.747651,0.696802,-0.006839,-0.544882
7.1736,long_1_forward,0.701183,0.033434,2.703520,0.701937,-0.006892,-0.589013
7.2070,long_1_forward,0.705911,0.033661,2.694980,0.706670,-0.006937,-0.597553
7.2752,long_1_forward,0.710935,0.033894,2.697158,0.711700,-0.006993,-0.595375
7.3071,long_1_forward,0.715740,0.034124,2.572450,0.716510,-0.007040,-0.720084
7.3820,long_1_forward,0.720784,0.034349,2.494954,0.721559,-0.007104,-0.797579
7.4097,long_1_forward,0.725471,0.034553,2.499904,0.726250,-0.007170,-0.792629
7.4768,long_1_forward,0.730495,0.034773,2.408107,0.731278,-0.007239,-0.884426
7.5129,long_1_forward,0.735162,0.034968,2.423560,0.735948,-0.007313,-0.868973
7.5770,long_1_forward,0.740081,0.035177,2.251875,0.740871,-0.007386,-1.040658
7.6130,long_1_forward,0.744796,0.035359,2.181791,0.745589,-0.007476,-1.110742
7.6782,long_1_forward,0.749770,0.035553,2.088711,0.750566,-0.007568,-1.203822
7.7090,long_1_forward,0.754448,0.035718,2.056492,0.755246,-0.007672,-1.236041
7.7739,long_1_forward,0.759462,0.035904,1.955251,0.760262,-0.007774,-1.337282
7.8069,long_1_forward,0.764226,0.036059,2.009693,0.765027,-0.007892,-1.282841
7.8756,long_1_forward,0.769316,0.036244,2.102468,0.770119,-0.008000,-1.190065
7.9098,long_1_forward,0.774213,0.036420,2.095741,0.775018,-0.008106,-1.196792
7.9734,long_1_forward,0.779260,0.036608,1.875196,0.780067,-0.008208,-1.417337
8.0100,long_1_stop,0.783916,0.036754,1.832429,0.784724,-0.008330,-1.460104
8.0738,long_1_stop,0.789132,0.036930,1.865771,0.789942,-0.008453,-1.426763
8.1115,long_1_stop,0.793981,0.037079,1.810366,0.794792,-0.008583,-1.482167
8.1745,long_1_stop,0.798626,0.037231,1.586321,0.799437,-0.008698,-1.706212
8.2098,long_1_stop,0.801790,0.037296,1.744591,0.802600,-0.008815,-1.547942
8.2739,long_1_stop,0.803155,0.037336,1.735120,0.803965,-0.008853,-1.557413
8.3084,long_1_stop,0.803859,0.037354,1.699704,0.804669,-0.008876,-1.592829
8.3739,long_1_stop,0.804083,0.037361,1.696585,0.804892,-0.008882,-1.595949
8.4072,long_1_stop,0.804157,0.037363,1.708393,0.804967,-0.008884,-1.584140
8.4766,long_1_stop,0.804182,0.037364,1.702100,0.804992,-0.008884,-1.590433
8.5160,long_1_stop,0.804210,0.037366,1.702100,0.805020,-0.008884,-1.590433
8.5770,long_1_stop,0.804236,0.037367,1.702100,0.805046,-0.008885,-1.590433
8.6066,long_1_stop,0.804263,0.037369,1.711122,0.805073,-0.008885,-1.581412
8.6741,long_1_stop,0.804288,0.037370,1.711122,0.805098,-0.008885,-1.581411
8.7072,long_1_stop,0.804290,0.037370,1.724398,0.805100,-0.008885,-1.568135
8.7754,long_1_stop,0.804288,0.037371,1.718105,0.805099,-0.008884,-1.574428
8.8093,long_1_stop,0.804290,0.037371,1.724005,0.805100,-0.008884,-1.568528
8.8741,long_1_stop,0.804288,0.037371,1.724005,0.805099,-0.008883,-1.568528
8.9154,long_1_stop,0.804290,0.037372,1.732831,0.805100,-0.008883,-1.559702
8.9749,long_1_stop,0.804288,0.037372,1.732831,0.805099,-0.008883,-1.559702
9.0072,long_1_stop,0.804290,0.037372,1.744604,0.805100,-0.008882,-1.547929
9.0767,long_1_turn_90,0.804289,0.037373,1.744604,0.805100,-0.008882,-1.547929
9.1072,long_1_turn_90,0.804290,0.037373,1.744604,0.805100,-0.008882,-1.547929
9.1739,long_1_turn_90,0.804301,0.037373,1.744604,0.805111,-0.008882,-1.547929
9.2070,long_1_turn_90,0.804287,0.037373,1.784021,0.805098,-0.008882,-1.508512
9.2744,long_1_turn_90,0.804295,0.037374,1.886972,0.805105,-0.008881,-1.405561
9.3076,long_1_turn_90,0.804435,0.037379,2.095532,0.805246,-0.008884,-1.197001
9.3740,long_1_turn_90,0.804567,0.037383,2.482725,0.805378,-0.008887,-0.809808
9.4071,long_1_turn_90,0.804643,0.037386,2.971878,0.805454,-0.008889,-0.320655
9.4781,long_1_turn_90,0.804709,0.037390,3.487469,0.805520,-0.008889,0.194936
9.5069,long_1_turn_90,0.804760,0.037391,4.039096,0.805570,-0.008890,0.746562
9.5757,long_1_turn_90,0.804810,0.037395,4.566572,0.805621,-0.008890,1.274039
9.6069,long_1_turn_90,0.804823,0.037395,5.164361,0.805634,-0.008890,1.871828
9.6736,long_1_turn_90,0.804847,0.037394,5.672682,0.805657,-0.008893,2.380149
9.7071,long_1_turn_90,0.804897,0.037397,6.261577,0.805707,-0.008892,2.969044
9.7739,long_1_turn_90,0.804973,0.037402,6.818910,0.805784,-0.008892,3.526377
9.8096,long_1_turn_90,0.805021,0.037410,7.413741,0.805832,-0.008887,4.121208
9.8741,long_1_turn_90,0.805032,0.037408,8.012011,0.805844,-0.008890,4.719478
9.9101,long_1_turn_90,0.805045,0.037408,8.581080,0.805856,-0.008890,5.288547
9.9766,long_1_turn_90,0.805007,0.037403,9.127352,0.805818,-0.008893,5.834819
10.0069,long_1_turn_90,0.804962,0.037391,9.682650,0.805773,-0.008902,6.390117
10.0739,long_1_turn_90,0.804924,0.037383,10.231470,0.805734,-0.008908,6.938937
10.1074,long_1_turn_90,0.804890,0.037373,10.774655,0.805699,-0.008917,7.482122
10.1744,long_1_turn_90,0.804876,0.037365,11.355727,0.805685,-0.008923,8.063194
10.2070,long_1_turn_90,0.804877,0.037363,11.902073,0.805686,-0.008926,8.609540
10.2738,long_1_turn_90,0.804876,0.037360,12.477791,0.805685,-0.008929,9.185258
10.3072,long_1_turn_90,0.804864,0.037356,13.019698,0.805673,-0.008932,9.727165
10.3739,long_1_turn_90,0.804863,0.037349,13.636229,0.805671,-0.008939,10.343696
10.4100,long_1_turn_90,0.804862,0.037349,14.223649,0.805670,-0.008938,10.931116
10.4772,long_1_turn_90,0.804885,0.037344,14.782942,0.805692,-0.008945,11.490409
10.5089,long_1_turn_90,0.804931,0.037357,15.319135,0.805739,-0.008934,12.026602
10.5765,long_1_turn_90,0.805017,0.037368,15.918758,0.805826,-0.008929,12.626225
10.6072,long_1_turn_90,0.805068,0.037395,16.470346,0.805878,-0.008905,13.177813
10.6762,long_1_turn_90,0.805091,0.037389,17.020819,0.805901,-0.008911,13.728285
10.7072,long_1_turn_90,0.805084,0.037398,17.561246,0.805895,-0.008902,14.268713
10.7739,long_1_turn_90,0.805057,0.037377,18.100749,0.805867,-0.008922,14.808216
10.8079,long_1_turn_90,0.805043,0.037377,18.646078,0.805852,-0.008921,15.353545
10.8797,long_1_turn_90,0.804993,0.037356,19.150841,0.805802,-0.008939,15.858308
10.9131,long_1_turn_90,0.804935,0.037336,19.677051,0.805742,-0.008956,16.384518
10.9740,long_1_turn_90,0.804921,0.037315,20.215024,0.805727,-0.008976,16.922491
11.0206,long_1_turn_90,0.804904,0.037319,20.811015,0.805710,-0.008971,17.518482
11.0737,long_1_turn_90,0.804878,0.037295,21.336049,0.805683,-0.008993,18.043516
11.1073,long_1_turn_90,0.804876,0.037298,21.928376,0.805681,-0.008991,18.635843
11.1764,long_1_turn_90,0.804888,0.037291,22.476191,0.805693,-0.008998,19.183658
11.2103,long_1_turn_90,0.804896,0.037300,23.068999,0.805701,-0.008989,19.776466
11.2779,long_1_turn_90,0.804919,0.037296,23.604645,0.805724,-0.008995,20.312112
11.3079,long_1_turn_90,0.804949,0.037315,24.186239,0.805755,-0.008977,20.893705
11.3744,long_1_turn_90,0.804973,0.037318,24.727360,0.805779,-0.008976,21.434827
11.4085,long_1_turn_90,0.805006,0.037333,25.266034,0.805812,-0.008963,21.973501
11.4818,long_1_turn_90,0.805041,0.037345,25.809114,0.805849,-0.008953,22.516581
11.5321,long_1_turn_90,0.805061,0.037358,26.386200,0.805869,-0.008941,23.093667
11.5759,long_1_turn_90,0.805085,0.037361,26.899756,0.805893,-0.008939,23.607223
11.6078,long_1_turn_90,0.805092,0.037372,27.444253,0.805900,-0.008929,24.151719
11.6783,long_1_turn_90,0.805069,0.037357,27.941639,0.805877,-0.008942,24.649106
11.7072,long_1_turn_90,0.805048,0.037344,28.479915,0.805855,-0.008954,25.187382
11.7737,long_1_turn_90,0.805037,0.037332,28.962247,0.805844,-0.008965,25.669714
11.8069,long_1_turn_90,0.805025,0.037327,29.534342,0.805832,-0.008970,26.241808
11.8741,long_1_turn_90,0.805014,0.037315,30.063664,0.805820,-0.008981,26.771131
11.9100,long_1_turn_90,0.805015,0.037314,30.605500,0.805821,-0.008983,27.312967
11.9734,long_1_turn_90,0.805016,0.037312,31.148126,0.805821,-0.008985,27.855593
12.0074,long_1_turn_90,0.805016,0.037310,31.708731,0.805822,-0.008986,28.416198
12.0736,long_1_turn_90,0.805017,0.037308,32.202655,0.805822,-0.008988,28.910122
12.1096,long_1_turn_90,0.805055,0.037319,32.788686,0.805861,-0.008979,29.496153
12.1841,long_1_turn_90,0.805110,0.037358,33.303979,0.805918,-0.008944,30.011446
12.2118,long_1_turn_90,0.805152,0.037383,33.877092,0.805961,-0.008922,30.584559
12.2778,long_1_turn_90,0.805218,0.037419,34.374176,0.806030,-0.008889,31.081643
12.3120,long_1_turn_90,0.805239,0.037450,34.944829,0.806052,-0.008859,31.652296
12.3737,long_1_turn_90,0.805240,0.037441,35.450813,0.806053,-0.008868,32.158280
12.4125,long_1_turn_90,0.805224,0.037440,36.025904,0.806037,-0.008868,32.733371
12.4743,long_1_turn_90,0.805193,0.037411,36.537342,0.806004,-0.008895,33.244809
12.5073,long_1_turn_90,0.805174,0.037396,37.100069,0.805984,-0.008910,33.807535
12.5774,long_1_turn_90,0.805154,0.037378,37.586574,0.805963,-0.008926,34.294041
12.6111,long_1_turn_90,0.805147,0.037367,38.159020,0.805956,-0.008936,34.866487
12.6741,long_1_turn_90,0.805137,0.037361,38.669254,0.805945,-0.008942,35.376721
12.7112,long_1_turn_90,0.805130,0.037351,39.265742,0.805938,-0.008952,35.973209
12.7741,long_1_turn_90,0.805152,0.037359,39.778657,0.805960,-0.008945,36.486124
12.8092,long_1_turn_90,0.805179,0.037384,40.401979,0.805988,-0.008922,37.109446
12.8742,long_1_turn_90,0.805199,0.037400,40.914977,0.806009,-0.008907,37.622444
12.9100,long_1_turn_90,0.805206,0.037409,41.507012,0.806017,-0.008898,38.214479
12.9748,long_1_turn_90,0.805249,0.037429,42.035813,0.806061,-0.008881,38.743280
13.0078,long_1_turn_90,0.805288,0.037475,42.615272,0.806102,-0.008837,39.322739
13.0802,long_1_turn_90,0.805329,0.037504,43.106040,0.806145,-0.008811,39.813507
13.1104,long_1_turn_90,0.805360,0.037540,43.676235,0.806178,-0.008776,40.383702
13.1742,long_1_turn_90,0.805379,0.037558,44.197270,0.806199,-0.008760,40.904737
13.2158,long_1_turn_90,0.805386,0.037568,44.781078,0.806206,-0.008750,41.488545
13.2738,long_1_turn_90,0.805387,0.037567,45.284386,0.806206,-0.008751,41.991853
13.3071,long_1_turn_90,0.805365,0.037553,45.858362,0.806184,-0.008763,42.565829
13.3756,long_1_turn_90,0.805349,0.037526,46.345494,0.806166,-0.008790,43.052961
13.4072,long_1_turn_90,0.805339,0.037518,46.958612,0.806155,-0.008797,43.666079
13.4754,long_1_turn_90,0.805331,0.037504,47.460975,0.806147,-0.008811,44.168442
13.5070,long_1_turn_90,0.805321,0.037497,48.086245,0.806136,-0.008818,44.793712
13.5772,long_1_turn_90,0.805323,0.037488,48.648202,0.806139,-0.008826,45.355669
13.6072,long_1_turn_90,0.805340,0.037506,49.270432,0.806156,-0.008809,45.977899
13.6763,long_1_turn_90,0.805338,0.037512,49.798554,0.806154,-0.008803,46.506021
13.7097,long_1_turn_90,0.805344,0.037508,50.399560,0.806160,-0.008808,47.107027
13.7737,long_1_turn_90,0.805380,0.037541,50.909775,0.806198,-0.008776,47.617242
13.8073,long_1_turn_90,0.805427,0.037597,51.526267,0.806248,-0.008724,48.233734
13.8790,long_1_turn_90,0.805457,0.037646,52.063347,0.806281,-0.008676,48.770814
13.9100,long_1_turn_90,0.805483,0.037672,52.638108,0.806308,-0.008652,49.345575
13.9739,long_1_turn_90,0.805496,0.037700,53.169920,0.806323,-0.008624,49.877387
14.0069,long_1_turn_90,0.805497,0.037700,53.762681,0.806324,-0.008624,50.470148
14.0739,long_1_turn_90,0.805487,0.037692,54.252433,0.806314,-0.008632,50.959900
14.1073,long_1_turn_90,0.805473,0.037672,54.842341,0.806299,-0.008651,51.549808
14.1737,long_1_turn_90,0.805440,0.037635,55.352191,0.806264,-0.008686,52.059658
14.2146,long_1_turn_90,0.805428,0.037598,55.955935,0.806249,-0.008723,52.663402
14.2738,long_1_turn_90,0.805410,0.037582,56.472005,0.806230,-0.008738,53.179472
14.3072,long_1_turn_90,0.805411,0.037565,57.106035,0.806231,-0.008755,53.813502
14.3793,long_1_turn_90,0.805407,0.037571,57.643284,0.806227,-0.008748,54.350750
14.4071,long_1_turn_90,0.805395,0.037550,58.278339,0.806213,-0.008769,54.985805
14.4741,long_1_turn_90,0.805390,0.037535,58.843323,0.806208,-0.008783,55.550789
14.5079,long_1_turn_90,0.805381,0.037526,59.457565,0.806199,-0.008791,56.165032
14.5739,long_1_turn_90,0.805395,0.037528,60.011386,0.806212,-0.008791,56.718853
14.6126,long_1_turn_90,0.805411,0.037561,60.625438,0.806230,-0.008758,57.332905
14.6741,long_1_turn_90,0.805441,0.037600,61.158833,0.806262,-0.008721,57.866300
14.7078,long_1_turn_90,0.805459,0.037647,61.740433,0.806283,-0.008675,58.447899
14.7741,long_1_turn_90,0.805471,0.037670,62.271502,0.806297,-0.008653,58.978969
14.8094,long_1_turn_90,0.805483,0.037692,62.836310,0.806310,-0.008632,59.543777
14.8763,long_1_turn_90,0.805479,0.037697,63.365069,0.806306,-0.008626,60.072536
14.9089,long_1_turn_90,0.805468,0.037675,63.933368,0.806294,-0.008648,60.640835
14.9799,long_1_turn_90,0.805449,0.037643,64.471740,0.806273,-0.008679,61.179207
15.0160,long_1_turn_90,0.805428,0.037598,65.040849,0.806249,-0.008722,61.748316
15.0771,long_1_turn_90,0.805399,0.037541,65.585216,0.806217,-0.008777,62.292683
15.1102,long_1_turn_90,0.805401,0.037512,66.222530,0.806217,-0.008807,62.929997
15.1738,long_1_turn_90,0.805396,0.037517,66.790547,0.806213,-0.008801,63.498014
15.2468,long_1_turn_90,0.805394,0.037504,67.393250,0.806210,-0.008814,64.100717
15.2739,long_1_turn_90,0.805402,0.037513,67.968149,0.806219,-0.008806,64.675616
15.3072,long_1_turn_90,0.805404,0.037526,68.576906,0.806221,-0.008793,65.284373
15.3756,long_1_turn_90,0.805419,0.037545,69.129591,0.806237,-0.008775,65.837058
15.4079,long_1_turn_90,0.805421,0.037571,69.699071,0.806241,-0.008749,66.406538
15.4807,long_1_turn_90,0.805436,0.037589,70.220266,0.806257,-0.008732,66.927733
15.5074,long_1_turn_90,0.805431,0.037605,70.822932,0.806252,-0.008715,67.530399
15.5739,long_1_turn_90,0.805429,0.037590,71.364762,0.806250,-0.008730,68.072229
15.6095,long_1_turn_90,0.805437,0.037600,71.953392,0.806258,-0.008721,68.660859
15.6740,long_1_turn_90,0.805431,0.037606,72.480541,0.806253,-0.008715,69.188008
15.7135,long_1_turn_90,0.805417,0.037572,73.052783,0.806237,-0.008748,69.760250
15.7754,long_1_turn_90,0.805409,0.037531,73.584669,0.806227,-0.008788,70.292136
15.8070,long_1_turn_90,0.805395,0.037497,74.164257,0.806211,-0.008821,70.871724
15.8769,long_1_turn_90,0.805382,0.037446,74.702273,0.806195,-0.008871,71.409740
15.9105,long_1_turn_90,0.805369,0.037399,75.245076,0.806179,-0.008918,71.952543
15.9741,long_1_turn_90,0.805369,0.037368,75.827426,0.806177,-0.008949,72.534893
16.0072,long_1_turn_90,0.805369,0.037368,76.413554,0.806177,-0.008949,73.121021
16.0739,long_1_turn_90,0.805363,0.037358,77.006590,0.806171,-0.008959,73.714056
16.1074,long_1_turn_90,0.805357,0.037334,77.604270,0.806164,-0.008982,74.311737
16.1741,long_1_turn_90,0.805370,0.037339,78.172886,0.806176,-0.008978,74.880353
16.2074,long_1_turn_90,0.805362,0.037354,78.741203,0.806169,-0.008962,75.448670
16.2738,long_1_turn_90,0.805380,0.037370,79.295490,0.806188,-0.008948,76.002957
16.3086,long_1_turn_90,0.805376,0.037409,79.872196,0.806187,-0.008908,76.579663
16.3739,long_1_turn_90,0.805387,0.037430,80.437569,0.806199,-0.008888,77.145036
16.4072,long_1_turn_90,0.805384,0.037456,80.987327,0.806198,-0.008862,77.694794
16.4741,long_1_turn_90,0.805385,0.037456,81.542405,0.806198,-0.008862,78.249872
16.5315,long_1_turn_90,0.805379,0.037445,82.084573,0.806192,-0.008873,78.792040
16.5770,long_1_turn_90,0.805376,0.037419,82.644574,0.806187,-0.008899,79.352041
16.6110,long_1_turn_90,0.805363,0.037371,83.187607,0.806171,-0.008945,79.895074
16.6739,long_1_turn_90,0.805359,0.037304,83.717876,0.806164,-0.009012,80.425343
16.7099,long_1_turn_90,0.805359,0.037267,84.276595,0.806161,-0.009049,80.984062
16.7752,long_1_turn_90,0.805352,0.037230,84.816964,0.806152,-0.009086,81.524431
16.8091,long_1_turn_90,0.805352,0.037192,85.366980,0.806150,-0.009123,82.074447
16.8754,long_1_turn_90,0.805342,0.037144,85.909752,0.806137,-0.009171,82.617219
16.9120,long_1_turn_90,0.805345,0.037094,86.461691,0.806138,-0.009221,83.169157
16.9741,long_1_turn_stop,0.805348,0.037079,86.998025,0.806140,-0.009236,83.705492
17.0076,long_1_turn_stop,0.805348,0.037079,87.561127,0.806140,-0.009236,84.268594
17.0740,long_1_turn_stop,0.805360,0.037112,88.048444,0.806153,-0.009204,84.755911
17.1104,long_1_turn_stop,0.805350,0.037150,88.536548,0.806146,-0.009165,85.244015
17.1739,long_1_turn_stop,0.805358,0.037173,88.770388,0.806155,-0.009143,85.477854
17.2071,long_1_turn_stop,0.805355,0.037211,88.930029,0.806155,-0.009104,85.637495
17.2742,long_1_turn_stop,0.805352,0.037225,88.971709,0.806152,-0.009090,85.679176
17.3105,long_1_turn_stop,0.805349,0.037214,88.998471,0.806148,-0.009102,85.705938
17.3741,long_1_turn_stop,0.805358,0.037223,89.021629,0.806158,-0.009093,85.729096
17.4072,long_1_turn_stop,0.805356,0.037261,89.039336,0.806158,-0.009055,85.746802
17.4773,long_1_turn_stop,0.805356,0.037287,89.066129,0.806160,-0.009029,85.773595
17.5073,long_1_turn_stop,0.805350,0.037287,89.074637,0.806154,-0.009028,85.782104
17.5742,long_1_turn_stop,0.805356,0.037284,89.095258,0.806160,-0.009032,85.802725
17.6082,long_1_turn_stop,0.805354,0.037296,89.103761,0.806158,-0.009020,85.811228
17.6764,long_1_turn_stop,0.805351,0.037284,89.111480,0.806154,-0.009031,85.818947
17.7072,long_1_turn_stop,0.805353,0.037271,89.120342,0.806156,-0.009044,85.827809
17.7746,long_1_turn_stop,0.805353,0.037271,89.126505,0.806156,-0.009044,85.833972
17.8073,long_1_turn_stop,0.805353,0.037271,89.126505,0.806156,-0.009044,85.833972
17.8745,long_1_turn_stop,0.805351,0.037259,89.135774,0.806153,-0.009056,85.843241
17.9105,long_1_turn_stop,0.805353,0.037247,89.144599,0.806154,-0.009069,85.852066
17.9749,short_1_forward,0.805353,0.037247,89.144599,0.806154,-0.009069,85.852066
18.0075,short_1_forward,0.805353,0.037247,89.144599,0.806154,-0.009069,85.852066
18.0757,short_1_forward,0.805355,0.037258,89.144599,0.806157,-0.009058,85.852066
18.1124,short_1_forward,0.805423,0.037656,89.210452,0.806248,-0.008664,85.917919
18.1741,short_1_forward,0.805616,0.039545,89.414610,0.806548,-0.006789,86.122077
18.2072,short_1_forward,0.805650,0.042515,89.451728,0.806753,-0.003826,86.159195
18.2740,short_1_forward,0.805822,0.046679,89.570991,0.807164,0.000321,86.278458
18.3071,short_1_forward,0.805761,0.051006,89.587924,0.807352,0.004645,86.295391
18.3739,short_1_forward,0.805921,0.055873,89.453195,0.807791,0.009494,86.160662
18.4071,short_1_forward,0.805837,0.060719,89.430686,0.807986,0.014337,86.138152
18.4741,short_1_forward,0.806001,0.065695,89.443079,0.808435,0.019295,86.150546
18.5088,short_1_forward,0.805919,0.070581,89.382772,0.808634,0.024178,86.090239
18.5741,short_1_forward,0.806082,0.075536,89.303791,0.809082,0.029116,86.011258
18.6075,short_1_forward,0.806032,0.080492,89.280902,0.809316,0.034066,85.988369
18.6741,short_1_forward,0.806181,0.085493,89.203134,0.809752,0.039050,85.910601
18.7073,short_1_forward,0.806159,0.090426,89.230567,0.810013,0.043976,85.938034
18.7745,short_1_forward,0.806296,0.095409,89.269963,0.810436,0.048944,85.977430
18.8103,short_1_forward,0.806277,0.100268,89.208480,0.810696,0.053796,85.915947
18.8875,short_1_forward,0.806429,0.105384,89.138922,0.811142,0.058894,85.846389
18.9126,short_1_forward,0.806400,0.110231,89.237687,0.811391,0.063735,85.945154
18.9789,short_1_forward,0.806573,0.115333,89.103821,0.811857,0.068818,85.811288
19.0072,short_1_forward,0.806535,0.120250,89.228139,0.812102,0.073729,85.935606
19.0742,short_1_forward,0.806699,0.125243,89.251622,0.812552,0.078704,85.959089
19.1102,short_1_forward,0.806690,0.130256,89.347447,0.812831,0.083710,86.054913
19.1740,short_1_forward,0.806794,0.135363,89.539770,0.813228,0.088803,86.247237
19.2074,short_1_forward,0.806778,0.140107,89.580531,0.813484,0.093540,86.287998
19.2755,short_1_forward,0.806864,0.145236,89.622150,0.813865,0.098656,86.329617
19.3103,short_1_forward,0.806841,0.150014,89.617872,0.814117,0.103427,86.325339
19.3744,short_1_forward,0.806933,0.155272,89.533718,0.814511,0.108671,86.241185
19.4098,short_1_forward,0.806900,0.160019,89.612375,0.814750,0.113411,86.319842
19.4740,short_1_forward,0.807002,0.165129,89.556584,0.815146,0.118508,86.264051
19.5121,short_1_forward,0.806976,0.169986,89.608883,0.815398,0.123358,86.316350
19.5746,short_1_forward,0.807063,0.175092,89.580185,0.815779,0.128451,86.287652
19.6109,short_1_forward,0.807047,0.179917,89.562559,0.816040,0.133269,86.270026
19.6758,short_1_forward,0.807126,0.184997,89.583833,0.816410,0.138336,86.291300
19.7074,short_1_forward,0.807119,0.189757,89.719239,0.816676,0.143088,86.426706
19.7745,short_1_forward,0.807188,0.194954,89.702938,0.817044,0.148273,86.410405
19.8071,short_1_forward,0.807167,0.199801,89.652696,0.817302,0.153113,86.360163
19.8742,short_1_forward,0.807237,0.204947,89.618980,0.817667,0.158246,86.326447
19.9102,short_1_forward,0.807222,0.209626,89.702203,0.817920,0.162919,86.409670
19.9748,short_1_forward,0.807294,0.214696,89.751000,0.818284,0.167976,86.458467
20.0076,short_1_forward,0.807268,0.219453,89.705841,0.818531,0.172727,86.413308
20.0754,short_1_forward,0.807282,0.223531,89.686952,0.818779,0.176797,86.394418
20.1074,short_1_forward,0.807363,0.228440,89.698943,0.819142,0.181694,86.406410
20.1784,short_1_forward,0.807335,0.233552,89.652054,0.819408,0.186799,86.359521
20.2088,short_1_forward,0.807413,0.238411,89.739321,0.819765,0.191645,86.446787
20.2742,short_1_forward,0.807384,0.243446,89.634765,0.820025,0.196673,86.342232
20.3075,short_1_forward,0.807462,0.248292,89.565703,0.820381,0.201507,86.273170
20.3741,short_1_forward,0.807457,0.253401,89.540759,0.820669,0.206607,86.248226
20.4073,short_1_forward,0.807536,0.258271,89.610810,0.821028,0.211465,86.318277
20.4741,short_1_forward,0.807527,0.263311,89.429958,0.821308,0.216497,86.137424
20.5085,short_1_forward,0.807612,0.268134,89.447435,0.821670,0.221308,86.154902
20.5743,short_1_forward,0.807621,0.273131,89.361187,0.821967,0.226296,86.068654
20.6341,short_1_forward,0.807711,0.277952,89.352995,0.822333,0.231103,86.060462
20.6742,short_1_forward,0.807735,0.283054,89.271829,0.822650,0.236196,85.979295
20.7073,short_1_forward,0.807826,0.287912,89.304724,0.823020,0.241041,86.012191
20.7740,short_1_forward,0.807858,0.292993,89.190804,0.823344,0.246112,85.898271
20.8091,short_1_forward,0.807960,0.298043,89.252802,0.823735,0.251147,85.960269
20.8741,short_1_forward,0.807993,0.303209,89.106411,0.824065,0.256303,85.813878
20.9107,short_1_forward,0.808098,0.308112,89.112499,0.824451,0.261191,85.819966
20.9777,short_1_forward,0.808156,0.313488,89.197594,0.824818,0.266556,85.905061
21.0117,short_1_forward,0.808248,0.318375,89.284041,0.825191,0.271429,85.991508
21.0739,short_1_forward,0.808291,0.323695,89.259319,0.825540,0.276738,85.966786
21.1097,short_1_forward,0.808372,0.328594,89.355893,0.825902,0.281624,86.063360
21.1740,short_1_forward,0.808409,0.333640,89.332113,0.826228,0.286659,86.039580
21.2077,short_1_forward,0.808491,0.338698,89.393058,0.826601,0.291705,86.100525
21.2741,short_1_forward,0.808519,0.343856,89.371709,0.826925,0.296852,86.079176
21.3106,short_1_forward,0.808600,0.348845,89.370519,0.827292,0.301829,86.077986
21.3741,short_1_forward,0.808629,0.353992,89.385710,0.827617,0.306966,86.093177
21.4104,short_1_forward,0.808708,0.358909,89.386085,0.827978,0.311870,86.093552
21.5129,short_1_forward,0.808741,0.364196,89.443138,0.828315,0.317146,86.150605
21.5221,short_1_forward,0.808807,0.369026,89.619015,0.828658,0.321965,86.326482
21.5749,short_1_forward,0.808820,0.374106,89.544580,0.828963,0.327035,86.252047
21.6116,short_1_forward,0.808884,0.379217,89.617589,0.829321,0.332134,86.325056
21.6740,short_1_forward,0.808893,0.384469,89.685218,0.829630,0.337377,86.392685
21.7073,short_1_forward,0.808948,0.389508,89.685218,0.829975,0.342405,86.392685
21.7742,short_1_forward,0.808949,0.394756,89.713520,0.830278,0.347644,86.420987
21.8075,short_1_forward,0.808999,0.399684,89.623385,0.830610,0.352561,86.330852
21.8752,short_1_forward,0.809011,0.404867,89.594953,0.830920,0.357734,86.302420
21.9106,short_1_forward,0.809064,0.409737,89.654666,0.831253,0.362593,86.362133
21.9742,short_1_stop,0.809076,0.414882,89.634778,0.831560,0.367729,86.342245
22.0075,short_1_stop,0.809125,0.419772,89.651387,0.831890,0.372609,86.358854
22.0741,short_1_stop,0.809138,0.424876,89.701818,0.832196,0.377703,86.409285
22.1079,short_1_stop,0.809170,0.429215,89.600568,0.832477,0.382033,86.308034
22.1743,short_1_stop,0.809172,0.432737,89.584569,0.832681,0.385549,86.292036
22.2074,short_1_stop,0.809181,0.434287,89.633826,0.832779,0.387096,86.341293
22.2757,short_1_stop,0.809180,0.435178,89.632399,0.832830,0.387986,86.339866
22.3074,short_1_stop,0.809181,0.435436,89.657721,0.832846,0.388243,86.365188
22.3803,short_1_stop,0.809182,0.435579,89.648498,0.832855,0.388385,86.355964
22.4076,short_1_stop,0.809183,0.435653,89.648498,0.832860,0.388460,86.355964
22.4742,short_1_stop,0.809184,0.435703,89.637573,0.832864,0.388510,86.345040
22.5073,short_1_stop,0.809185,0.435741,89.645031,0.832867,0.388547,86.352497
22.5790,short_1_stop,0.809186,0.435765,89.654503,0.832870,0.388572,86.361970
22.6076,short_1_stop,0.809187,0.435791,89.669137,0.832872,0.388597,86.376604
22.6745,short_1_stop,0.809188,0.435816,89.678610,0.832874,0.388622,86.386077
22.7087,short_1_stop,0.809188,0.435829,89.687250,0.832875,0.388635,86.394717
22.7742,short_1_stop,0.809189,0.435839,89.687250,0.832877,0.388646,86.394717
22.8099,short_1_stop,0.809189,0.435852,89.695867,0.832878,0.388658,86.403334
22.8742,short_1_stop,0.809190,0.435851,89.695867,0.832878,0.388657,86.403334
22.9107,short_1_stop,0.809190,0.435852,89.695867,0.832879,0.388658,86.403334
22.9759,short_1_stop,0.809191,0.435851,89.695867,0.832879,0.388657,86.403334
23.0128,short_1_turn_90,0.809191,0.435852,89.695867,0.832880,0.388658,86.403334
23.0745,short_1_turn_90,0.809192,0.435863,89.708385,0.832881,0.388669,86.415852
23.1073,short_1_turn_90,0.809192,0.435876,89.717010,0.832882,0.388682,86.424477
23.1765,short_1_turn_90,0.809193,0.435899,89.741962,0.832884,0.388705,86.449429
23.2076,short_1_turn_90,0.809192,0.435872,89.800807,0.832882,0.388678,86.508273
23.2742,short_1_turn_90,0.809194,0.435890,89.961923,0.832885,0.388696,86.669390
23.3090,short_1_turn_90,0.809194,0.436000,90.181484,0.832891,0.388806,86.888951
23.3746,short_1_turn_90,0.809194,0.436040,90.674574,0.832893,0.388846,87.382041
23.4074,short_1_turn_90,0.809195,0.436067,91.077530,0.832896,0.388872,87.784997
23.4744,short_1_turn_90,0.809195,0.436106,91.717327,0.832898,0.388911,88.424794
23.5177,short_1_turn_90,0.809195,0.436118,92.187327,0.832899,0.388923,88.894794
23.5746,short_1_turn_90,0.809197,0.436117,92.859692,0.832900,0.388922,89.567159
23.6083,short_1_turn_90,0.809198,0.436105,93.301866,0.832901,0.388910,90.009333
23.6742,short_1_turn_90,0.809202,0.436078,93.941017,0.832903,0.388883,90.648484
23.7108,short_1_turn_90,0.809205,0.436054,94.376570,0.832905,0.388859,91.084037
23.7745,short_1_turn_90,0.809210,0.436040,94.976016,0.832909,0.388845,91.683483
23.8092,short_1_turn_90,0.809212,0.436067,95.402577,0.832912,0.388871,92.110044
23.8759,short_1_turn_90,0.809209,0.436106,96.038110,0.832912,0.388910,92.745577
23.9177,short_1_turn_90,0.809209,0.436118,96.492847,0.832912,0.388923,93.200314
23.9759,short_1_turn_90,0.809211,0.436117,97.121877,0.832915,0.388922,93.829344
24.0083,short_1_turn_90,0.809214,0.436118,97.610420,0.832917,0.388923,94.317887
24.0743,short_1_turn_90,0.809217,0.436105,98.239580,0.832920,0.388910,94.947047
24.1075,short_1_turn_90,0.809222,0.436121,98.747317,0.832926,0.388925,95.454784
24.1745,short_1_turn_90,0.809218,0.436123,99.414188,0.832922,0.388927,96.121655
24.2076,short_1_turn_90,0.809228,0.436101,99.897164,0.832930,0.388904,96.604631
24.2768,short_1_turn_90,0.809231,0.436076,100.555758,0.832933,0.388879,97.263224
24.3076,short_1_turn_90,0.809242,0.436054,101.029728,0.832942,0.388857,97.737195
24.3766,short_1_turn_90,0.809245,0.436042,101.675714,0.832945,0.388844,98.383181
24.4077,short_1_turn_90,0.809253,0.436005,102.147435,0.832951,0.388808,98.854902
24.4795,short_1_turn_90,0.809266,0.435991,102.749280,0.832962,0.388792,99.456747
24.5075,short_1_turn_90,0.809265,0.435977,103.223178,0.832961,0.388778,99.930645
24.5815,short_1_turn_90,0.809279,0.435950,103.805498,0.832973,0.388751,100.512965
24.6097,short_1_turn_90,0.809281,0.435951,104.281471,0.832975,0.388752,100.988938
24.6743,short_1_turn_90,0.809282,0.435976,104.872665,0.832978,0.388776,101.580132
24.7087,short_1_turn_90,0.809274,0.435998,105.371899,0.832971,0.388799,102.079366
24.7749,short_1_turn_90,0.809276,0.436010,105.978524,0.832973,0.388811,102.685991
24.8083,short_1_turn_90,0.809273,0.436022,106.461024,0.832971,0.388823,103.168491
24.8760,short_1_turn_90,0.809276,0.436022,107.088934,0.832974,0.388823,103.796401
24.9138,short_1_turn_90,0.809277,0.436036,107.587902,0.832975,0.388836,104.295369
24.9748,short_1_turn_90,0.809274,0.436036,108.220746,0.832973,0.388837,104.928213
25.0087,short_1_turn_90,0.809281,0.436038,108.768254,0.832980,0.388838,105.475721
25.0745,short_1_turn_90,0.809277,0.436050,109.395897,0.832976,0.388851,106.103364
25.1097,short_1_turn_90,0.809281,0.436038,109.921908,0.832980,0.388839,106.629375
25.1762,short_1_turn_90,0.809292,0.436014,110.536633,0.832990,0.388813,107.244100
25.2088,short_1_turn_90,0.809299,0.436017,111.036453,0.832997,0.388816,107.743919
25.2747,short_1_turn_90,0.809299,0.435993,111.602881,0.832996,0.388793,108.310348
25.3080,short_1_turn_90,0.809322,0.435964,112.076776,0.833017,0.388762,108.784243
25.3756,short_1_turn_90,0.809324,0.435964,112.616385,0.833019,0.388762,109.323852
25.4133,short_1_turn_90,0.809333,0.435927,113.091257,0.833025,0.388724,109.798724
25.4766,short_1_turn_90,0.809362,0.435880,113.649910,0.833051,0.388676,110.357377
25.5088,short_1_turn_90,0.809371,0.435870,114.167811,0.833060,0.388666,110.875278
25.5775,short_1_turn_90,0.809373,0.435871,114.764101,0.833062,0.388666,111.471568
25.6076,short_1_turn_90,0.809372,0.435883,115.307025,0.833062,0.388679,112.014492
25.6760,short_1_turn_90,0.809366,0.435895,115.886712,0.833056,0.388691,112.594178
25.7082,short_1_turn_90,0.809365,0.435908,116.426764,0.833056,0.388704,113.134231
25.7776,short_1_turn_90,0.809363,0.435895,117.041756,0.833054,0.388691,113.749223
25.8085,short_1_turn_90,0.809382,0.435876,117.560620,0.833071,0.388671,114.268087
25.8775,short_1_turn_90,0.809384,0.435876,118.207515,0.833073,0.388671,114.914982
25.9108,short_1_turn_90,0.809385,0.435877,118.730897,0.833075,0.388671,115.438363
25.9822,short_1_turn_90,0.809393,0.435854,119.345419,0.833081,0.388648,116.052886
26.0095,short_1_turn_90,0.809412,0.435836,119.870040,0.833099,0.388630,116.577506
26.0744,short_1_turn_90,0.809413,0.435837,120.445351,0.833100,0.388630,117.152818
26.1076,short_1_turn_90,0.809418,0.435825,120.915512,0.833105,0.388618,117.622979
26.1764,short_1_turn_90,0.809437,0.435791,121.461776,0.833121,0.388583,118.169243
26.2076,short_1_turn_90,0.809460,0.435761,121.949516,0.833143,0.388552,118.656983
26.2743,short_1_turn_90,0.809475,0.435740,122.506043,0.833157,0.388530,119.213510
26.3076,short_1_turn_90,0.809482,0.435743,123.018221,0.833164,0.388533,119.725688
26.3744,short_1_turn_90,0.809473,0.435754,123.599791,0.833156,0.388544,120.307258
26.4078,short_1_turn_90,0.809483,0.435730,124.131677,0.833163,0.388520,120.839144
26.4777,short_1_turn_90,0.809509,0.435700,124.767179,0.833188,0.388488,121.474645
26.5135,short_1_turn_90,0.809520,0.435692,125.311648,0.833199,0.388479,122.019115
26.5777,short_1_turn_90,0.809525,0.435681,125.916343,0.833203,0.388468,122.623810
26.6157,short_1_turn_90,0.809528,0.435696,126.451947,0.833206,0.388483,123.159414
26.6766,short_1_turn_90,0.809519,0.435682,127.108218,0.833197,0.388470,123.815685
26.7092,short_1_turn_90,0.809530,0.435708,127.654213,0.833210,0.388494,124.361679
26.7800,short_1_turn_90,0.809495,0.435722,128.303706,0.833175,0.388511,125.011173
26.8074,short_1_turn_90,0.809517,0.435706,128.822823,0.833197,0.388494,125.530290
26.8817,short_1_turn_90,0.809537,0.435662,129.423216,0.833214,0.388448,126.130683
26.9138,short_1_turn_90,0.809582,0.435631,129.927478,0.833257,0.388415,126.634945
26.9790,short_1_turn_90,0.809593,0.435609,130.498203,0.833266,0.388392,127.205670
27.0077,short_1_turn_90,0.809610,0.435606,130.908611,0.833284,0.388388,127.616078
27.0766,short_1_turn_90,0.809594,0.435625,131.473347,0.833268,0.388409,128.180814
27.1100,short_1_turn_90,0.809583,0.435633,131.920080,0.833259,0.388417,128.627547
27.1746,short_1_turn_90,0.809590,0.435623,132.530773,0.833264,0.388406,129.238240
27.2094,short_1_turn_90,0.809590,0.435638,133.032450,0.833266,0.388422,129.739917
27.2744,short_1_turn_90,0.809583,0.435622,133.655092,0.833258,0.388406,130.362559
27.3096,short_1_turn_90,0.809600,0.435635,134.122042,0.833276,0.388417,130.829509
27.3744,short_1_turn_90,0.809576,0.435637,134.782983,0.833251,0.388421,131.490450
27.4094,short_1_turn_90,0.809599,0.435623,135.249817,0.833274,0.388406,131.957284
27.4775,short_1_turn_90,0.809624,0.435581,135.881124,0.833296,0.388363,132.588591
27.5168,short_1_turn_90,0.809646,0.435599,136.336683,0.833320,0.388379,133.044150
27.5795,short_1_turn_90,0.809627,0.435575,137.018278,0.833299,0.388357,133.725745
27.6100,short_1_turn_90,0.809668,0.435576,137.503672,0.833340,0.388355,134.211139
27.6760,short_1_turn_90,0.809643,0.435576,138.136849,0.833315,0.388357,134.844315
27.7097,short_1_turn_90,0.809648,0.435596,138.557460,0.833321,0.388377,135.264927
27.7761,short_1_turn_90,0.809620,0.435598,139.189641,0.833294,0.388380,135.897108
27.8109,short_1_turn_90,0.809658,0.435566,139.580641,0.833329,0.388346,136.288108
27.8824,short_1_turn_90,0.809679,0.435562,140.168749,0.833350,0.388341,136.876216
27.9119,short_1_turn_90,0.809675,0.435557,140.573984,0.833346,0.388336,137.281451
27.9782,short_1_turn_90,0.809696,0.435541,141.217889,0.833366,0.388319,137.925356
28.0110,short_1_turn_90,0.809701,0.435547,141.683988,0.833371,0.388324,138.391455
28.0757,short_1_turn_90,0.809673,0.435573,142.355378,0.833345,0.388352,139.062845
28.1108,short_1_turn_90,0.809634,0.435604,142.848193,0.833308,0.388385,139.555660
28.1757,short_1_turn_90,0.809608,0.435615,143.553743,0.833282,0.388398,140.261210
28.2139,short_1_turn_90,0.809616,0.435606,144.029031,0.833289,0.388388,140.736498
28.2803,short_1_turn_90,0.809630,0.435601,144.720931,0.833303,0.388382,141.428398
28.3158,short_1_turn_90,0.809622,0.435611,145.185773,0.833296,0.388392,141.893240
28.3833,short_1_turn_90,0.809609,0.435616,145.860181,0.833283,0.388399,142.567648
28.4107,short_1_turn_90,0.809617,0.435607,146.320236,0.833290,0.388389,143.027703
28.4747,short_1_turn_90,0.809623,0.435611,147.016149,0.833297,0.388393,143.723616
28.5248,short_1_turn_90,0.809627,0.435597,147.486750,0.833300,0.388378,144.194217
28.5780,short_1_turn_90,0.809639,0.435606,148.170992,0.833313,0.388387,144.878459
28.6094,short_1_turn_90,0.809630,0.435596,148.593587,0.833303,0.388377,145.301054
28.6780,short_1_turn_90,0.809642,0.435605,149.209152,0.833315,0.388386,145.916619
28.7116,short_1_turn_90,0.809633,0.435594,149.672809,0.833306,0.388376,146.380276
28.7747,short_1_turn_90,0.809628,0.435622,150.298759,0.833303,0.388403,147.006226
28.8077,short_1_turn_90,0.809585,0.435626,150.790005,0.833260,0.388410,147.497472
28.8754,short_1_turn_90,0.809583,0.435640,151.461025,0.833258,0.388424,148.168492
28.9108,short_1_turn_90,0.809557,0.435646,151.942252,0.833233,0.388432,148.649719
28.9744,short_1_turn_90,0.809548,0.435655,152.627105,0.833225,0.388441,149.334572
29.0090,short_1_turn_90,0.809535,0.435658,153.112494,0.833212,0.388444,149.819961
29.0787,short_1_turn_90,0.809518,0.435675,153.790864,0.833196,0.388462,150.498331
29.1109,short_1_turn_90,0.809519,0.435654,154.277146,0.833196,0.388442,150.984613
29.1793,short_1_turn_90,0.809563,0.435646,154.975208,0.833239,0.388431,151.682675
29.2077,short_1_turn_90,0.809554,0.435654,155.480368,0.833231,0.388440,152.187835
29.2746,short_1_turn_90,0.809522,0.435673,156.139508,0.833199,0.388460,152.846975
29.3090,short_1_turn_90,0.809495,0.435677,156.616599,0.833173,0.388466,153.324066
29.3746,short_1_turn_90,0.809504,0.435669,157.266857,0.833182,0.388458,153.974324
29.4080,short_1_turn_90,0.809527,0.435660,157.714397,0.833204,0.388447,154.421864
29.4781,short_1_turn_90,0.809542,0.435658,158.326439,0.833219,0.388444,155.033906
29.5084,short_1_turn_90,0.809523,0.435674,158.759517,0.833201,0.388461,155.466983
29.5854,short_1_turn_90,0.809484,0.435685,159.385144,0.833163,0.388474,156.092610
29.6125,short_1_turn_90,0.809481,0.435679,159.862747,0.833159,0.388468,156.570214
29.6745,short_1_turn_90,0.809467,0.435699,160.548100,0.833146,0.388489,157.255567
29.7136,short_1_turn_90,0.809427,0.435702,161.057514,0.833106,0.388495,157.764981
29.7746,short_1_turn_90,0.809417,0.435709,161.707364,0.833097,0.388502,158.414831
29.8158,short_1_turn_90,0.809394,0.435717,162.228548,0.833074,0.388512,158.936014
29.8746,short_1_turn_90,0.809379,0.435718,162.921048,0.833059,0.388514,159.628515
29.9081,short_1_turn_90,0.809368,0.435726,163.438502,0.833049,0.388522,160.145969
29.9750,short_1_turn_90,0.809333,0.435739,164.115888,0.833015,0.388537,160.823355
30.0105,short_1_turn_90,0.809308,0.435739,164.610864,0.832989,0.388539,161.318331
30.0753,short_1_turn_90,0.809318,0.435733,165.286312,0.832999,0.388532,161.993779
30.1152,short_1_turn_90,0.809300,0.435753,165.790480,0.832982,0.388553,162.497947
30.1745,short_1_turn_90,0.809263,0.435747,166.438951,0.832946,0.388549,163.146418
30.2180,short_1_turn_90,0.809309,0.435729,166.888043,0.832990,0.388528,163.595510
30.2774,short_1_turn_90,0.809345,0.435736,167.503904,0.833026,0.388533,164.211371
30.3085,short_1_turn_90,0.809332,0.435735,167.969638,0.833013,0.388533,164.677105
30.3755,short_1_turn_90,0.809301,0.435752,168.626292,0.832984,0.388552,165.333758
30.4084,short_1_turn_90,0.809275,0.435743,169.103912,0.832957,0.388544,165.811379
30.4791,short_1_turn_90,0.809269,0.435755,169.740493,0.832952,0.388557,166.447960
30.5086,short_1_turn_90,0.809232,0.435759,170.262770,0.832915,0.388562,166.970237
30.5796,short_1_turn_90,0.809227,0.435752,170.916651,0.832910,0.388556,167.624118
30.6086,short_1_turn_90,0.809218,0.435765,171.424210,0.832902,0.388569,168.131676
30.6924,short_1_turn_90,0.809187,0.435762,172.090160,0.832871,0.388568,168.797627
30.7116,short_1_turn_90,0.809164,0.435773,172.584231,0.832848,0.388581,169.291698
30.7746,short_1_turn_90,0.809112,0.435779,173.276341,0.832797,0.388590,169.983808
30.8080,short_1_turn_90,0.809097,0.435770,173.798488,0.832781,0.388581,170.505955
30.8772,short_1_turn_90,0.809112,0.435772,174.466197,0.832796,0.388583,171.173664
30.9116,short_1_turn_stop,0.809112,0.435772,174.965635,0.832796,0.388583,171.673102
30.9792,short_1_turn_stop,0.809112,0.435773,175.579934,0.832796,0.388583,172.287401
31.0078,short_1_turn_stop,0.809112,0.435773,176.042497,0.832796,0.388583,172.749964
31.0747,short_1_turn_stop,0.809124,0.435768,176.595896,0.832807,0.388578,173.303362
31.1080,short_1_turn_stop,0.809137,0.435771,177.020663,0.832821,0.388581,173.728130
31.1739,short_1_turn_stop,0.809137,0.435772,177.451639,0.832821,0.388581,174.159106
31.2080,short_1_turn_stop,0.809125,0.435776,177.648563,0.832809,0.388586,174.356030
31.2746,short_1_turn_stop,0.809110,0.435773,177.749773,0.832794,0.388584,174.457239
31.3108,short_1_turn_stop,0.809087,0.435781,177.811025,0.832771,0.388593,174.518492
31.3923,short_1_turn_stop,0.809069,0.435771,177.830081,0.832753,0.388585,174.537548
31.4111,short_1_turn_stop,0.809081,0.435774,177.838717,0.832766,0.388587,174.546184
31.4807,short_1_turn_stop,0.809081,0.435774,177.838717,0.832766,0.388587,174.546184
31.5100,short_1_turn_stop,0.809069,0.435778,177.853565,0.832754,0.388591,174.561032
31.5780,short_1_turn_stop,0.809055,0.435775,177.863100,0.832739,0.388589,174.570567
31.6078,short_1_turn_stop,0.809043,0.435779,177.870546,0.832727,0.388593,174.578013
31.6748,short_1_turn_stop,0.809028,0.435777,177.880036,0.832713,0.388592,174.587503
31.7077,short_1_turn_stop,0.809028,0.435777,177.880036,0.832713,0.388592,174.587503
31.7763,short_1_turn_stop,0.809028,0.435777,177.880036,0.832713,0.388592,174.587503
31.8088,short_1_turn_stop,0.809028,0.435777,177.885981,0.832713,0.388592,174.593448
31.8765,short_1_turn_stop,0.809028,0.435777,177.885981,0.832713,0.388592,174.593448
31.9100,short_1_turn_stop,0.809028,0.435777,177.885981,0.832713,0.388592,174.593448
31.9790,long_2_forward,0.809040,0.435774,177.885981,0.832724,0.388589,174.593448
32.0096,long_2_forward,0.809053,0.435776,177.894595,0.832737,0.388590,174.602061
32.0746,long_2_forward,0.809064,0.435774,177.894595,0.832748,0.388587,174.602061
32.1120,long_2_forward,0.808697,0.435854,177.993900,0.832386,0.388689,174.701367
32.1774,long_2_forward,0.807352,0.435986,178.134043,0.831051,0.388897,174.841510
32.2110,long_2_forward,0.804246,0.436288,178.281524,0.827968,0.389377,174.988991
32.2749,long_2_forward,0.800102,0.436318,178.512354,0.823832,0.389646,175.219821
32.3108,long_2_forward,0.795549,0.436619,178.699080,0.819304,0.390207,175.406546
32.3829,long_2_forward,0.790438,0.436564,178.746853,0.814199,0.390445,175.454320
32.4110,long_2_forward,0.785602,0.436829,178.811538,0.809385,0.390989,175.519005
32.4801,long_2_forward,0.780348,0.436770,178.863826,0.804137,0.391231,175.571293
32.5146,long_2_forward,0.775397,0.437023,178.871237,0.799209,0.391768,175.578704
32.5749,long_2_forward,0.770110,0.436952,178.957255,0.793926,0.392000,175.664721
32.6084,long_2_forward,0.765246,0.437190,179.041930,0.789083,0.392518,175.749397
32.6744,long_2_forward,0.760032,0.437112,178.994599,0.783874,0.392739,175.702066
32.7150,long_2_forward,0.755149,0.437347,179.019832,0.779012,0.393254,175.727299
32.7762,long_2_forward,0.749841,0.437286,179.038458,0.773710,0.393498,175.745925
32.8084,long_2_forward,0.744895,0.437503,179.100440,0.768785,0.393999,175.807907
32.8798,long_2_forward,0.739634,0.437436,179.047002,0.763528,0.394234,175.754469
32.9081,long_2_forward,0.734824,0.437638,179.040759,0.758737,0.394713,175.748226
32.9785,long_2_forward,0.729608,0.437602,179.002378,0.753528,0.394976,175.709845
33.0132,long_2_forward,0.724700,0.437802,178.989559,0.748639,0.395458,175.697026
33.0753,long_2_forward,0.719465,0.437770,178.970363,0.743412,0.395726,175.677830
33.1085,long_2_forward,0.714652,0.437961,178.985173,0.738618,0.396194,175.692640
33.1748,long_2_forward,0.709491,0.437943,178.879168,0.733464,0.396471,175.586635
33.2080,long_2_forward,0.704728,0.438128,178.781252,0.728720,0.396930,175.488719
33.2800,long_2_forward,0.699649,0.438140,178.714828,0.723650,0.397233,175.422295
33.3088,long_2_forward,0.694909,0.438332,178.745282,0.718928,0.397698,175.452749
33.3747,long_2_forward,0.689821,0.438355,178.585230,0.713850,0.398012,175.292696
33.4080,long_2_forward,0.685029,0.438554,178.617463,0.709078,0.398487,175.324930
33.4754,long_2_forward,0.679882,0.438595,178.480131,0.703942,0.398823,175.187598
33.5195,long_2_forward,0.675001,0.438803,178.464344,0.699081,0.399311,175.171811
33.5746,long_2_forward,0.669789,0.438862,178.433026,0.693880,0.399670,175.140493
33.6101,long_2_forward,0.664876,0.439071,178.479008,0.688988,0.400160,175.186475
33.6749,long_2_forward,0.659686,0.439129,178.424877,0.683809,0.400516,175.132344
33.7083,long_2_forward,0.654732,0.439344,178.483595,0.678876,0.401015,175.191062
33.7751,long_2_forward,0.649397,0.439405,178.513702,0.673553,0.401383,175.221169
33.8079,long_2_forward,0.644500,0.439602,178.445448,0.668676,0.401861,175.152915
33.8747,long_2_forward,0.639218,0.439678,178.558730,0.663407,0.402240,175.266196
33.9118,long_2_forward,0.634321,0.439864,178.658991,0.658529,0.402706,175.366458
33.9748,long_2_forward,0.629068,0.439922,178.591840,0.653288,0.403066,175.299306
34.0084,long_2_forward,0.624084,0.440107,178.522349,0.648323,0.403538,175.229816
34.0773,long_2_forward,0.618727,0.440184,178.567238,0.642979,0.403922,175.274704
34.1109,long_2_forward,0.613870,0.440356,178.575768,0.638140,0.404373,175.283235
34.1763,long_2_forward,0.608719,0.440431,178.569690,0.633001,0.404743,175.277157
34.2108,long_2_forward,0.603739,0.440612,178.597133,0.628040,0.405210,175.304600
34.2757,long_2_forward,0.598458,0.440682,178.624808,0.622771,0.405583,175.332275
34.3127,long_2_forward,0.593539,0.440855,178.657640,0.617870,0.406039,175.365107
34.3758,long_2_forward,0.588223,0.440926,178.724036,0.612568,0.406414,175.431503
34.4149,long_2_forward,0.583350,0.441082,178.735427,0.607712,0.406851,175.442894
34.4758,long_2_forward,0.578130,0.441150,178.721720,0.602504,0.407218,175.429187
34.5080,long_2_forward,0.573228,0.441304,178.721720,0.597619,0.407654,175.429187
34.5748,long_2_forward,0.568006,0.441375,178.798883,0.592410,0.408024,175.506350
34.6078,long_2_forward,0.563114,0.441522,178.812683,0.587534,0.408452,175.520150
34.6765,long_2_forward,0.557914,0.441585,178.797161,0.582346,0.408813,175.504628
34.7117,long_2_forward,0.553009,0.441731,178.825191,0.577458,0.409241,175.532658
34.7749,long_2_forward,0.547702,0.441798,178.829682,0.572163,0.409613,175.537149
34.8079,long_2_forward,0.542766,0.441937,178.880975,0.567244,0.410035,175.588442
35.0271,long_2_forward,0.537516,0.442000,178.919447,0.562006,0.410399,175.626913
35.0407,long_2_forward,0.532603,0.442131,178.940120,0.557109,0.410813,175.647587
35.0483,long_2_forward,0.527331,0.442191,178.959340,0.551848,0.411175,175.666807
35.0522,long_2_forward,0.522387,0.442316,178.845737,0.546920,0.411584,175.553204
35.0778,long_2_forward,0.517205,0.442385,178.853003,0.541751,0.411950,175.560470
35.1085,long_2_forward,0.512375,0.442516,178.853787,0.536936,0.412358,175.561254
35.1833,long_2_forward,0.507154,0.442588,178.767000,0.531728,0.412730,175.474467
35.2092,long_2_forward,0.502342,0.442718,178.761745,0.526932,0.413137,175.469212
35.2840,long_2_forward,0.497223,0.442802,178.696339,0.521825,0.413514,175.403806
35.3080,long_2_forward,0.492423,0.442936,178.698577,0.517041,0.413924,175.406044
35.3750,long_2_forward,0.487322,0.443026,178.694706,0.511954,0.414306,175.402173
35.4083,long_2_forward,0.482546,0.443160,178.604930,0.507194,0.414715,175.312397
35.4751,long_2_forward,0.477409,0.443263,178.575827,0.502070,0.415112,175.283294
35.5129,long_2_forward,0.472580,0.443404,178.446628,0.497257,0.415531,175.154095
35.5791,long_2_forward,0.467387,0.443527,178.413627,0.492081,0.415951,175.121093
35.6106,long_2_forward,0.462559,0.443677,178.394462,0.487269,0.416379,175.101929
35.6760,long_2_forward,0.457278,0.443811,178.329156,0.482004,0.416815,175.036623
35.7091,long_2_forward,0.452360,0.443967,178.367051,0.477104,0.417254,175.074518
35.7793,long_2_forward,0.447137,0.444102,178.367051,0.471897,0.417688,175.074517
35.8092,long_2_forward,0.442277,0.444253,178.106063,0.467054,0.418119,174.813530
35.8759,long_2_forward,0.437105,0.444416,178.092224,0.461899,0.418579,174.799691
35.9333,long_2_forward,0.432124,0.444591,178.141577,0.456936,0.419039,174.849044
35.9790,long_2_forward,0.426800,0.444754,178.157913,0.451631,0.419507,174.865380
36.0099,long_2_forward,0.421907,0.444920,178.078043,0.446756,0.419954,174.785510
36.0771,long_2_forward,0.416633,0.445090,178.144001,0.441500,0.420427,174.851468
36.1106,long_2_forward,0.411682,0.445259,178.196529,0.436567,0.420880,174.903996
36.1749,long_2_forward,0.406309,0.445419,178.199165,0.431211,0.421349,174.906632
36.2079,long_2_forward,0.401417,0.445581,178.145140,0.426337,0.421791,174.852606
36.2751,long_2_forward,0.396130,0.445746,178.251276,0.421068,0.422259,174.958743
36.3106,long_2_forward,0.391213,0.445904,178.168092,0.416168,0.422699,174.875558
36.3801,long_2_forward,0.385962,0.446065,178.199513,0.410936,0.423162,174.906980
36.4086,long_2_forward,0.380993,0.446229,178.302934,0.405985,0.423611,175.010401
36.4777,long_2_forward,0.375707,0.446376,178.289527,0.400716,0.424061,174.996993
36.5116,long_2_forward,0.370900,0.446527,178.258326,0.395925,0.424489,174.965793
36.5780,long_2_forward,0.365703,0.446678,178.312720,0.390745,0.424938,175.020187
36.6098,long_2_forward,0.360773,0.446831,178.307432,0.385833,0.425373,175.014899
36.6769,long_2_forward,0.355683,0.446974,178.344440,0.380758,0.425809,175.051907
36.7132,long_2_forward,0.350757,0.447125,178.339671,0.375850,0.426242,175.047138
36.7820,long_2_forward,0.345474,0.447270,178.421257,0.370584,0.426690,175.128724
36.8090,long_2_forward,0.340583,0.447414,178.409098,0.365709,0.427115,175.116565
36.8759,long_2_forward,0.335338,0.447551,178.457497,0.360480,0.427553,175.164964
36.9083,long_2_forward,0.330355,0.447695,178.514381,0.355514,0.427983,175.221848
36.9749,long_2_forward,0.325033,0.447822,178.457794,0.350208,0.428415,175.165261
37.0092,long_2_forward,0.320136,0.447963,178.390831,0.345327,0.428837,175.098297
37.0767,long_2_forward,0.314922,0.448102,178.432472,0.340130,0.429275,175.139939
37.1782,long_2_forward,0.310044,0.448243,178.355316,0.335268,0.429697,175.062783
37.2709,long_2_forward,0.304796,0.448388,178.386710,0.330037,0.430142,175.094177
37.2855,long_2_forward,0.299968,0.448530,178.348575,0.325225,0.430562,175.056042
37.2933,long_2_forward,0.294790,0.448674,178.356476,0.320064,0.431003,175.063943
37.3116,long_2_forward,0.289967,0.448818,178.214146,0.315257,0.431423,174.921613
37.3756,long_2_forward,0.284787,0.448976,178.195937,0.310095,0.431879,174.903403
37.4087,long_2_forward,0.279965,0.449131,178.227857,0.305289,0.432310,174.935324
37.4749,long_2_forward,0.274792,0.449288,178.161552,0.300135,0.432764,174.869019
37.5080,long_2_forward,0.270004,0.449443,178.053668,0.295363,0.433194,174.761135
37.5781,long_2_forward,0.264830,0.449619,178.116357,0.290208,0.433667,174.823823
37.6110,long_2_forward,0.260021,0.449778,178.133209,0.285416,0.434102,174.840676
37.6774,long_2_forward,0.254808,0.449947,178.111629,0.280221,0.434570,174.819096
37.7082,long_2_forward,0.249964,0.450107,178.150501,0.275395,0.435008,174.857968
37.7758,long_2_forward,0.244739,0.450275,178.070375,0.270187,0.435476,174.777842
37.8082,long_2_forward,0.239918,0.450437,178.041884,0.265383,0.435914,174.749351
37.8749,long_2_forward,0.234631,0.450619,178.085009,0.260116,0.436399,174.792476
37.9164,long_2_forward,0.229699,0.450783,178.157077,0.255202,0.436847,174.864544
37.9759,long_2_forward,0.224447,0.450951,178.164310,0.249968,0.437316,174.871777
38.0170,long_2_forward,0.219584,0.451108,178.164107,0.245122,0.437753,174.871574
38.0783,long_2_forward,0.214407,0.451273,178.265562,0.239963,0.438214,174.973029
38.1082,long_2_forward,0.209362,0.451429,178.313155,0.234935,0.438660,175.020621
38.1748,long_2_forward,0.204096,0.451580,178.284312,0.229686,0.439113,174.991779
38.2111,long_2_forward,0.199158,0.451731,178.367734,0.224765,0.439548,175.075201
38.2759,long_2_forward,0.193778,0.451879,178.404568,0.219403,0.440005,175.112035
38.3116,long_2_forward,0.188853,0.452022,178.390345,0.214494,0.440430,175.097812
38.3749,long_2_forward,0.183555,0.452166,178.468389,0.209213,0.440877,175.175856
38.4107,long_2_forward,0.178718,0.452302,178.476953,0.204392,0.441291,175.184419
38.4769,long_2_forward,0.173445,0.452435,178.473476,0.199136,0.441727,175.180943
38.5305,long_2_forward,0.168519,0.452573,178.535842,0.194225,0.442148,175.243309
38.5803,long_2_forward,0.163248,0.452700,178.568846,0.188970,0.442577,175.276313
38.6119,long_2_forward,0.158393,0.452829,178.623504,0.184131,0.442985,175.330971
38.6827,long_2_forward,0.153117,0.452947,178.685231,0.178870,0.443406,175.392698
38.7249,long_2_forward,0.148240,0.453069,178.752423,0.174008,0.443808,175.459890
38.7759,long_2_forward,0.142873,0.453175,178.810826,0.168656,0.444222,175.518293
38.8107,long_2_forward,0.137937,0.453289,178.769249,0.163735,0.444619,175.476716
38.8757,long_2_forward,0.132570,0.453394,178.896627,0.158383,0.445032,175.604094
38.9112,long_2_forward,0.127626,0.453502,178.942107,0.153453,0.445424,175.649574
38.9778,long_2_forward,0.122307,0.453587,178.911623,0.148148,0.445814,175.619089
39.0087,long_2_forward,0.117421,0.453692,178.941864,0.143275,0.446199,175.649331
39.0758,long_2_forward,0.112122,0.453777,178.922140,0.137991,0.446589,175.629607
39.1086,long_2_forward,0.107221,0.453881,178.923002,0.133104,0.446974,175.630469
39.1761,long_2_forward,0.101961,0.453968,178.958662,0.127857,0.447363,175.666129
39.2084,long_2_forward,0.097141,0.454068,178.968300,0.123051,0.447740,175.675767
39.2769,long_2_forward,0.091942,0.454150,178.920335,0.117865,0.448120,175.627801
39.3113,long_2_forward,0.087042,0.454252,178.880096,0.112979,0.448504,175.587562
39.3750,long_2_forward,0.081934,0.454343,178.827666,0.107885,0.448888,175.535133
39.4108,long_2_forward,0.077058,0.454450,178.874651,0.103023,0.449275,175.582118
39.4915,long_2_forward,0.071964,0.454542,178.777853,0.097942,0.449659,175.485320
39.5117,long_2_forward,0.067127,0.454651,178.776886,0.093120,0.450046,175.484353
39.5753,long_2_forward,0.062072,0.454754,178.729472,0.088079,0.450439,175.436939
39.6086,long_2_forward,0.057201,0.454866,178.712180,0.083223,0.450831,175.419647
39.6749,long_2_forward,0.052142,0.454976,178.643198,0.078179,0.451230,175.350665
39.7088,long_2_forward,0.047397,0.455091,178.658683,0.073448,0.451618,175.366150
39.7747,long_2_forward,0.042374,0.455206,178.506785,0.068439,0.452021,175.214252
39.8083,long_2_forward,0.037425,0.455335,178.510036,0.063506,0.452434,175.217503
39.8800,long_2_forward,0.032332,0.455467,178.500543,0.058429,0.452859,175.208010
39.9087,long_2_forward,0.027480,0.455594,178.505574,0.053593,0.453264,175.213041
39.9782,long_2_stop,0.022316,0.455729,178.513638,0.048445,0.453695,175.221104
40.0089,long_2_stop,0.017357,0.455857,178.597137,0.043501,0.454109,175.304604
40.0754,long_2_stop,0.012105,0.455984,178.553632,0.038266,0.454537,175.261099
40.1128,long_2_stop,0.007208,0.456109,178.514982,0.033384,0.454942,175.222449
40.1750,long_2_stop,0.002830,0.456222,178.606596,0.029019,0.455307,175.314063
40.2099,long_2_stop,0.000778,0.456272,178.681516,0.026974,0.455474,175.388983
40.2769,long_2_stop,-0.000424,0.456298,178.703213,0.025775,0.455570,175.410680
40.3084,long_2_stop,-0.000813,0.456306,178.723979,0.025387,0.455600,175.431446
40.3752,long_2_stop,-0.000961,0.456310,178.726763,0.025240,0.455612,175.434230
40.4113,long_2_stop,-0.001052,0.456312,178.744294,0.025149,0.455620,175.451761
40.4756,long_2_stop,-0.001132,0.456314,178.750543,0.025069,0.455626,175.458010
40.5131,long_2_stop,-0.001172,0.456315,178.778798,0.025029,0.455630,175.486265
40.5781,long_2_stop,-0.001212,0.456316,178.788317,0.024990,0.455633,175.495784
40.6123,long_2_stop,-0.001252,0.456317,178.818949,0.024949,0.455636,175.526416
40.6768,long_2_stop,-0.001292,0.456318,178.828480,0.024910,0.455640,175.535947
40.7248,long_2_stop,-0.001280,0.456318,178.841862,0.024922,0.455639,175.549329
40.7792,long_2_stop,-0.001265,0.456318,178.851391,0.024937,0.455638,175.558858
40.8277,long_2_stop,-0.001279,0.456319,178.864752,0.024922,0.455639,175.572219
40.8762,long_2_stop,-0.001292,0.456319,178.855213,0.024910,0.455640,175.562680
40.9106,long_2_stop,-0.001293,0.456319,178.868578,0.024909,0.455641,175.576045
40.9780,long_2_stop,-0.001292,0.456319,178.868578,0.024910,0.455641,175.576045
41.0131,long_2_turn_90,-0.001293,0.456320,178.881910,0.024909,0.455641,175.589377
41.0787,long_2_turn_90,-0.001292,0.456320,178.881910,0.024910,0.455641,175.589377
41.1086,long_2_turn_90,-0.001293,0.456320,178.893792,0.024909,0.455642,175.601259
41.1751,long_2_turn_90,-0.001267,0.456320,178.944177,0.024935,0.455640,175.651644
41.2086,long_2_turn_90,-0.001284,0.456320,179.074168,0.024918,0.455641,175.781635
41.2749,long_2_turn_90,-0.001336,0.456321,179.235477,0.024866,0.455645,175.942944
41.3086,long_2_turn_90,-0.001401,0.456323,179.540862,0.024801,0.455651,176.248329
41.3759,long_2_turn_90,-0.001442,0.456323,179.993493,0.024760,0.455653,176.700959
41.4109,long_2_turn_90,-0.001457,0.456325,-179.592488,0.024745,0.455656,177.114979
41.4805,long_2_turn_90,-0.001484,0.456325,-178.979235,0.024719,0.455657,177.728232
41.5086,long_2_turn_90,-0.001511,0.456326,-178.528181,0.024692,0.455660,178.179286
41.5808,long_2_turn_90,-0.001513,0.456326,-177.886272,0.024689,0.455660,178.821195
41.6091,long_2_turn_90,-0.001546,0.456330,-177.432284,0.024657,0.455666,179.275183
41.6749,long_2_turn_90,-0.001615,0.456327,-176.736600,0.024588,0.455667,179.970867
41.7084,long_2_turn_90,-0.001627,0.456327,-176.297400,0.024576,0.455668,-179.589933
41.7751,long_2_turn_90,-0.001650,0.456330,-175.621342,0.024553,0.455672,-178.913875
41.8183,long_2_turn_90,-0.001713,0.456329,-175.162306,0.024490,0.455674,-178.454839
41.8810,long_2_turn_90,-0.001755,0.456324,-174.466224,0.024448,0.455672,-177.758757
41.9102,long_2_turn_90,-0.001769,0.456327,-174.001843,0.024434,0.455675,-177.294376
41.9750,long_2_turn_90,-0.001795,0.456327,-173.304639,0.024408,0.455677,-176.597172
42.0087,long_2_turn_90,-0.001807,0.456327,-172.850238,0.024396,0.455678,-176.142771
42.0751,long_2_turn_90,-0.001782,0.456330,-172.174464,0.024422,0.455679,-175.466997
42.1101,long_2_turn_90,-0.001735,0.456339,-171.757383,0.024469,0.455686,-175.049916
42.1751,long_2_turn_90,-0.001693,0.456350,-171.110588,0.024511,0.455695,-174.403121
42.2092,long_2_turn_90,-0.001657,0.456357,-170.691154,0.024547,0.455699,-173.983687
42.2751,long_2_turn_90,-0.001616,0.456369,-170.035818,0.024589,0.455709,-173.328351
42.3083,long_2_turn_90,-0.001593,0.456376,-169.599600,0.024612,0.455714,-172.892133
42.3760,long_2_turn_90,-0.001566,0.456384,-168.925738,0.024640,0.455721,-172.218271
42.4092,long_2_turn_90,-0.001557,0.456391,-168.502683,0.024649,0.455727,-171.795216
42.4752,long_2_turn_90,-0.001569,0.456393,-167.820258,0.024638,0.455731,-171.112791
42.5084,long_2_turn_90,-0.001607,0.456390,-167.401038,0.024600,0.455730,-170.693571
42.5840,long_2_turn_90,-0.001658,0.456382,-166.734629,0.024548,0.455724,-170.027162
42.6087,long_2_turn_90,-0.001707,0.456373,-166.274760,0.024499,0.455719,-169.567293
42.6753,long_2_turn_90,-0.001758,0.456363,-165.546723,0.024447,0.455711,-168.839256
42.7120,long_2_turn_90,-0.001793,0.456355,-165.086886,0.024412,0.455705,-168.379419
42.7753,long_2_turn_90,-0.001794,0.456353,-164.380470,0.024410,0.455703,-167.673003
42.8105,long_2_turn_90,-0.001772,0.456362,-163.916906,0.024433,0.455711,-167.209439
42.8793,long_2_turn_90,-0.001770,0.456371,-163.228188,0.024436,0.455720,-166.520721
42.9326,long_2_turn_90,-0.001728,0.456373,-162.789627,0.024477,0.455719,-166.082160
42.9753,long_2_turn_90,-0.001662,0.456405,-162.127506,0.024546,0.455748,-165.420039
43.0136,long_2_turn_90,-0.001640,0.456415,-161.699939,0.024568,0.455756,-164.992472
43.0759,long_2_turn_90,-0.001626,0.456425,-161.027443,0.024582,0.455766,-164.319976
43.1087,long_2_turn_90,-0.001601,0.456431,-160.589863,0.024608,0.455770,-163.882396
43.1760,long_2_turn_90,-0.001586,0.456447,-159.869772,0.024623,0.455785,-163.162305
43.2705,long_2_turn_90,-0.001584,0.456445,-159.420024,0.024626,0.455783,-162.712558
43.2861,long_2_turn_90,-0.001594,0.456452,-158.709167,0.024616,0.455791,-162.001700
43.3089,long_2_turn_90,-0.001627,0.456439,-158.260858,0.024582,0.455780,-161.553391
43.3754,long_2_turn_90,-0.001652,0.456432,-157.567196,0.024557,0.455774,-160.859730
43.4115,long_2_turn_90,-0.001701,0.456420,-157.120879,0.024507,0.455765,-160.413412
43.4778,long_2_turn_90,-0.001752,0.456395,-156.431093,0.024455,0.455743,-159.723627
43.5082,long_2_turn_90,-0.001775,0.456387,-155.977574,0.024432,0.455736,-159.270108
43.5802,long_2_turn_90,-0.001811,0.456376,-155.270698,0.024395,0.455727,-158.563231
43.6114,long_2_turn_90,-0.001804,0.456369,-154.789359,0.024401,0.455719,-158.081892
43.6752,long_2_turn_90,-0.001791,0.456387,-154.070664,0.024416,0.455737,-157.363197
43.7089,long_2_turn_90,-0.001775,0.456387,-153.630909,0.024432,0.455736,-156.923442
43.7761,long_2_turn_90,-0.001739,0.456411,-152.937418,0.024469,0.455758,-156.229951
43.8111,long_2_turn_90,-0.001706,0.456427,-152.505267,0.024503,0.455772,-155.797800
43.8763,long_2_turn_90,-0.001682,0.456449,-151.838424,0.024528,0.455793,-155.130957
43.9086,long_2_turn_90,-0.001644,0.456460,-151.366893,0.024566,0.455801,-154.659426
43.9825,long_2_turn_90,-0.001620,0.456490,-150.691019,0.024592,0.455830,-153.983552
44.0201,long_2_turn_90,-0.001630,0.456483,-150.234805,0.024582,0.455824,-153.527338
44.0750,long_2_turn_90,-0.001641,0.456482,-149.547183,0.024570,0.455823,-152.839716
44.1096,long_2_turn_90,-0.001651,0.456475,-149.091978,0.024561,0.455817,-152.384511
44.1759,long_2_turn_90,-0.001662,0.456473,-148.422279,0.024549,0.455816,-151.714812
44.2083,long_2_turn_90,-0.001709,0.456455,-147.997512,0.024502,0.455800,-151.290045
44.2753,long_2_turn_90,-0.001754,0.456420,-147.329079,0.024454,0.455767,-150.621612
44.3092,long_2_turn_90,-0.001775,0.456408,-146.896022,0.024432,0.455757,-150.188555
44.3753,long_2_turn_90,-0.001809,0.456391,-146.227423,0.024398,0.455742,-149.519956
44.4121,long_2_turn_90,-0.001825,0.456374,-145.772327,0.024380,0.455726,-149.064860
44.4752,long_2_turn_90,-0.001837,0.456372,-145.061424,0.024369,0.455725,-148.353957
44.5083,long_2_turn_90,-0.001820,0.456373,-144.594930,0.024385,0.455724,-147.887463
44.5767,long_2_turn_90,-0.001800,0.456398,-143.920208,0.024408,0.455748,-147.212741
44.6118,long_2_turn_90,-0.001776,0.456408,-143.481106,0.024432,0.455757,-146.773639
44.6761,long_2_turn_90,-0.001755,0.456434,-142.821840,0.024454,0.455782,-146.114373
44.7095,long_2_turn_90,-0.001732,0.456444,-142.337401,0.024478,0.455791,-145.629934
44.7785,long_2_turn_90,-0.001712,0.456471,-141.661511,0.024500,0.455816,-144.954045
44.8188,long_2_turn_90,-0.001700,0.456476,-141.199004,0.024511,0.455821,-144.491537
44.8780,long_2_turn_90,-0.001702,0.456486,-140.523499,0.024511,0.455830,-143.816032
44.9197,long_2_turn_90,-0.001709,0.456477,-140.045707,0.024503,0.455822,-143.338240
44.9840,long_2_turn_90,-0.001741,0.456463,-139.356871,0.024469,0.455810,-142.649404
45.0118,long_2_turn_90,-0.001809,0.456412,-138.900592,0.024399,0.455763,-142.193126
45.0754,long_2_turn_90,-0.001868,0.456351,-138.251368,0.024336,0.455705,-141.543902
45.1099,long_2_turn_90,-0.001893,0.456326,-137.774783,0.024310,0.455682,-141.067317
45.1754,long_2_turn_90,-0.001924,0.456303,-137.114114,0.024278,0.455661,-140.406647
45.2195,long_2_turn_90,-0.001948,0.456278,-136.631251,0.024252,0.455637,-139.923784
45.2764,long_2_turn_90,-0.001957,0.456266,-136.003549,0.024243,0.455625,-139.296082
45.3093,long_2_turn_90,-0.001935,0.456278,-135.485835,0.024265,0.455636,-138.778368
45.3778,long_2_turn_90,-0.001910,0.456310,-134.871725,0.024292,0.455667,-138.164258
45.4125,long_2_turn_90,-0.001904,0.456322,-134.359976,0.024299,0.455678,-137.652509
45.4774,long_2_turn_90,-0.001894,0.456329,-133.745777,0.024310,0.455685,-137.038310
45.5084,long_2_turn_90,-0.001877,0.456347,-133.217338,0.024327,0.455702,-136.509871
45.5768,long_2_turn_90,-0.001860,0.456367,-132.615338,0.024346,0.455721,-135.907871
45.6102,long_2_turn_90,-0.001876,0.456366,-132.100442,0.024330,0.455721,-135.392975
45.6764,long_2_turn_90,-0.001890,0.456341,-131.462214,0.024314,0.455697,-134.754747
45.7085,long_2_turn_90,-0.001901,0.456335,-130.941386,0.024303,0.455691,-134.233919
45.7794,long_2_turn_90,-0.001938,0.456303,-130.326525,0.024264,0.455662,-133.619058
45.8083,long_2_turn_90,-0.001976,0.456253,-129.801577,0.024223,0.455614,-133.094110
45.8763,long_2_turn_90,-0.002010,0.456214,-129.195044,0.024187,0.455577,-132.487577
45.9103,long_2_turn_90,-0.002021,0.456190,-128.689878,0.024175,0.455554,-131.982411
45.9755,long_2_turn_90,-0.002031,0.456184,-128.090975,0.024164,0.455548,-131.383509
46.0094,long_2_turn_90,-0.002057,0.456157,-127.585922,0.024137,0.455523,-130.878455
46.0752,long_2_turn_90,-0.002088,0.456117,-126.995960,0.024103,0.455485,-130.288493
46.1088,long_2_turn_90,-0.002089,0.456100,-126.470917,0.024102,0.455467,-129.763450
46.1747,long_2_turn_90,-0.002064,0.456128,-125.869767,0.024128,0.455495,-129.162300
46.2082,long_2_turn_90,-0.002045,0.456161,-125.373050,0.024149,0.455526,-128.665583
46.2754,long_2_turn_90,-0.002012,0.456198,-124.744125,0.024184,0.455561,-128.036658
46.3086,long_2_turn_90,-0.001989,0.456244,-124.217067,0.024209,0.455606,-127.509600
46.3755,long_2_turn_90,-0.001975,0.456266,-123.616903,0.024225,0.455627,-126.909436
46.4108,long_2_turn_90,-0.001990,0.456263,-123.117133,0.024209,0.455625,-126.409667
46.4760,long_2_turn_90,-0.002009,0.456228,-122.505883,0.024188,0.455591,-125.798417
46.5132,long_2_turn_90,-0.002042,0.456191,-121.998330,0.024154,0.455556,-125.290863
46.5754,long_2_turn_90,-0.002056,0.456149,-121.357984,0.024138,0.455514,-124.650518
46.6083,long_2_turn_90,-0.002065,0.456141,-120.859662,0.024127,0.455507,-124.152196
46.6754,long_2_turn_90,-0.002096,0.456103,-120.233233,0.024094,0.455471,-123.525767
46.7106,long_2_turn_90,-0.002116,0.456055,-119.735313,0.024072,0.455425,-123.027847
46.7762,long_2_turn_90,-0.002120,0.456041,-119.097954,0.024067,0.455411,-122.390487
46.8086,long_2_turn_90,-0.002130,0.456033,-118.594427,0.024057,0.455403,-121.886960
46.8754,long_2_turn_90,-0.002133,0.456019,-117.955179,0.024052,0.455389,-121.247712
46.9088,long_2_turn_90,-0.002134,0.456019,-117.461798,0.024052,0.455389,-120.754332
46.9757,long_2_turn_90,-0.002126,0.456028,-116.848595,0.024061,0.455398,-120.141128
47.0112,long_2_turn_90,-0.002115,0.456050,-116.353703,0.024073,0.455420,-119.646236
47.0753,long_2_turn_90,-0.002095,0.456083,-115.770349,0.024094,0.455451,-119.062882
47.1102,long_2_turn_90,-0.002074,0.456128,-115.299584,0.024118,0.455494,-118.592117
47.1752,long_2_turn_90,-0.002061,0.456166,-114.667294,0.024134,0.455532,-117.959827
47.2084,long_2_turn_90,-0.002050,0.456189,-114.170013,0.024145,0.455554,-117.462546
47.2753,long_2_turn_90,-0.002056,0.456195,-113.532308,0.024140,0.455560,-116.824841
47.3087,long_2_turn_90,-0.002058,0.456182,-113.016438,0.024137,0.455547,-116.308972
47.3765,long_2_turn_90,-0.002066,0.456173,-112.403196,0.024129,0.455539,-115.695729
47.4090,long_2_turn_90,-0.002083,0.456140,-111.905571,0.024109,0.455507,-115.198104
47.4768,long_2_turn_90,-0.002095,0.456101,-111.288204,0.024096,0.455469,-114.580737
47.5409,long_2_turn_90,-0.002112,0.456069,-110.784206,0.024077,0.455438,-114.076739
47.5757,long_2_turn_90,-0.002123,0.456030,-110.162830,0.024064,0.455399,-113.455363
47.6086,long_2_turn_90,-0.002132,0.456006,-109.667896,0.024054,0.455377,-112.960429
47.6762,long_2_turn_90,-0.002119,0.456011,-109.016914,0.024066,0.455380,-112.309447
47.7086,long_2_turn_90,-0.002118,0.456037,-108.520228,0.024069,0.455407,-111.812761
47.7763,long_2_turn_90,-0.002104,0.456057,-107.906886,0.024084,0.455426,-111.199419
47.8292,long_2_turn_90,-0.002089,0.456104,-107.430083,0.024102,0.455472,-110.722616
47.8785,long_2_turn_90,-0.002081,0.456144,-106.811432,0.024112,0.455511,-110.103965
47.9208,long_2_turn_90,-0.002053,0.456199,-106.335453,0.024143,0.455564,-109.627986
47.9821,long_2_turn_90,-0.002038,0.456280,-105.710792,0.024163,0.455644,-109.003325
48.0089,long_2_turn_90,-0.002025,0.456327,-105.230836,0.024179,0.455691,-108.523369
48.0769,long_2_turn_90,-0.002030,0.456347,-104.593388,0.024174,0.455711,-107.885922
48.1085,long_2_turn_90,-0.002024,0.456345,-104.109265,0.024181,0.455708,-107.401798
48.1806,long_2_turn_90,-0.002024,0.456360,-103.446821,0.024181,0.455723,-106.739354
48.2134,long_2_turn_90,-0.002030,0.456349,-102.976298,0.024174,0.455713,-106.268831
48.2752,long_2_turn_90,-0.002042,0.456314,-102.360669,0.024161,0.455678,-105.653202
48.3085,long_2_turn_90,-0.002047,0.456276,-101.875124,0.024154,0.455641,-105.167657
48.4097,long_2_turn_90,-0.002046,0.456261,-101.237835,0.024154,0.455626,-104.530369
48.4172,long_2_turn_90,-0.002046,0.456261,-100.762308,0.024153,0.455626,-104.054841
48.4759,long_2_turn_90,-0.002052,0.456251,-100.121201,0.024147,0.455616,-103.413734
48.5105,long_2_turn_90,-0.002051,0.456238,-99.646134,0.024148,0.455603,-102.938667
48.5777,long_2_turn_90,-0.002046,0.456248,-98.990456,0.024153,0.455613,-102.282989
48.6094,long_2_turn_90,-0.002042,0.456273,-98.541804,0.024159,0.455637,-101.834337
48.6755,long_2_turn_90,-0.002033,0.456309,-97.915546,0.024169,0.455673,-101.208079
48.7094,long_2_turn_90,-0.002026,0.456358,-97.483130,0.024179,0.455722,-100.775663
48.7753,long_2_turn_90,-0.002020,0.456410,-96.835894,0.024188,0.455773,-100.128427
48.8086,long_2_turn_90,-0.002014,0.456459,-96.380015,0.024197,0.455822,-99.672548
48.8783,long_2_turn_90,-0.002009,0.456511,-95.728031,0.024205,0.455873,-99.020564
48.9103,long_2_turn_stop,-0.002004,0.456560,-95.274945,0.024213,0.455922,-98.567478
48.9753,long_2_turn_stop,-0.002009,0.456590,-94.630685,0.024210,0.455952,-97.923218
49.0089,long_2_turn_stop,-0.002009,0.456590,-94.187050,0.024210,0.455952,-97.479583
49.0762,long_2_turn_stop,-0.002009,0.456590,-93.640793,0.024210,0.455952,-96.933326
49.1086,long_2_turn_stop,-0.002009,0.456590,-93.435469,0.024210,0.455952,-96.728002
49.1767,long_2_turn_stop,-0.002013,0.456579,-93.248953,0.024205,0.455942,-96.541486
49.2139,long_2_turn_stop,-0.002015,0.456554,-93.183586,0.024202,0.455917,-96.476119
49.2795,long_2_turn_stop,-0.002016,0.456528,-93.140971,0.024199,0.455891,-96.433504
49.3122,long_2_turn_stop,-0.002009,0.456527,-93.124893,0.024206,0.455890,-96.417426
49.3754,long_2_turn_stop,-0.002015,0.456531,-93.115374,0.024200,0.455894,-96.407907
49.4106,long_2_turn_stop,-0.002013,0.456518,-93.106766,0.024201,0.455881,-96.399299
49.4781,long_2_turn_stop,-0.002013,0.456518,-93.106766,0.024201,0.455881,-96.399299
49.5167,long_2_turn_stop,-0.002013,0.456518,-93.106766,0.024201,0.455881,-96.399299
49.5909,long_2_turn_stop,-0.002013,0.456518,-93.106766,0.024201,0.455881,-96.399299
49.6141,long_2_turn_stop,-0.002013,0.456518,-93.096356,0.024201,0.455881,-96.388889
49.6812,long_2_turn_stop,-0.002013,0.456518,-93.096356,0.024201,0.455881,-96.388889
49.7086,long_2_turn_stop,-0.002013,0.456518,-93.096356,0.024201,0.455881,-96.388889
49.7754,long_2_turn_stop,-0.002013,0.456518,-93.096356,0.024201,0.455881,-96.388889
49.8108,long_2_turn_stop,-0.002013,0.456518,-93.096356,0.024201,0.455881,-96.388889
49.8757,long_2_turn_stop,-0.002013,0.456518,-93.096356,0.024201,0.455881,-96.388889
49.9088,long_2_turn_stop,-0.002013,0.456518,-93.096356,0.024201,0.455881,-96.388889
49.9889,short_2_forward,-0.002013,0.456518,-93.096356,0.024201,0.455881,-96.388889
50.0112,short_2_forward,-0.002014,0.456518,-93.096356,0.024201,0.455881,-96.388889
50.0790,short_2_forward,-0.002014,0.456518,-93.096356,0.024201,0.455881,-96.388889
50.1087,short_2_forward,-0.002116,0.456038,-93.096356,0.024071,0.455408,-96.388889
50.1756,short_2_forward,-0.002260,0.454566,-93.009372,0.023843,0.453946,-96.301905
50.2086,short_2_forward,-0.002612,0.451438,-92.961086,0.023312,0.450844,-96.253619
50.2763,short_2_forward,-0.002726,0.447331,-92.850774,0.022962,0.446749,-96.143307
50.3118,short_2_forward,-0.003107,0.442931,-92.782791,0.022329,0.442379,-96.075325
50.3755,short_2_forward,-0.003203,0.437960,-92.792513,0.021948,0.437422,-96.085046
50.4122,short_2_forward,-0.003573,0.433228,-92.840460,0.021306,0.432719,-96.132993
50.4787,short_2_forward,-0.003692,0.428026,-92.773632,0.020889,0.427532,-96.066165
50.5117,short_2_forward,-0.004041,0.423220,-92.977584,0.020264,0.422754,-96.270117
50.5756,short_2_forward,-0.004183,0.418059,-93.066713,0.019826,0.417610,-96.359246
50.6153,short_2_forward,-0.004562,0.413179,-93.175028,0.019168,0.412759,-96.467561
50.6757,short_2_forward,-0.004710,0.408047,-93.159368,0.018725,0.407645,-96.451901
50.7127,short_2_forward,-0.005110,0.403182,-93.133333,0.018046,0.402810,-96.425866
50.7755,short_2_forward,-0.005274,0.397825,-93.114135,0.017575,0.397471,-96.406668
50.8086,short_2_forward,-0.005634,0.393015,-93.084860,0.016939,0.392691,-96.377393
50.8754,short_2_forward,-0.005821,0.387753,-93.025500,0.016450,0.387447,-96.318034
50.9089,short_2_forward,-0.006163,0.382854,-93.137456,0.015827,0.382576,-96.429989
50.9766,short_2_forward,-0.006365,0.377601,-93.055462,0.015324,0.377343,-96.347995
51.0130,short_2_forward,-0.006700,0.372715,-93.028233,0.014709,0.372486,-96.320767
51.0755,short_2_forward,-0.006879,0.367602,-93.056073,0.014236,0.367391,-96.348606
51.1096,short_2_forward,-0.007242,0.362633,-93.011622,0.013589,0.362451,-96.304155
51.1758,short_2_forward,-0.007410,0.357370,-92.992893,0.013118,0.357206,-96.285426
51.2108,short_2_forward,-0.007766,0.352472,-93.038070,0.012482,0.352336,-96.330603
51.2756,short_2_forward,-0.007963,0.347054,-92.892706,0.011975,0.346939,-96.185239
51.3195,short_2_forward,-0.008273,0.342242,-92.968034,0.011389,0.342153,-96.260567
51.3779,short_2_forward,-0.008481,0.337008,-92.994711,0.010880,0.336939,-96.287244
51.4106,short_2_forward,-0.008799,0.332055,-93.108685,0.010278,0.332013,-96.401218
51.4768,short_2_forward,-0.009013,0.326875,-93.015295,0.009767,0.326853,-96.307828
51.5307,short_2_forward,-0.009350,0.321864,-92.938032,0.009143,0.321871,-96.230565
51.5838,short_2_forward,-0.009540,0.316573,-93.056259,0.008649,0.316599,-96.348792
51.6152,short_2_forward,-0.009863,0.311746,-93.089634,0.008049,0.311799,-96.382167
51.6777,short_2_forward,-0.010076,0.306582,-92.997446,0.007541,0.306655,-96.289979
51.7091,short_2_forward,-0.010401,0.301666,-92.959015,0.006933,0.301766,-96.251548
51.7755,short_2_forward,-0.010601,0.296418,-92.941521,0.006433,0.296538,-96.234054
51.8102,short_2_forward,-0.010915,0.291564,-92.994731,0.005841,0.291710,-96.287264
51.8808,short_2_forward,-0.011125,0.286334,-92.975449,0.005330,0.286501,-96.267982
51.9092,short_2_forward,-0.011435,0.281483,-92.973883,0.004742,0.281675,-96.266416
51.9764,short_2_forward,-0.011651,0.276235,-92.923887,0.004225,0.276448,-96.216421
52.0121,short_2_forward,-0.011959,0.271302,-92.852087,0.003634,0.271541,-96.144620
52.0802,short_2_forward,-0.012160,0.266043,-92.997764,0.003131,0.266303,-96.290297
52.1086,short_2_forward,-0.012461,0.261241,-92.882296,0.002555,0.261526,-96.174830
52.1764,short_2_forward,-0.012675,0.256016,-92.855330,0.002041,0.256322,-96.147863
52.2954,short_2_forward,-0.012963,0.251156,-92.893365,0.001475,0.251486,-96.185898
52.3133,short_2_forward,-0.013172,0.246047,-92.937129,0.000972,0.246397,-96.229662
52.3201,short_2_forward,-0.013468,0.241214,-92.986188,0.000400,0.241590,-96.278721
52.3799,short_2_forward,-0.013692,0.236013,-93.015312,-0.000123,0.236410,-96.307845
52.4087,short_2_forward,-0.013984,0.231252,-93.017878,-0.000688,0.231673,-96.310411
52.4755,short_2_forward,-0.014215,0.226114,-93.161664,-0.001213,0.226558,-96.454197
52.5118,short_2_forward,-0.014517,0.221298,-93.104164,-0.001792,0.221767,-96.396697
52.5759,short_2_forward,-0.014760,0.216131,-93.192349,-0.002331,0.216622,-96.484882
52.6119,short_2_forward,-0.015060,0.211337,-93.274982,-0.002906,0.211854,-96.567515
52.6757,short_2_forward,-0.015332,0.206092,-93.342683,-0.003479,0.206633,-96.635216
52.7090,short_2_forward,-0.015646,0.201154,-93.429384,-0.004076,0.201721,-96.721917
52.7757,short_2_forward,-0.015927,0.196012,-93.412922,-0.004651,0.196603,-96.705455
52.8097,short_2_forward,-0.016245,0.191152,-93.274976,-0.005248,0.191770,-96.567509
52.8756,short_2_forward,-0.016512,0.185936,-93.438793,-0.005814,0.186578,-96.731326
52.9200,short_2_forward,-0.016831,0.181063,-93.426989,-0.006413,0.181731,-96.719522
52.9755,short_2_forward,-0.017125,0.175741,-93.320283,-0.007012,0.176435,-96.612816
53.0145,short_2_forward,-0.017432,0.170861,-93.232137,-0.007599,0.171580,-96.524671
53.0765,short_2_forward,-0.017706,0.165586,-93.272171,-0.008175,0.166330,-96.564705
53.1129,short_2_forward,-0.018006,0.160710,-93.248915,-0.008754,0.161479,-96.541448
53.1757,short_2_forward,-0.018284,0.155441,-93.270149,-0.009335,0.156235,-96.562682
53.2087,short_2_forward,-0.018592,0.150431,-93.225295,-0.009930,0.151251,-96.517829
53.2756,short_2_forward,-0.018862,0.145196,-93.305436,-0.010500,0.146040,-96.597969
53.3103,short_2_forward,-0.019173,0.140217,-93.241378,-0.011097,0.141087,-96.533911
53.3755,short_2_forward,-0.019448,0.134907,-93.272299,-0.011676,0.135801,-96.564832
53.4089,short_2_forward,-0.019751,0.130014,-93.200518,-0.012259,0.130935,-96.493051
53.4768,short_2_forward,-0.020048,0.124256,-93.151105,-0.012887,0.125203,-96.443638
53.5126,short_2_forward,-0.020332,0.119567,-93.136701,-0.013440,0.120538,-96.429234
53.5757,short_2_forward,-0.020608,0.114106,-93.269385,-0.014029,0.115101,-96.561918
53.6133,short_2_forward,-0.020906,0.109187,-93.242171,-0.014609,0.110208,-96.534704
53.6758,short_2_forward,-0.021190,0.103864,-93.351390,-0.015199,0.104910,-96.643923
53.7095,short_2_forward,-0.021493,0.098941,-93.367938,-0.015783,0.100012,-96.660471
53.7767,short_2_forward,-0.021786,0.093716,-93.406626,-0.016376,0.094813,-96.699160
53.8135,short_2_forward,-0.022089,0.088848,-93.398894,-0.016958,0.089970,-96.691427
53.8786,short_2_forward,-0.022388,0.083590,-93.372068,-0.017559,0.084739,-96.664601
53.9095,short_2_forward,-0.022692,0.078658,-93.398147,-0.018145,0.079832,-96.690680
53.9774,short_2_forward,-0.022996,0.073337,-93.369429,-0.018754,0.074538,-96.661962
54.0117,short_2_stop,-0.023292,0.068487,-93.351865,-0.019329,0.069712,-96.644398
54.0759,short_2_stop,-0.023585,0.063291,-93.289840,-0.019920,0.064542,-96.582373
54.1089,short_2_stop,-0.023877,0.058436,-93.145427,-0.020490,0.059711,-96.437960
54.1786,short_2_stop,-0.024137,0.053389,-93.194093,-0.021039,0.054687,-96.486626
54.2086,short_2_stop,-0.024324,0.050040,-93.165058,-0.021418,0.051355,-96.457591
54.2771,short_2_stop,-0.024435,0.047765,-93.101845,-0.021660,0.049090,-96.394379
54.3087,short_2_stop,-0.024477,0.046998,-93.095271,-0.021745,0.048327,-96.387804
54.3796,short_2_stop,-0.024499,0.046531,-93.076051,-0.021794,0.047862,-96.368584
54.4090,short_2_stop,-0.024504,0.046433,-93.035339,-0.021806,0.047764,-96.327872
54.4838,short_2_stop,-0.024508,0.046381,-93.006049,-0.021812,0.047713,-96.298582
54.5320,short_2_stop,-0.024511,0.046342,-92.988810,-0.021817,0.047673,-96.281343
54.5789,short_2_stop,-0.024513,0.046303,-92.969703,-0.021822,0.047635,-96.262236
54.6090,short_2_stop,-0.024515,0.046277,-92.960927,-0.021825,0.047610,-96.253460
54.6758,short_2_stop,-0.024516,0.046266,-92.951382,-0.021827,0.047598,-96.243915
54.7090,short_2_stop,-0.024517,0.046264,-92.951382,-0.021828,0.047596,-96.243915
54.7756,short_2_stop,-0.024518,0.046266,-92.951382,-0.021828,0.047598,-96.243915
54.8087,short_2_stop,-0.024518,0.046265,-92.951382,-0.021829,0.047597,-96.243915
54.8767,short_2_stop,-0.024519,0.046266,-92.951382,-0.021830,0.047599,-96.243915
54.9104,short_2_stop,-0.024519,0.046265,-92.951382,-0.021830,0.047597,-96.243915
54.9783,short_2_stop,-0.024520,0.046259,-92.951382,-0.021831,0.047592,-96.243915
55.0088,short_2_turn_90,-0.024522,0.046232,-92.952290,-0.021835,0.047564,-96.244823
55.0757,short_2_turn_90,-0.024523,0.046220,-92.940804,-0.021836,0.047552,-96.233338
55.1089,short_2_turn_90,-0.024524,0.046215,-92.940804,-0.021837,0.047548,-96.233338
55.1830,short_2_turn_90,-0.024525,0.046205,-92.918671,-0.021839,0.047538,-96.211204
55.2106,short_2_turn_90,-0.024526,0.046179,-92.826502,-0.021842,0.047512,-96.119035
55.2759,short_2_turn_90,-0.024531,0.046111,-92.602178,-0.021850,0.047444,-95.894711
55.3088,short_2_turn_90,-0.024535,0.046021,-92.378799,-0.021860,0.047354,-95.671332
55.3756,short_2_turn_90,-0.024538,0.045952,-91.872247,-0.021867,0.047286,-95.164780
55.4093,short_2_turn_90,-0.024539,0.045928,-91.486869,-0.021869,0.047262,-94.779402
55.4815,short_2_turn_90,-0.024541,0.045921,-90.831172,-0.021871,0.047255,-94.123706
55.5090,short_2_turn_90,-0.024542,0.045909,-90.456335,-0.021873,0.047243,-93.748868
55.5756,short_2_turn_90,-0.024543,0.045922,-89.787269,-0.021873,0.047257,-93.079802
55.6093,short_2_turn_90,-0.024545,0.045932,-89.342193,-0.021875,0.047267,-92.634726
55.6759,short_2_turn_90,-0.024546,0.045945,-88.790017,-0.021876,0.047280,-92.082550
55.7108,short_2_turn_90,-0.024549,0.045970,-88.203645,-0.021877,0.047304,-91.496178
55.7771,short_2_turn_90,-0.024552,0.045997,-87.654429,-0.021878,0.047332,-90.946962
55.8131,short_2_turn_90,-0.024555,0.046033,-87.081116,-0.021879,0.047368,-90.373649
55.8762,short_2_turn_90,-0.024561,0.046065,-86.391785,-0.021884,0.047400,-89.684318
55.9089,short_2_turn_90,-0.024563,0.046090,-85.917619,-0.021884,0.047425,-89.210152
55.9779,short_2_turn_90,-0.024571,0.046106,-85.279487,-0.021891,0.047441,-88.572020
56.0092,short_2_turn_90,-0.024571,0.046106,-84.809098,-0.021891,0.047442,-88.101631
56.0757,short_2_turn_90,-0.024576,0.046120,-84.307353,-0.021895,0.047456,-87.599886
56.1089,short_2_turn_90,-0.024578,0.046145,-83.746405,-0.021896,0.047481,-87.038938
56.1757,short_2_turn_90,-0.024588,0.046147,-83.243494,-0.021906,0.047484,-86.536027
56.2089,short_2_turn_90,-0.024585,0.046123,-82.715070,-0.021904,0.047459,-86.007603
56.2763,short_2_turn_90,-0.024588,0.046124,-82.228685,-0.021907,0.047460,-85.521218
56.3090,short_2_turn_90,-0.024590,0.046123,-81.691765,-0.021909,0.047460,-84.984298
56.3870,short_2_turn_90,-0.024593,0.046135,-81.190625,-0.021912,0.047472,-84.483158
56.4114,short_2_turn_90,-0.024600,0.046134,-80.619852,-0.021918,0.047471,-83.912385
56.4757,short_2_turn_90,-0.024599,0.046146,-80.102571,-0.021916,0.047483,-83.395104
56.5119,short_2_turn_90,-0.024609,0.046168,-79.532964,-0.021926,0.047506,-82.825497
56.5759,short_2_turn_90,-0.024612,0.046168,-78.995265,-0.021929,0.047506,-82.287798
56.6091,short_2_turn_90,-0.024615,0.046168,-78.403418,-0.021931,0.047506,-81.695951
56.6792,short_2_turn_90,-0.024617,0.046143,-77.872090,-0.021935,0.047481,-81.164623
56.7087,short_2_turn_90,-0.024611,0.046146,-77.283702,-0.021929,0.047483,-80.576235
56.7774,short_2_turn_90,-0.024625,0.046171,-76.783370,-0.021941,0.047510,-80.075903
56.8092,short_2_turn_90,-0.024628,0.046184,-76.169585,-0.021943,0.047522,-79.462118
56.8759,short_2_turn_90,-0.024636,0.046184,-75.671514,-0.021951,0.047523,-78.964047
56.9090,short_2_turn_90,-0.024634,0.046185,-75.113074,-0.021949,0.047524,-78.405607
56.9756,short_2_turn_90,-0.024643,0.046210,-74.641958,-0.021957,0.047550,-77.934491
57.0091,short_2_turn_90,-0.024651,0.046221,-74.085313,-0.021964,0.047561,-77.377846
57.0758,short_2_turn_90,-0.024654,0.046221,-73.640596,-0.021967,0.047561,-76.933130
57.1091,short_2_turn_90,-0.024657,0.046233,-73.103126,-0.021970,0.047573,-76.395659
57.1758,short_2_turn_90,-0.024666,0.046245,-72.629115,-0.021978,0.047586,-75.921649
57.2091,short_2_turn_90,-0.024670,0.046257,-72.060076,-0.021981,0.047598,-75.352609
57.2761,short_2_turn_90,-0.024680,0.046282,-71.574991,-0.021990,0.047623,-74.867524
57.3110,short_2_turn_90,-0.024689,0.046292,-70.968699,-0.021998,0.047634,-74.261232
57.3760,short_2_turn_90,-0.024691,0.046292,-70.478751,-0.022000,0.047634,-73.771284
57.4097,short_2_turn_90,-0.024693,0.046291,-69.870241,-0.022002,0.047633,-73.162774
57.4855,short_2_turn_90,-0.024695,0.046291,-69.365704,-0.022004,0.047633,-72.658237
57.5215,short_2_turn_90,-0.024699,0.046303,-68.763807,-0.022007,0.047646,-72.056340
57.5924,short_2_turn_90,-0.024709,0.046315,-68.273251,-0.022016,0.047658,-71.565784
57.6215,short_2_turn_90,-0.024711,0.046314,-67.662793,-0.022018,0.047658,-70.955326
57.6759,short_2_turn_90,-0.024713,0.046314,-67.182113,-0.022020,0.047657,-70.474646
57.7126,short_2_turn_90,-0.024710,0.046288,-66.565799,-0.022019,0.047631,-69.858332
57.7762,short_2_turn_90,-0.024693,0.046252,-66.081755,-0.022004,0.047595,-69.374288
57.8112,short_2_turn_90,-0.024687,0.046242,-65.498785,-0.021999,0.047584,-68.791318
57.8765,short_2_turn_90,-0.024686,0.046229,-65.027018,-0.021999,0.047571,-68.319551
57.9195,short_2_turn_90,-0.024683,0.046232,-64.465240,-0.021995,0.047573,-67.757773
57.9764,short_2_turn_90,-0.024698,0.046267,-64.025605,-0.022009,0.047609,-67.318139
58.0130,short_2_turn_90,-0.024716,0.046286,-63.435611,-0.022025,0.047629,-66.728144
58.0791,short_2_turn_90,-0.024723,0.046309,-62.976467,-0.022031,0.047653,-66.269000
58.1089,short_2_turn_90,-0.024741,0.046328,-62.370402,-0.022048,0.047673,-65.662935
58.1757,short_2_turn_90,-0.024745,0.046339,-61.881623,-0.022051,0.047684,-65.174157
58.2089,short_2_turn_90,-0.024752,0.046336,-61.240149,-0.022058,0.047681,-64.532682
58.3084,short_2_turn_90,-0.024753,0.046359,-60.748108,-0.022058,0.047705,-64.040641
58.3160,short_2_turn_90,-0.024777,0.046374,-60.141747,-0.022081,0.047721,-63.434280
58.3766,short_2_turn_90,-0.024771,0.046375,-59.638865,-0.022076,0.047721,-62.931398
58.4090,short_2_turn_90,-0.024771,0.046347,-59.003520,-0.022077,0.047693,-62.296053
58.4765,short_2_turn_90,-0.024738,0.046303,-58.492467,-0.022046,0.047648,-61.785000
58.5090,short_2_turn_90,-0.024726,0.046281,-57.870025,-0.022036,0.047625,-61.162558
58.5829,short_2_turn_90,-0.024714,0.046259,-57.384337,-0.022024,0.047602,-60.676870
58.6121,short_2_turn_90,-0.024705,0.046250,-56.784046,-0.022017,0.047593,-60.076579
58.6766,short_2_turn_90,-0.024703,0.046238,-56.324854,-0.022015,0.047581,-59.617387
58.7097,short_2_turn_90,-0.024694,0.046229,-55.743508,-0.022007,0.047571,-59.036041
58.7840,short_2_turn_90,-0.024699,0.046240,-55.300720,-0.022011,0.047583,-58.593254
58.8180,short_2_turn_90,-0.024701,0.046224,-54.692618,-0.022014,0.047567,-57.985151
58.8763,short_2_turn_90,-0.024689,0.046228,-54.186703,-0.022002,0.047570,-57.479236
58.9115,short_2_turn_90,-0.024706,0.046233,-53.543791,-0.022019,0.047577,-56.836324
58.9759,short_2_turn_90,-0.024705,0.046246,-52.993374,-0.022017,0.047589,-56.285907
59.0146,short_2_turn_90,-0.024726,0.046262,-52.388707,-0.022037,0.047606,-55.681240
59.0765,short_2_turn_90,-0.024736,0.046283,-51.855272,-0.022045,0.047628,-55.147806
59.1212,short_2_turn_90,-0.024752,0.046287,-51.216988,-0.022061,0.047632,-54.509521
59.1761,short_2_turn_90,-0.024746,0.046288,-50.668672,-0.022055,0.047634,-53.961205
59.2140,short_2_turn_90,-0.024747,0.046272,-50.069572,-0.022057,0.047617,-53.362105
59.2763,short_2_turn_90,-0.024729,0.046265,-49.502571,-0.022039,0.047609,-52.795104
59.3098,short_2_turn_90,-0.024740,0.046272,-48.881753,-0.022050,0.047617,-52.174286
59.3758,short_2_turn_90,-0.024746,0.046282,-48.359856,-0.022055,0.047628,-51.652389
59.4088,short_2_turn_90,-0.024746,0.046266,-47.736987,-0.022057,0.047612,-51.029520
59.4758,short_2_turn_90,-0.024722,0.046249,-47.236903,-0.022033,0.047593,-50.529436
59.5115,short_2_turn_90,-0.024723,0.046249,-46.656932,-0.022034,0.047593,-49.949465
59.5834,short_2_turn_90,-0.024718,0.046238,-46.172559,-0.022030,0.047581,-49.465092
59.6129,short_2_turn_90,-0.024712,0.046241,-45.605248,-0.022024,0.047585,-48.897781
59.6752,short_2_turn_90,-0.024737,0.046270,-45.077045,-0.022047,0.047615,-48.369578
59.7093,short_2_turn_90,-0.024754,0.046271,-44.515923,-0.022064,0.047617,-47.808456
59.7759,short_2_turn_90,-0.024741,0.046263,-43.940560,-0.022052,0.047608,-47.233093
59.8088,short_2_turn_90,-0.024742,0.046263,-43.348993,-0.022052,0.047608,-46.641526
59.8770,short_2_turn_90,-0.024742,0.046262,-42.780308,-0.022053,0.047608,-46.072841
59.9094,short_2_turn_90,-0.024749,0.046273,-42.150808,-0.022059,0.047618,-45.443341
59.9776,short_2_turn_90,-0.024769,0.046290,-41.586280,-0.022078,0.047637,-44.878813
60.0185,short_2_turn_90,-0.024775,0.046285,-40.981273,-0.022084,0.047632,-44.273806
60.0758,short_2_turn_90,-0.024769,0.046288,-40.417385,-0.022078,0.047635,-43.709918
60.1107,short_2_turn_90,-0.024781,0.046294,-39.797807,-0.022090,0.047641,-43.090340
60.1767,short_2_turn_90,-0.024775,0.046283,-39.243458,-0.022084,0.047630,-42.535991
60.2090,short_2_turn_90,-0.024756,0.046267,-38.618949,-0.022066,0.047613,-41.911482
60.2778,short_2_turn_90,-0.024736,0.046251,-38.081433,-0.022048,0.047596,-41.373966
60.3108,short_2_turn_90,-0.024731,0.046255,-37.536048,-0.022042,0.047600,-40.828581
60.3771,short_2_turn_90,-0.024752,0.046271,-37.023203,-0.022062,0.047616,-40.315736
60.4092,short_2_turn_90,-0.024765,0.046276,-36.448079,-0.022075,0.047622,-39.740612
60.4759,short_2_turn_90,-0.024751,0.046256,-35.916688,-0.022062,0.047602,-39.209221
60.5090,short_2_turn_90,-0.024727,0.046247,-35.326658,-0.022039,0.047591,-38.619191
60.5784,short_2_turn_90,-0.024713,0.046228,-34.759270,-0.022025,0.047572,-38.051803
60.6092,short_2_turn_90,-0.024704,0.046239,-34.161274,-0.022016,0.047582,-37.453807
60.6872,short_2_turn_90,-0.024740,0.046258,-33.596059,-0.022051,0.047603,-36.888593
60.7114,short_2_turn_90,-0.024746,0.046253,-33.110897,-0.022057,0.047598,-36.403430
60.7774,short_2_turn_90,-0.024732,0.046248,-32.403767,-0.022043,0.047592,-35.696300
60.8092,short_2_turn_90,-0.024748,0.046267,-31.934998,-0.022059,0.047612,-35.227531
60.8793,short_2_turn_90,-0.024770,0.046267,-31.206594,-0.022080,0.047614,-34.499127
60.9168,short_2_turn_90,-0.024749,0.046254,-30.726735,-0.022060,0.047599,-34.019268
60.9758,short_2_turn_90,-0.024735,0.046249,-30.019454,-0.022046,0.047594,-33.311987
61.0121,short_2_turn_90,-0.024726,0.046240,-29.564812,-0.022038,0.047584,-32.857346
61.0771,short_2_turn_90,-0.024712,0.046236,-28.897355,-0.022024,0.047579,-32.189888
61.1110,short_2_turn_90,-0.024712,0.046235,-28.461764,-0.022024,0.047579,-31.754297
61.1762,short_2_turn_90,-0.024712,0.046235,-27.837817,-0.022024,0.047579,-31.130351
61.2108,short_2_turn_90,-0.024739,0.046262,-27.386454,-0.022050,0.047607,-30.678987
61.2761,short_2_turn_90,-0.024759,0.046247,-26.733696,-0.022070,0.047593,-30.026229
61.3095,short_2_turn_90,-0.024739,0.046257,-26.278604,-0.022050,0.047602,-29.571137
61.3765,short_2_turn_90,-0.024752,0.046247,-25.583512,-0.022064,0.047593,-28.876045
61.4117,short_2_turn_90,-0.024736,0.046251,-25.082155,-0.022047,0.047596,-28.374688
61.4758,short_2_turn_90,-0.024734,0.046238,-24.384592,-0.022046,0.047583,-27.677125
61.5136,short_2_turn_90,-0.024727,0.046251,-23.923113,-0.022038,0.047595,-27.215646
61.5759,short_2_turn_90,-0.024738,0.046240,-23.229705,-0.022050,0.047585,-26.522238
61.6116,short_2_turn_90,-0.024711,0.046236,-22.717391,-0.022024,0.047579,-26.009924
61.6767,short_2_turn_90,-0.024702,0.046228,-22.018950,-0.022015,0.047571,-25.311483
61.7110,short_2_turn_90,-0.024699,0.046235,-21.543122,-0.022012,0.047577,-24.835655
61.7782,short_2_turn_90,-0.024697,0.046222,-20.856956,-0.022010,0.047564,-24.149489
61.8092,short_2_turn_90,-0.024661,0.046212,-20.374618,-0.021975,0.047552,-23.667151
61.8759,short_2_turn_90,-0.024627,0.046196,-19.729819,-0.021942,0.047534,-23.022352
61.9093,short_2_turn_90,-0.024621,0.046209,-19.308430,-0.021935,0.047547,-22.600963
61.9791,short_2_turn_90,-0.024633,0.046198,-18.729670,-0.021948,0.047537,-22.022203
62.0190,short_2_turn_90,-0.024628,0.046211,-18.294944,-0.021942,0.047549,-21.587477
62.0823,short_2_turn_90,-0.024638,0.046199,-17.704463,-0.021953,0.047538,-20.996996
62.1110,short_2_turn_90,-0.024621,0.046205,-17.234537,-0.021936,0.047543,-20.527070
62.1826,short_2_turn_90,-0.024646,0.046212,-16.630322,-0.021960,0.047552,-19.922855
62.2096,short_2_turn_90,-0.024670,0.046219,-16.108897,-0.021983,0.047560,-19.401430
62.2759,short_2_turn_90,-0.024676,0.046213,-15.478687,-0.021989,0.047554,-18.771220
62.3128,short_2_turn_90,-0.024663,0.046213,-14.992185,-0.021976,0.047554,-18.284719
62.3775,short_2_turn_90,-0.024643,0.046200,-14.369512,-0.021957,0.047540,-17.662045
62.4093,short_2_turn_90,-0.024636,0.046213,-13.851493,-0.021950,0.047552,-17.144026
62.4922,short_2_turn_90,-0.024646,0.046201,-13.242438,-0.021960,0.047540,-16.534972
62.5121,short_2_turn_90,-0.024618,0.046201,-12.714540,-0.021933,0.047540,-16.007073
62.5899,short_2_turn_90,-0.024598,0.046190,-12.058151,-0.021913,0.047527,-15.350684
62.6122,short_2_turn_90,-0.024594,0.046204,-11.571600,-0.021909,0.047540,-14.864134
62.6769,short_2_turn_90,-0.024615,0.046196,-10.938689,-0.021930,0.047534,-14.231222
62.7099,short_2_turn_90,-0.024614,0.046203,-10.473263,-0.021928,0.047541,-13.765796
62.7792,short_2_turn_90,-0.024619,0.046197,-9.851003,-0.021933,0.047535,-13.143536
62.8100,short_2_turn_90,-0.024606,0.046198,-9.388108,-0.021921,0.047536,-12.680641
62.8759,short_2_turn_90,-0.024585,0.046188,-8.766583,-0.021900,0.047524,-12.059116
62.9088,short_2_turn_stop,-0.024560,0.046191,-8.254115,-0.021875,0.047526,-11.546648
62.9783,short_2_turn_stop,-0.024549,0.046186,-7.635599,-0.021864,0.047520,-10.928132
63.0185,short_2_turn_stop,-0.024558,0.046198,-7.109252,-0.021873,0.047532,-10.401786
63.0772,short_2_turn_stop,-0.024566,0.046184,-6.531202,-0.021881,0.047519,-9.823735
63.1100,short_2_turn_stop,-0.024550,0.046193,-6.164863,-0.021865,0.047527,-9.457396
63.1759,short_2_turn_stop,-0.024565,0.046191,-5.892181,-0.021880,0.047526,-9.184714
63.2090,short_2_turn_stop,-0.024576,0.046195,-5.778692,-0.021891,0.047531,-9.071226
63.2760,short_2_turn_stop,-0.024591,0.046193,-5.714661,-0.021906,0.047530,-9.007194
63.3092,short_2_turn_stop,-0.024603,0.046198,-5.691193,-0.021917,0.047535,-8.983726
63.3818,short_2_turn_stop,-0.024617,0.046196,-5.674057,-0.021932,0.047534,-8.966590
63.4094,short_2_turn_stop,-0.024606,0.046191,-5.674056,-0.021921,0.047529,-8.966590
63.4799,short_2_turn_stop,-0.024602,0.046197,-5.664538,-0.021917,0.047534,-8.957071
63.5131,short_2_turn_stop,-0.024602,0.046191,-5.672950,-0.021917,0.047528,-8.965483
63.5759,short_2_turn_stop,-0.024587,0.046193,-5.663166,-0.021902,0.047529,-8.955699
63.6091,short_2_turn_stop,-0.024587,0.046192,-5.663166,-0.021902,0.047529,-8.955699
63.6877,short_2_turn_stop,-0.024587,0.046192,-5.656962,-0.021902,0.047529,-8.949495
63.7117,short_2_turn_stop,-0.024575,0.046189,-5.649482,-0.021891,0.047524,-8.942015
63.7766,short_2_turn_stop,-0.024572,0.046193,-5.639888,-0.021887,0.047529,-8.932421
63.8119,short_2_turn_stop,-0.024572,0.046188,-5.648302,-0.021887,0.047524,-8.940835
63.8758,short_2_turn_stop,-0.024557,0.046189,-5.638757,-0.021873,0.047524,-8.931290
