elapsed_sec,phase,odom_x_m,odom_y_m,odom_yaw_deg,relative_x_m,relative_y_m,relative_yaw_deg
0.0272,long_1_forward,-0.024393,0.046232,8.623308,0.000000,0.000000,0.000000
0.0606,long_1_forward,-0.024393,0.046232,8.623308,0.000000,0.000000,-0.000000
0.1271,long_1_forward,-0.024380,0.046234,8.617013,0.000012,-0.000000,-0.006295
0.1633,long_1_forward,-0.023981,0.046294,8.507507,0.000416,-0.000000,-0.115801
0.2288,long_1_forward,-0.021893,0.046608,8.325181,0.002528,-0.000003,-0.298127
0.2603,long_1_forward,-0.018711,0.047073,8.325181,0.005744,-0.000020,-0.298127
0.3272,long_1_forward,-0.014439,0.047702,8.386147,0.010062,-0.000039,-0.237161
0.3661,long_1_forward,-0.010058,0.048346,8.350023,0.014490,-0.000059,-0.273284
0.4328,long_1_forward,-0.005018,0.049089,8.410083,0.019584,-0.000080,-0.213225
0.4624,long_1_forward,-0.000322,0.049781,8.462784,0.024331,-0.000101,-0.160524
0.5310,long_1_forward,0.004799,0.050544,8.450822,0.029509,-0.000114,-0.172486
0.5604,long_1_forward,0.009637,0.051261,8.463010,0.034398,-0.000130,-0.160298
0.6279,long_1_forward,0.014683,0.052013,8.517606,0.039501,-0.000143,-0.105702
0.6612,long_1_forward,0.019411,0.052721,8.483730,0.044281,-0.000152,-0.139578
0.7275,long_1_forward,0.024524,0.053484,8.531630,0.049451,-0.000164,-0.091678
0.7621,long_1_forward,0.029234,0.054191,8.557001,0.054214,-0.000172,-0.066307
0.8288,long_1_forward,0.034266,0.054947,8.479708,0.059302,-0.000178,-0.143600
0.8605,long_1_forward,0.038967,0.055648,8.478610,0.064056,-0.000191,-0.144698
0.9272,long_1_forward,0.043964,0.056393,8.500927,0.069108,-0.000203,-0.122381
0.9602,long_1_forward,0.048610,0.057087,8.475539,0.073805,-0.000214,-0.147769
1.0272,long_1_forward,0.053630,0.057836,8.485002,0.078881,-0.000226,-0.138306
1.0603,long_1_forward,0.058309,0.058533,8.450397,0.083611,-0.000238,-0.172911
1.1314,long_1_forward,0.063257,0.059269,8.518738,0.088613,-0.000252,-0.104570
1.1637,long_1_forward,0.067849,0.059957,8.421013,0.093257,-0.000261,-0.202295
1.2277,long_1_forward,0.072847,0.060698,8.398674,0.098310,-0.000277,-0.224633
1.2605,long_1_forward,0.077522,0.061387,8.415176,0.103035,-0.000297,-0.208132
1.3291,long_1_forward,0.082488,0.062123,8.444387,0.108055,-0.000314,-0.178921
1.3641,long_1_forward,0.087082,0.062804,8.409966,0.112699,-0.000330,-0.213342
1.4275,long_1_forward,0.092030,0.063537,8.407064,0.117701,-0.000347,-0.216244
1.4604,long_1_forward,0.096644,0.064217,8.328183,0.122365,-0.000366,-0.295125
1.5276,long_1_forward,0.101623,0.064948,8.356567,0.127397,-0.000390,-0.266740
1.5604,long_1_forward,0.106276,0.065630,8.378696,0.132100,-0.000414,-0.244612
1.6308,long_1_forward,0.111328,0.066375,8.275655,0.137207,-0.000434,-0.347653
1.6602,long_1_forward,0.116029,0.067056,8.213934,0.141956,-0.000466,-0.409373
1.7272,long_1_forward,0.121157,0.067800,8.267191,0.147138,-0.000499,-0.356117
1.7628,long_1_forward,0.125840,0.068477,8.325702,0.151870,-0.000532,-0.297606
1.8273,long_1_forward,0.130901,0.069220,8.302260,0.156985,-0.000556,-0.321048
1.8603,long_1_forward,0.135712,0.069920,8.298646,0.161846,-0.000586,-0.324662
1.9305,long_1_forward,0.140828,0.070668,8.418552,0.167017,-0.000613,-0.204756
1.9606,long_1_forward,0.145650,0.071381,8.393206,0.171891,-0.000631,-0.230102
2.0274,long_1_forward,0.150767,0.072137,8.437193,0.177063,-0.000651,-0.186115
2.0602,long_1_forward,0.155421,0.072827,8.462427,0.181769,-0.000666,-0.160881
2.1272,long_1_forward,0.160505,0.073583,8.540072,0.186908,-0.000681,-0.083236
2.1614,long_1_forward,0.165238,0.074295,8.581836,0.191695,-0.000687,-0.041472
2.2273,long_1_forward,0.170394,0.075072,8.657694,0.196909,-0.000692,0.034386
2.2621,long_1_forward,0.175045,0.075783,8.761743,0.201613,-0.000686,0.138435
2.3291,long_1_forward,0.179285,0.076436,8.800159,0.205903,-0.000677,0.176851
2.3661,long_1_forward,0.184381,0.077219,8.685111,0.211059,-0.000666,0.061803
2.4271,long_1_forward,0.189653,0.078029,8.698097,0.216394,-0.000656,0.074790
2.4608,long_1_forward,0.194595,0.078780,8.784423,0.221392,-0.000654,0.161115
2.5273,long_1_forward,0.199885,0.079604,8.774603,0.226746,-0.000633,0.151295
2.5634,long_1_forward,0.204693,0.080341,8.832015,0.231610,-0.000625,0.208707
2.6274,long_1_forward,0.210066,0.081182,8.759842,0.237049,-0.000599,0.136534
2.6620,long_1_forward,0.214902,0.081923,8.734783,0.241941,-0.000591,0.111475
2.7295,long_1_forward,0.220002,0.082711,8.804928,0.247102,-0.000578,0.181620
2.7613,long_1_forward,0.224829,0.083453,8.787631,0.251985,-0.000567,0.164323
2.8274,long_1_forward,0.230039,0.084263,8.756251,0.257257,-0.000547,0.132943
2.8645,long_1_forward,0.234902,0.085008,8.765282,0.262178,-0.000540,0.141975
2.9273,long_1_forward,0.240133,0.085819,8.735559,0.267471,-0.000523,0.112251
2.9606,long_1_forward,0.244962,0.086558,8.767396,0.272356,-0.000517,0.144089
3.0276,long_1_forward,0.250126,0.087358,8.734420,0.277582,-0.000499,0.111112
3.0604,long_1_forward,0.254897,0.088088,8.709931,0.282408,-0.000493,0.086623
3.1273,long_1_forward,0.260125,0.088892,8.668732,0.287697,-0.000482,0.045424
3.1604,long_1_forward,0.264898,0.089618,8.618711,0.292525,-0.000480,-0.004597
3.2276,long_1_forward,0.269947,0.090384,8.659387,0.297632,-0.000480,0.036079
3.2614,long_1_forward,0.274774,0.091117,8.668112,0.302515,-0.000478,0.044804
3.3273,long_1_forward,0.279831,0.091890,8.648413,0.307631,-0.000473,0.025105
3.3599,long_1_forward,0.284523,0.092603,8.733936,0.312376,-0.000472,0.110629
3.4276,long_1_forward,0.289606,0.093386,8.641831,0.317519,-0.000459,0.018523
3.4605,long_1_forward,0.294331,0.094103,8.608480,0.322298,-0.000458,-0.014827
3.5301,long_1_forward,0.299446,0.094878,8.619591,0.327472,-0.000460,-0.003716
3.5612,long_1_forward,0.304174,0.095594,8.636902,0.332254,-0.000460,0.013595
3.6288,long_1_forward,0.309366,0.096384,8.488223,0.337505,-0.000458,-0.135085
3.6637,long_1_forward,0.314267,0.097118,8.479904,0.342461,-0.000467,-0.143404
3.7272,long_1_forward,0.319433,0.097885,8.601780,0.347684,-0.000483,-0.021528
3.7621,long_1_forward,0.324260,0.098615,8.619562,0.352565,-0.000485,-0.003746
3.8286,long_1_forward,0.329374,0.099391,8.527463,0.357738,-0.000485,-0.095845
3.8627,long_1_forward,0.334281,0.100128,8.545605,0.362700,-0.000492,-0.077703
3.9275,long_1_forward,0.339475,0.100907,8.517836,0.367953,-0.000500,-0.105472
3.9605,long_1_forward,0.344381,0.101644,8.439241,0.372913,-0.000508,-0.184067
4.0277,long_1_forward,0.349449,0.102393,8.546099,0.378036,-0.000527,-0.077209
4.0616,long_1_forward,0.354461,0.103147,8.521735,0.383104,-0.000533,-0.101573
4.1284,long_1_forward,0.359606,0.103916,8.603250,0.388306,-0.000544,-0.020058
4.2095,long_1_forward,0.364481,0.104653,8.584116,0.393237,-0.000546,-0.039192
4.2299,long_1_forward,0.369591,0.105425,8.656078,0.398405,-0.000550,0.032771
4.2605,long_1_forward,0.374440,0.106161,8.678977,0.403309,-0.000548,0.055669
4.3273,long_1_forward,0.379602,0.106951,8.628353,0.408531,-0.000541,0.005045
4.3634,long_1_forward,0.384470,0.107689,8.673344,0.413456,-0.000542,0.050036
4.4316,long_1_forward,0.389625,0.108477,8.754870,0.418671,-0.000536,0.131562
4.4610,long_1_forward,0.394548,0.109232,8.666230,0.423650,-0.000527,0.042923
4.5341,long_1_forward,0.399626,0.110007,8.736612,0.428787,-0.000522,0.113304
4.5605,long_1_forward,0.404623,0.110772,8.722888,0.433843,-0.000515,0.099581
4.7885,long_1_forward,0.409773,0.111565,8.777247,0.439053,-0.000503,0.153939
4.7920,long_1_forward,0.414652,0.112315,8.826488,0.443990,-0.000494,0.203180
4.7936,long_1_forward,0.419830,0.113123,8.841449,0.449230,-0.000471,0.218141
4.7941,long_1_forward,0.424644,0.113868,8.798567,0.454102,-0.000456,0.175259
4.8275,long_1_forward,0.429683,0.114651,8.822090,0.459201,-0.000437,0.198782
4.8810,long_1_forward,0.434562,0.115405,8.949564,0.464138,-0.000424,0.326257
4.9273,long_1_forward,0.439678,0.116216,9.032788,0.469318,-0.000388,0.409480
4.9753,long_1_forward,0.444550,0.116983,8.974315,0.474250,-0.000360,0.351008
5.0394,long_1_forward,0.449682,0.117800,8.964748,0.479446,-0.000322,0.341440
5.0604,long_1_forward,0.454559,0.118564,8.989107,0.484382,-0.000299,0.365799
5.1299,long_1_forward,0.459673,0.119379,8.887160,0.489561,-0.000260,0.263852
5.1613,long_1_forward,0.464521,0.120133,8.838130,0.494467,-0.000241,0.214822
5.2274,long_1_forward,0.469619,0.120929,8.866750,0.499627,-0.000219,0.243442
5.2620,long_1_forward,0.474401,0.121671,8.920189,0.504466,-0.000201,0.296881
5.3290,long_1_forward,0.479398,0.122460,8.881985,0.509525,-0.000171,0.258677
5.3626,long_1_forward,0.484172,0.123203,8.842727,0.514356,-0.000152,0.219419
5.4315,long_1_forward,0.489206,0.123988,8.880192,0.519451,-0.000130,0.256884
5.4608,long_1_forward,0.493927,0.124723,8.924426,0.524229,-0.000112,0.301118
5.5278,long_1_forward,0.498907,0.125509,8.799208,0.529270,-0.000082,0.175900
5.5605,long_1_forward,0.503703,0.126250,8.759672,0.534124,-0.000068,0.136364
5.6273,long_1_forward,0.508731,0.127025,8.687346,0.539211,-0.000056,0.064038
5.6623,long_1_forward,0.513493,0.127753,8.706660,0.544028,-0.000049,0.083352
5.7287,long_1_forward,0.518569,0.128530,8.689012,0.549163,-0.000042,0.065704
5.7606,long_1_forward,0.523477,0.129281,8.667040,0.554128,-0.000036,0.043732
5.8273,long_1_forward,0.528587,0.130059,8.664645,0.559297,-0.000033,0.041337
5.8614,long_1_forward,0.533498,0.130809,8.724970,0.564265,-0.000028,0.101662
5.9277,long_1_forward,0.538645,0.131598,8.685828,0.569472,-0.000019,0.062520
5.9615,long_1_forward,0.543517,0.132344,8.702103,0.574401,-0.000013,0.078795
6.0721,long_1_forward,0.548782,0.133149,8.711706,0.579727,-0.000006,0.088398
6.0761,long_1_forward,0.553614,0.133890,8.695090,0.584615,0.000002,0.071783
6.1273,long_1_forward,0.558761,0.134676,8.714272,0.589822,0.000008,0.090964
6.1646,long_1_forward,0.563668,0.135429,8.719565,0.594787,0.000016,0.096258
6.2273,long_1_forward,0.568783,0.136213,8.716601,0.599962,0.000025,0.093293
6.2619,long_1_forward,0.573787,0.136980,8.712087,0.605024,0.000033,0.088779
6.3274,long_1_forward,0.578960,0.137773,8.875725,0.610257,0.000041,0.252417
6.3607,long_1_forward,0.583795,0.138525,8.881152,0.615151,0.000059,0.257845
6.4274,long_1_forward,0.589013,0.139343,8.924891,0.620432,0.000086,0.301583
6.4647,long_1_forward,0.593889,0.140105,8.961641,0.625367,0.000108,0.338333
6.5360,long_1_forward,0.599118,0.140933,9.023739,0.630661,0.000143,0.400431
6.5651,long_1_forward,0.603954,0.141697,9.028631,0.635557,0.000173,0.405323
6.6325,long_1_forward,0.609014,0.142506,9.014526,0.640681,0.000214,0.391219
6.6646,long_1_forward,0.613930,0.143281,9.080284,0.645658,0.000243,0.456976
6.7276,long_1_forward,0.618968,0.144092,9.154154,0.650761,0.000290,0.530846
7.0119,long_1_forward,0.623922,0.144883,9.163088,0.655777,0.000329,0.539780
7.0162,long_1_forward,0.629047,0.145717,9.236800,0.660969,0.000386,0.613493
7.0203,long_1_forward,0.633852,0.146490,9.281937,0.665836,0.000429,0.658629
7.0242,long_1_forward,0.638911,0.147326,9.270234,0.670963,0.000497,0.646927
7.0270,long_1_forward,0.643850,0.148124,9.322042,0.675965,0.000545,0.698735
7.0291,long_1_forward,0.648950,0.148970,9.348729,0.681135,0.000617,0.725421
7.0868,long_1_forward,0.653815,0.149761,9.279632,0.686063,0.000670,0.656325
7.1426,long_1_forward,0.658981,0.150613,9.227670,0.691299,0.000738,0.604362
7.1630,long_1_forward,0.663797,0.151390,9.253667,0.696177,0.000783,0.630359
7.2355,long_1_forward,0.668791,0.152210,9.260990,0.701237,0.000845,0.637683
7.2689,long_1_forward,0.673662,0.152998,9.239821,0.706171,0.000894,0.616514
7.3308,long_1_forward,0.678576,0.153803,9.250564,0.711151,0.000954,0.627256
7.3614,long_1_forward,0.683384,0.154580,9.276315,0.716021,0.001001,0.653007
7.4274,long_1_forward,0.688362,0.155400,9.257348,0.721065,0.001065,0.634040
7.4676,long_1_forward,0.693101,0.156166,9.125452,0.725866,0.001112,0.502144
7.5320,long_1_forward,0.698078,0.156969,9.161034,0.730907,0.001159,0.537726
7.5741,long_1_forward,0.702876,0.157739,9.165725,0.735766,0.001201,0.542418
7.6274,long_1_forward,0.707872,0.158548,9.065084,0.740827,0.001253,0.441776
7.6606,long_1_forward,0.712636,0.159307,9.081652,0.745651,0.001288,0.458344
7.7287,long_1_forward,0.717645,0.160109,9.030023,0.750724,0.001331,0.406715
7.7645,long_1_forward,0.722509,0.160882,9.034600,0.755649,0.001365,0.411293
7.8324,long_1_forward,0.727512,0.161678,9.108613,0.760715,0.001402,0.485306
7.8649,long_1_forward,0.732376,0.162456,9.078496,0.765640,0.001442,0.455188
7.9285,long_1_forward,0.737344,0.163251,9.025994,0.770671,0.001483,0.402686
7.9732,long_1_forward,0.742272,0.164033,9.063854,0.775661,0.001518,0.440547
8.0274,long_1_stop,0.747267,0.164831,9.071567,0.780719,0.001558,0.448260
8.0623,long_1_stop,0.752235,0.165623,9.060838,0.785749,0.001596,0.437530
8.1304,long_1_stop,0.757431,0.166453,9.046989,0.791011,0.001637,0.423682
8.1647,long_1_stop,0.761848,0.167156,9.148943,0.795484,0.001670,0.525635
8.2307,long_1_stop,0.765384,0.167729,9.111702,0.799066,0.001706,0.488394
8.2605,long_1_stop,0.766826,0.167961,9.103954,0.800526,0.001720,0.480646
8.3278,long_1_stop,0.767512,0.168071,9.012882,0.801221,0.001726,0.389575
8.3619,long_1_stop,0.767805,0.168118,9.002166,0.801518,0.001728,0.378858
8.4313,long_1_stop,0.767919,0.168136,9.016026,0.801632,0.001729,0.392718
8.4608,long_1_stop,0.767993,0.168148,8.984823,0.801708,0.001729,0.361516
8.5289,long_1_stop,0.768018,0.168152,9.003453,0.801733,0.001729,0.380146
8.5665,long_1_stop,0.768057,0.168158,8.985416,0.801772,0.001730,0.362108
8.6275,long_1_stop,0.768095,0.168164,8.976100,0.801811,0.001730,0.352792
8.6646,long_1_stop,0.768109,0.168166,8.968573,0.801825,0.001730,0.345266
8.7312,long_1_stop,0.768121,0.168168,8.951544,0.801837,0.001730,0.328237
8.7638,long_1_stop,0.768134,0.168170,8.951544,0.801851,0.001730,0.328237
8.8287,long_1_stop,0.768134,0.168170,8.960861,0.801851,0.001730,0.337554
8.8605,long_1_stop,0.768136,0.168170,8.952039,0.801852,0.001730,0.328731
8.9350,long_1_stop,0.768135,0.168170,8.961349,0.801852,0.001730,0.338042
8.9624,long_1_stop,0.768137,0.168171,8.952533,0.801853,0.001730,0.329225
9.0329,long_1_stop,0.768137,0.168171,8.961851,0.801853,0.001730,0.338544
9.0607,long_1_turn_90,0.768138,0.168171,8.953051,0.801855,0.001730,0.329744
9.1310,long_1_turn_90,0.768138,0.168171,8.956215,0.801855,0.001730,0.332907
9.1669,long_1_turn_90,0.768140,0.168171,8.953434,0.801856,0.001731,0.330126
9.2309,long_1_turn_90,0.768140,0.168171,8.988960,0.801857,0.001731,0.365652
9.2648,long_1_turn_90,0.768192,0.168180,9.061028,0.801909,0.001731,0.437721
9.3300,long_1_turn_90,0.768246,0.168188,9.272459,0.801964,0.001731,0.649151
9.3660,long_1_turn_90,0.768339,0.168203,9.621697,0.802058,0.001732,0.998389
9.4327,long_1_turn_90,0.768423,0.168218,10.118071,0.802144,0.001734,1.494763
9.4608,long_1_turn_90,0.768480,0.168225,10.590134,0.802201,0.001733,1.966826
9.5286,long_1_turn_90,0.768537,0.168238,11.246275,0.802259,0.001737,2.622967
9.5979,long_1_turn_90,0.768607,0.168246,11.745905,0.802329,0.001735,3.122597
9.6291,long_1_turn_90,0.768652,0.168261,12.414058,0.802377,0.001742,3.790750
9.6638,long_1_turn_90,0.768675,0.168257,12.904774,0.802398,0.001735,4.281466
9.7276,long_1_turn_90,0.768730,0.168273,13.596645,0.802455,0.001742,4.973337
9.7610,long_1_turn_90,0.768759,0.168274,14.109879,0.802484,0.001739,5.486571
9.8300,long_1_turn_90,0.768763,0.168279,14.820329,0.802489,0.001743,6.197021
9.8605,long_1_turn_90,0.768784,0.168274,15.344099,0.802509,0.001735,6.720792
9.9288,long_1_turn_90,0.768801,0.168284,16.085781,0.802527,0.001743,7.462473
9.9607,long_1_turn_90,0.768810,0.168276,16.549947,0.802534,0.001734,7.926639
10.0273,long_1_turn_90,0.768813,0.168283,17.220049,0.802539,0.001739,8.596742
10.0835,long_1_turn_90,0.768783,0.168266,17.688136,0.802507,0.001727,9.064828
10.1306,long_1_turn_90,0.768759,0.168258,18.314485,0.802482,0.001723,9.691178
10.1626,long_1_turn_90,0.768779,0.168253,18.773958,0.802500,0.001715,10.150651
10.2274,long_1_turn_90,0.768793,0.168264,19.431380,0.802517,0.001724,10.808072
10.2607,long_1_turn_90,0.768813,0.168258,19.878740,0.802535,0.001715,11.255433
10.3276,long_1_turn_90,0.768852,0.168275,20.563331,0.802576,0.001726,11.940024
10.3606,long_1_turn_90,0.768879,0.168278,21.053984,0.802603,0.001725,12.430677
10.4298,long_1_turn_90,0.768869,0.168280,21.777238,0.802593,0.001729,13.153931
10.4610,long_1_turn_90,0.768853,0.168262,22.257089,0.802575,0.001714,13.633781
10.5303,long_1_turn_90,0.768854,0.168264,22.978369,0.802576,0.001715,14.355061
10.5640,long_1_turn_90,0.768858,0.168258,23.474543,0.802580,0.001708,14.851235
10.6346,long_1_turn_90,0.768871,0.168262,24.197428,0.802593,0.001711,15.574120
10.6657,long_1_turn_90,0.768884,0.168262,24.706009,0.802606,0.001709,16.082701
10.7331,long_1_turn_90,0.768884,0.168264,25.444261,0.802606,0.001711,16.820954
10.7619,long_1_turn_90,0.768851,0.168248,25.919463,0.802571,0.001699,17.296155
10.8276,long_1_turn_90,0.768793,0.168218,26.604791,0.802509,0.001679,17.981483
10.8664,long_1_turn_90,0.768754,0.168190,27.062073,0.802466,0.001657,18.438765
10.9276,long_1_turn_90,0.768731,0.168175,27.726101,0.802441,0.001645,19.102793
10.9606,long_1_turn_90,0.768723,0.168165,28.133782,0.802432,0.001636,19.510474
11.0274,long_1_turn_90,0.768760,0.168172,28.802241,0.802469,0.001639,20.178933
11.0626,long_1_turn_90,0.768777,0.168191,29.247470,0.802489,0.001654,20.624162
11.1278,long_1_turn_90,0.768801,0.168189,29.962898,0.802513,0.001649,21.339590
11.1606,long_1_turn_90,0.768816,0.168207,30.420137,0.802530,0.001665,21.796829
11.2315,long_1_turn_90,0.768830,0.168203,31.063167,0.802543,0.001658,22.439859
11.2619,long_1_turn_90,0.768837,0.168214,31.577280,0.802552,0.001668,22.953972
11.3312,long_1_turn_90,0.768839,0.168206,32.279530,0.802553,0.001660,23.656222
11.4049,long_1_turn_90,0.768837,0.168208,32.768635,0.802552,0.001663,24.145327
11.4342,long_1_turn_90,0.768840,0.168200,33.467862,0.802553,0.001654,24.844555
11.4611,long_1_turn_90,0.768825,0.168199,33.948265,0.802538,0.001655,25.324957
11.5275,long_1_turn_90,0.768807,0.168176,34.657558,0.802516,0.001635,26.034250
11.5651,long_1_turn_90,0.768820,0.168178,35.149941,0.802529,0.001635,26.526633
11.6295,long_1_turn_90,0.768818,0.168182,35.810874,0.802529,0.001639,27.187566
11.6624,long_1_turn_90,0.768799,0.168166,36.272918,0.802508,0.001626,27.649610
11.7276,long_1_turn_90,0.768802,0.168157,36.905874,0.802509,0.001617,28.282566
11.7608,long_1_turn_90,0.768788,0.168156,37.338640,0.802495,0.001618,28.715332
11.8278,long_1_turn_90,0.768770,0.168132,37.937934,0.802474,0.001597,29.314626
11.8611,long_1_turn_90,0.768760,0.168125,38.370927,0.802462,0.001592,29.747619
11.9279,long_1_turn_90,0.768774,0.168122,38.986047,0.802476,0.001586,30.362740
11.9620,long_1_turn_90,0.768767,0.168130,39.460138,0.802470,0.001596,30.836830
12.0279,long_1_turn_90,0.768772,0.168116,40.128980,0.802473,0.001581,31.505672
12.0603,long_1_turn_90,0.768765,0.168124,40.601484,0.802468,0.001590,31.978176
12.1373,long_1_turn_90,0.768749,0.168099,41.256728,0.802448,0.001568,32.633420
12.1639,long_1_turn_90,0.768738,0.168092,41.740273,0.802436,0.001562,33.116965
12.2274,long_1_turn_90,0.768752,0.168090,42.401740,0.802450,0.001558,33.778432
12.2625,long_1_turn_90,0.768756,0.168104,42.884441,0.802456,0.001572,34.261133
12.3273,long_1_turn_90,0.768749,0.168091,43.545690,0.802446,0.001559,34.922382
12.3632,long_1_turn_90,0.768761,0.168095,44.001824,0.802459,0.001562,35.378516
12.4277,long_1_turn_90,0.768780,0.168112,44.676309,0.802480,0.001576,36.053002
12.4626,long_1_turn_90,0.768776,0.168116,45.109770,0.802477,0.001580,36.486462
12.5285,long_1_turn_90,0.768748,0.168090,45.739755,0.802446,0.001559,37.116447
12.5608,long_1_turn_90,0.768725,0.168060,46.162439,0.802419,0.001533,37.539131
12.6294,long_1_turn_90,0.768719,0.168046,46.736843,0.802410,0.001520,38.113535
12.6654,long_1_turn_90,0.768730,0.168052,47.199613,0.802422,0.001524,38.576305
12.7284,long_1_turn_90,0.768748,0.168070,47.818169,0.802443,0.001539,39.194861
12.7609,long_1_turn_90,0.768755,0.168080,48.262598,0.802451,0.001548,39.639290
12.8280,long_1_turn_90,0.768766,0.168086,48.864220,0.802463,0.001552,40.240912
12.8608,long_1_turn_90,0.768793,0.168111,49.362962,0.802494,0.001573,40.739655
12.9276,long_1_turn_90,0.768797,0.168129,49.981258,0.802500,0.001590,41.357950
12.9608,long_1_turn_90,0.768792,0.168116,50.498075,0.802493,0.001578,41.874767
13.0278,long_1_turn_90,0.768803,0.168122,51.142676,0.802505,0.001583,42.519368
13.0607,long_1_turn_90,0.768819,0.168141,51.648801,0.802523,0.001599,43.025494
13.1282,long_1_turn_90,0.768816,0.168146,52.265294,0.802521,0.001605,43.641986
13.1658,long_1_turn_90,0.768812,0.168134,52.772502,0.802515,0.001593,44.149194
13.2305,long_1_turn_90,0.768812,0.168133,53.391361,0.802516,0.001592,44.768053
13.2604,long_1_turn_90,0.768823,0.168140,53.867026,0.802527,0.001597,45.243718
13.3276,long_1_turn_90,0.768810,0.168138,54.453929,0.802514,0.001597,45.830621
13.3608,long_1_turn_90,0.768802,0.168113,54.914451,0.802502,0.001574,46.291143
13.4275,long_1_turn_90,0.768812,0.168120,55.465589,0.802513,0.001579,46.842282
13.4616,long_1_turn_90,0.768826,0.168140,55.970376,0.802530,0.001596,47.347068
13.5296,long_1_turn_90,0.768823,0.168146,56.558512,0.802528,0.001603,47.935204
13.5662,long_1_turn_90,0.768838,0.168149,57.055420,0.802544,0.001604,48.432112
13.6295,long_1_turn_90,0.768867,0.168193,57.661945,0.802578,0.001643,49.038637
13.6692,long_1_turn_90,0.768875,0.168217,58.177549,0.802590,0.001665,49.554242
13.7277,long_1_turn_90,0.768875,0.168216,58.783307,0.802590,0.001665,50.159999
13.7608,long_1_turn_90,0.768876,0.168216,59.305446,0.802591,0.001664,50.682138
13.8288,long_1_turn_90,0.768903,0.168240,59.940536,0.802621,0.001684,51.317228
13.8606,long_1_turn_90,0.768913,0.168277,60.466506,0.802637,0.001719,51.843198
13.9301,long_1_turn_90,0.768913,0.168277,61.117705,0.802637,0.001719,52.494397
13.9607,long_1_turn_90,0.768923,0.168285,61.614090,0.802648,0.001726,52.990782
14.0285,long_1_turn_90,0.768919,0.168291,62.260561,0.802644,0.001732,53.637253
14.0606,long_1_turn_90,0.768908,0.168269,62.759186,0.802630,0.001712,54.135879
14.1276,long_1_turn_90,0.768904,0.168254,63.375794,0.802625,0.001697,54.752486
14.1624,long_1_turn_90,0.768905,0.168253,63.854378,0.802625,0.001697,55.231070
14.2305,long_1_turn_90,0.768897,0.168244,64.438242,0.802616,0.001689,55.814934
14.2608,long_1_turn_90,0.768895,0.168231,64.907151,0.802612,0.001676,56.283843
14.3276,long_1_turn_90,0.768911,0.168249,65.502839,0.802631,0.001691,56.879531
14.3607,long_1_turn_90,0.768932,0.168293,65.962387,0.802658,0.001732,57.339079
14.4332,long_1_turn_90,0.768938,0.168323,66.575491,0.802668,0.001760,57.952183
14.4604,long_1_turn_90,0.768954,0.168341,67.104739,0.802687,0.001776,58.481431
14.5276,long_1_turn_90,0.768959,0.168371,67.750929,0.802697,0.001805,59.127621
14.5660,long_1_turn_90,0.768960,0.168370,68.268725,0.802697,0.001804,59.645417
14.6290,long_1_turn_90,0.768967,0.168379,68.929619,0.802706,0.001812,60.306312
14.6606,long_1_turn_90,0.768969,0.168391,69.436973,0.802709,0.001824,60.813665
14.7283,long_1_turn_90,0.768969,0.168391,70.103506,0.802709,0.001823,61.480199
14.7617,long_1_turn_90,0.768962,0.168381,70.591570,0.802700,0.001814,61.968262
14.8286,long_1_turn_90,0.768960,0.168364,71.252202,0.802697,0.001798,62.628894
14.8608,long_1_turn_90,0.768961,0.168364,71.720036,0.802697,0.001798,63.096728
14.9623,long_1_turn_90,0.768974,0.168383,72.374113,0.802713,0.001815,63.750805
14.9691,long_1_turn_90,0.768975,0.168407,72.839961,0.802718,0.001839,64.216653
15.0282,long_1_turn_90,0.768975,0.168407,73.447119,0.802718,0.001838,64.823811
15.0662,long_1_turn_90,0.768969,0.168396,73.903251,0.802710,0.001829,65.279943
15.1278,long_1_turn_90,0.768962,0.168370,74.503574,0.802699,0.001804,65.880266
15.1608,long_1_turn_90,0.768976,0.168380,74.965581,0.802715,0.001811,66.342273
15.2301,long_1_turn_90,0.768977,0.168412,75.564425,0.802720,0.001843,66.941117
15.2626,long_1_turn_90,0.768991,0.168434,76.023567,0.802737,0.001862,67.400259
15.3279,long_1_turn_90,0.768991,0.168466,76.736269,0.802742,0.001894,68.112962
15.3609,long_1_turn_90,0.769004,0.168488,77.228441,0.802759,0.001914,68.605133
15.4279,long_1_turn_90,0.769010,0.168530,77.955276,0.802770,0.001955,69.331969
15.4607,long_1_turn_90,0.769009,0.168542,78.447713,0.802771,0.001967,69.824406
15.5298,long_1_turn_90,0.769009,0.168542,79.121023,0.802772,0.001967,70.497715
15.5626,long_1_turn_90,0.769010,0.168542,79.609949,0.802772,0.001966,70.986641
15.6277,long_1_turn_90,0.769010,0.168542,80.332427,0.802772,0.001966,71.709120
15.6625,long_1_turn_90,0.768999,0.168519,80.797968,0.802758,0.001945,72.174660
15.7278,long_1_turn_90,0.769001,0.168486,81.440276,0.802755,0.001913,72.816968
15.7606,long_1_turn_90,0.768990,0.168463,81.904043,0.802741,0.001891,73.280735
15.8276,long_1_turn_90,0.768999,0.168441,82.603594,0.802746,0.001869,73.980286
15.8624,long_1_turn_90,0.768992,0.168442,83.003346,0.802739,0.001870,74.380039
15.9290,long_1_turn_90,0.768994,0.168425,83.643749,0.802739,0.001854,75.020441
15.9611,long_1_turn_90,0.768999,0.168437,84.045696,0.802746,0.001864,75.422388
16.0276,long_1_turn_90,0.769001,0.168464,84.685048,0.802752,0.001890,76.061741
16.0607,long_1_turn_90,0.769004,0.168488,85.117314,0.802758,0.001914,76.494006
16.1274,long_1_turn_90,0.769006,0.168514,85.815420,0.802764,0.001940,77.192112
16.1610,long_1_turn_90,0.769004,0.168526,86.241758,0.802764,0.001952,77.618450
16.2278,long_1_turn_90,0.769004,0.168526,86.941791,0.802764,0.001952,78.318483
16.2616,long_1_turn_90,0.769004,0.168526,87.410914,0.802764,0.001952,78.787607
16.3287,long_1_turn_90,0.769000,0.168515,88.135094,0.802759,0.001942,79.511786
16.3675,long_1_turn_90,0.769008,0.168516,88.583106,0.802766,0.001941,79.959798
16.4278,long_1_turn_90,0.769004,0.168531,89.288896,0.802765,0.001957,80.665588
16.4609,long_1_turn_90,0.769005,0.168531,89.731916,0.802765,0.001957,81.108608
16.5280,long_1_turn_90,0.768998,0.168509,90.456707,0.802755,0.001936,81.833400
16.5618,long_1_turn_90,0.769005,0.168486,90.887895,0.802759,0.001912,82.264587
16.6284,long_1_turn_90,0.768999,0.168463,91.567405,0.802750,0.001890,82.944097
16.6635,long_1_turn_90,0.769003,0.168428,91.969977,0.802749,0.001854,83.346669
16.7403,long_1_turn_90,0.769005,0.168401,92.633966,0.802746,0.001828,84.010658
16.7626,long_1_turn_90,0.769012,0.168402,93.031890,0.802753,0.001827,84.408583
16.8276,long_1_turn_90,0.769008,0.168417,93.726401,0.802751,0.001843,85.103093
16.8620,long_1_turn_90,0.769005,0.168405,94.130358,0.802747,0.001832,85.507050
16.9300,long_1_turn_90,0.769010,0.168389,94.810851,0.802749,0.001815,86.187543
16.9638,long_1_turn_stop,0.769004,0.168364,95.251196,0.802740,0.001791,86.627889
17.0301,long_1_turn_stop,0.769015,0.168333,95.974427,0.802746,0.001759,87.351119
17.0616,long_1_turn_stop,0.769015,0.168333,96.416368,0.802746,0.001759,87.793061
17.1276,long_1_turn_stop,0.769013,0.168322,97.063457,0.802742,0.001748,88.440149
17.1645,long_1_turn_stop,0.769014,0.168285,97.326547,0.802737,0.001712,88.703239
17.2286,long_1_turn_stop,0.769027,0.168266,97.598136,0.802748,0.001691,88.974828
17.2609,long_1_turn_stop,0.769020,0.168264,97.653177,0.802741,0.001690,89.029869
17.3291,long_1_turn_stop,0.769025,0.168237,97.725358,0.802741,0.001663,89.102050
17.3609,long_1_turn_stop,0.769029,0.168226,97.762689,0.802744,0.001652,89.139381
17.4335,long_1_turn_stop,0.769029,0.168226,97.789361,0.802744,0.001652,89.166053
17.4629,long_1_turn_stop,0.769032,0.168252,97.805218,0.802751,0.001676,89.181910
17.5347,long_1_turn_stop,0.769022,0.168282,97.862451,0.802745,0.001708,89.239143
17.5611,long_1_turn_stop,0.769021,0.168270,97.890193,0.802742,0.001696,89.266885
17.6299,long_1_turn_stop,0.769026,0.168254,97.900319,0.802745,0.001680,89.277011
17.6609,long_1_turn_stop,0.769027,0.168267,97.914736,0.802748,0.001692,89.291428
17.7276,long_1_turn_stop,0.769022,0.168282,97.940915,0.802745,0.001708,89.317607
17.7658,long_1_turn_stop,0.769022,0.168282,97.972958,0.802745,0.001708,89.349650
17.8305,long_1_turn_stop,0.769021,0.168271,98.001312,0.802743,0.001697,89.378005
17.8608,long_1_turn_stop,0.769026,0.168273,98.026668,0.802748,0.001698,89.403360
17.9348,long_1_turn_stop,0.769022,0.168299,98.049713,0.802748,0.001725,89.426405
17.9631,short_1_forward,0.769019,0.168323,98.063539,0.802748,0.001749,89.440231
18.0286,short_1_forward,0.769014,0.168327,98.081771,0.802744,0.001753,89.458463
18.0615,short_1_forward,0.769019,0.168368,98.111404,0.802755,0.001793,89.488096
18.1297,short_1_forward,0.769013,0.168822,98.264930,0.802817,0.002243,89.641622
18.1646,short_1_forward,0.768931,0.170860,98.229956,0.803041,0.004270,89.606649
18.2316,short_1_forward,0.768395,0.174191,98.219846,0.803011,0.007644,89.596538
18.2608,short_1_forward,0.768018,0.178160,98.289223,0.803233,0.011625,89.665915
18.3278,short_1_forward,0.767154,0.182985,98.203490,0.803103,0.016525,89.580182
18.3610,short_1_forward,0.766675,0.187580,98.167881,0.803318,0.021140,89.544573
18.4278,short_1_forward,0.765732,0.192898,98.178036,0.803183,0.026539,89.554729
18.4608,short_1_forward,0.765211,0.197629,98.161833,0.803377,0.031294,89.538525
18.5280,short_1_forward,0.764276,0.202870,98.081562,0.803239,0.036616,89.458254
18.5608,short_1_forward,0.763776,0.207557,98.093049,0.803448,0.041325,89.469741
18.6271,short_1_forward,0.762843,0.212961,98.105355,0.803335,0.046808,89.482048
18.6612,short_1_forward,0.762310,0.217716,98.125101,0.803521,0.051590,89.501793
18.7275,short_1_forward,0.761387,0.223055,98.104610,0.803409,0.057006,89.481302
18.7640,short_1_forward,0.760857,0.227836,98.170118,0.803602,0.061813,89.546810
18.8277,short_1_forward,0.759921,0.233265,98.162563,0.803491,0.067320,89.539255
18.8629,short_1_forward,0.759370,0.238139,98.286174,0.803676,0.072222,89.662866
18.9277,short_1_forward,0.758409,0.243651,98.344516,0.803553,0.077815,89.721209
18.9617,short_1_forward,0.757839,0.248496,98.296968,0.803716,0.082691,89.673660
19.0279,short_1_forward,0.756898,0.253951,98.352124,0.803603,0.088226,89.728816
19.0616,short_1_forward,0.756321,0.258789,98.438324,0.803758,0.093096,89.815016
19.1276,short_1_forward,0.755371,0.264257,98.368749,0.803639,0.098644,89.745441
19.1641,short_1_forward,0.754781,0.269132,98.436025,0.803786,0.103553,89.812718
19.2309,short_1_forward,0.753833,0.274602,98.442770,0.803670,0.109103,89.819462
19.2627,short_1_forward,0.753245,0.279353,98.365721,0.803800,0.113888,89.742414
19.3277,short_1_forward,0.752335,0.284768,98.375922,0.803712,0.119379,89.752614
19.3617,short_1_forward,0.751730,0.289626,98.501534,0.803842,0.124273,89.878226
19.4316,short_1_forward,0.750794,0.295096,98.444445,0.803738,0.129821,89.821137
19.4615,short_1_forward,0.750185,0.299907,98.307125,0.803857,0.134669,89.683817
19.5339,short_1_forward,0.749285,0.305357,98.378798,0.803784,0.140192,89.755490
19.5625,short_1_forward,0.748679,0.310102,98.517118,0.803896,0.144975,89.893810
19.6277,short_1_forward,0.747791,0.315421,98.459931,0.803816,0.150367,89.836623
19.6612,short_1_forward,0.747150,0.320276,98.403191,0.803910,0.155262,89.779883
19.7291,short_1_forward,0.746289,0.325535,98.542792,0.803847,0.160591,89.919485
19.7609,short_1_forward,0.745648,0.330327,98.551117,0.803932,0.165425,89.927809
19.8316,short_1_forward,0.744778,0.335592,98.542168,0.803862,0.170762,89.918860
19.8615,short_1_forward,0.744123,0.340444,98.626558,0.803941,0.175657,90.003250
19.9301,short_1_forward,0.743228,0.345817,98.636622,0.803862,0.181104,90.013314
19.9616,short_1_forward,0.742579,0.350603,98.612671,0.803938,0.185932,89.989363
20.0277,short_1_forward,0.741683,0.355991,98.573787,0.803860,0.191394,89.950479
20.0613,short_1_forward,0.741039,0.360751,98.604406,0.803937,0.196197,89.981098
20.1282,short_1_forward,0.740146,0.366165,98.523464,0.803866,0.201683,89.900156
20.1631,short_1_forward,0.739501,0.370908,98.515460,0.803939,0.206470,89.892153
20.2276,short_1_forward,0.738648,0.376171,98.509101,0.803885,0.211801,89.885793
20.2612,short_1_forward,0.737997,0.380892,98.445373,0.803950,0.216566,89.822065
20.3430,short_1_forward,0.737156,0.386203,98.341530,0.803914,0.221943,89.718222
20.3606,short_1_forward,0.736507,0.390976,98.360995,0.803988,0.226759,89.737687
20.4312,short_1_forward,0.735689,0.396175,98.294352,0.803958,0.232022,89.671044
20.4609,short_1_forward,0.735057,0.400816,98.145312,0.804029,0.236705,89.522004
20.5287,short_1_forward,0.734269,0.406039,98.096325,0.804034,0.241988,89.473018
20.5607,short_1_forward,0.733644,0.410704,98.008582,0.804115,0.246693,89.385274
20.6300,short_1_forward,0.732868,0.415953,97.875234,0.804135,0.251999,89.251926
20.6608,short_1_forward,0.732238,0.420777,97.850070,0.804236,0.256863,89.226763
20.7278,short_1_forward,0.731463,0.426135,97.806623,0.804273,0.262277,89.183315
20.7635,short_1_forward,0.730842,0.430879,97.782425,0.804370,0.267061,89.159117
20.8278,short_1_forward,0.730095,0.436154,97.848887,0.804422,0.272388,89.225579
20.8628,short_1_forward,0.729446,0.441064,97.970517,0.804517,0.277340,89.347209
20.9393,short_1_forward,0.728666,0.446411,98.002462,0.804548,0.282744,89.379154
20.9609,short_1_forward,0.728014,0.451256,97.862395,0.804629,0.287631,89.239087
21.0277,short_1_forward,0.727229,0.456751,98.012952,0.804677,0.293182,89.389644
21.0613,short_1_forward,0.726562,0.461744,98.020554,0.804766,0.298218,89.397247
21.1278,short_1_forward,0.725709,0.467520,97.999036,0.804789,0.304058,89.375728
21.1662,short_1_forward,0.725072,0.472298,97.957263,0.804875,0.308876,89.333955
21.2278,short_1_forward,0.724246,0.477978,98.018455,0.804911,0.314616,89.395147
21.2610,short_1_forward,0.723612,0.482689,97.988514,0.804990,0.319369,89.365206
21.3279,short_1_forward,0.722816,0.488164,98.146883,0.805024,0.324901,89.523575
21.3634,short_1_forward,0.722153,0.493011,98.195702,0.805096,0.329793,89.572395
21.4358,short_1_forward,0.721318,0.498602,98.196549,0.805108,0.335446,89.573241
21.4608,short_1_forward,0.720645,0.503468,98.054804,0.805172,0.340358,89.431496
21.5299,short_1_forward,0.719839,0.508987,98.173953,0.805203,0.345936,89.550646
21.5621,short_1_forward,0.719173,0.513802,98.204892,0.805266,0.350796,89.581584
21.6309,short_1_forward,0.718354,0.519308,98.150841,0.805282,0.356363,89.527533
21.6627,short_1_forward,0.717696,0.524049,98.222816,0.805342,0.361149,89.599508
21.7310,short_1_forward,0.716878,0.529551,98.300398,0.805359,0.366711,89.677091
21.7640,short_1_forward,0.716210,0.534304,98.300398,0.805411,0.371511,89.677091
21.8334,short_1_forward,0.715358,0.539961,98.354454,0.805417,0.377231,89.731146
21.8644,short_1_forward,0.714681,0.544786,98.323525,0.805471,0.382104,89.700218
21.9294,short_1_forward,0.713832,0.550412,98.380450,0.805475,0.387792,89.757142
21.9611,short_1_forward,0.713255,0.554335,98.332361,0.805492,0.391758,89.709053
22.0277,short_1_stop,0.712529,0.559394,98.409057,0.805533,0.396868,89.785749
22.0642,short_1_stop,0.711805,0.564183,98.503704,0.805535,0.401712,89.880396
22.1295,short_1_stop,0.711073,0.569177,98.419206,0.805561,0.406759,89.795898
22.1608,short_1_stop,0.710383,0.573729,98.323135,0.805561,0.411363,89.699828
22.2277,short_1_stop,0.709849,0.577365,98.392082,0.805578,0.415039,89.768774
22.2642,short_1_stop,0.709535,0.579365,98.338499,0.805567,0.417063,89.715191
22.3280,short_1_stop,0.709420,0.580152,98.376797,0.805571,0.417858,89.753489
22.3610,short_1_stop,0.709363,0.580512,98.360820,0.805569,0.418223,89.737512
22.4297,short_1_stop,0.709351,0.580598,98.395668,0.805571,0.418310,89.772360
22.4608,short_1_stop,0.709338,0.580696,98.376674,0.805572,0.418409,89.753366
22.5321,short_1_stop,0.709329,0.580760,98.401820,0.805573,0.418473,89.778513
22.5609,short_1_stop,0.709322,0.580810,98.377181,0.805574,0.418524,89.753873
22.6284,short_1_stop,0.709315,0.580860,98.404152,0.805575,0.418574,89.780844
22.6610,short_1_stop,0.709312,0.580885,98.387015,0.805575,0.418599,89.763707
22.7288,short_1_stop,0.709313,0.580883,98.397984,0.805576,0.418597,89.774676
22.7611,short_1_stop,0.709312,0.580898,98.397984,0.805576,0.418612,89.774676
22.8310,short_1_stop,0.709310,0.580910,98.421642,0.805577,0.418624,89.798335
22.8610,short_1_stop,0.709311,0.580911,98.415713,0.805577,0.418625,89.792405
22.9281,short_1_stop,0.709311,0.580910,98.429826,0.805578,0.418624,89.806518
22.9704,short_1_stop,0.709312,0.580911,98.423907,0.805578,0.418625,89.800599
23.0299,short_1_turn_90,0.709310,0.580922,98.444301,0.805579,0.418636,89.820993
23.0613,short_1_turn_90,0.709307,0.580948,98.452861,0.805579,0.418662,89.829554
23.1294,short_1_turn_90,0.709306,0.580960,98.476581,0.805580,0.418674,89.853273
23.1623,short_1_turn_90,0.709308,0.580948,98.495794,0.805580,0.418663,89.872487
23.2278,short_1_turn_90,0.709309,0.580946,98.604337,0.805581,0.418660,89.981029
23.2626,short_1_turn_90,0.709307,0.580958,98.790733,0.805581,0.418672,90.167425
23.3313,short_1_turn_90,0.709304,0.580983,99.116384,0.805582,0.418697,90.493076
23.3611,short_1_turn_90,0.709299,0.581020,99.504483,0.805582,0.418735,90.881175
23.4315,short_1_turn_90,0.709292,0.581068,99.908130,0.805583,0.418783,91.284822
23.4626,short_1_turn_90,0.709284,0.581115,100.450309,0.805582,0.418831,91.827001
23.5286,short_1_turn_90,0.709284,0.581116,100.921858,0.805582,0.418831,92.298550
23.5619,short_1_turn_90,0.709287,0.581119,101.479647,0.805585,0.418834,92.856339
23.6290,short_1_turn_90,0.709283,0.581144,101.949142,0.805585,0.418859,93.325834
23.6704,short_1_turn_90,0.709282,0.581156,102.538672,0.805585,0.418872,93.915365
23.7284,short_1_turn_90,0.709286,0.581144,103.020025,0.805588,0.418859,94.396717
23.7620,short_1_turn_90,0.709289,0.581147,103.622945,0.805591,0.418861,94.999637
23.8296,short_1_turn_90,0.709287,0.581160,104.126327,0.805592,0.418874,95.503020
23.8631,short_1_turn_90,0.709289,0.581161,104.767079,0.805594,0.418875,96.143771
23.9279,short_1_turn_90,0.709298,0.581124,105.256335,0.805597,0.418837,96.633027
23.9614,short_1_turn_90,0.709316,0.581078,105.872616,0.805608,0.418789,97.249308
24.0298,short_1_turn_90,0.709328,0.581040,106.356690,0.805614,0.418750,97.733383
24.0608,short_1_turn_90,0.709344,0.580995,106.964692,0.805623,0.418703,98.341385
24.1277,short_1_turn_90,0.709363,0.580945,107.410266,0.805634,0.418651,98.786958
24.1611,short_1_turn_90,0.709377,0.580912,108.016155,0.805643,0.418616,99.392847
24.2278,short_1_turn_90,0.709393,0.580863,108.477747,0.805652,0.418565,99.854439
24.2630,short_1_turn_90,0.709411,0.580833,109.109644,0.805665,0.418533,100.486337
24.3280,short_1_turn_90,0.709419,0.580809,109.587466,0.805669,0.418508,100.964158
24.3609,short_1_turn_90,0.709438,0.580764,110.234055,0.805681,0.418461,101.610747
24.4282,short_1_turn_90,0.709456,0.580728,110.709925,0.805694,0.418422,102.086617
24.4611,short_1_turn_90,0.709470,0.580693,111.347790,0.805703,0.418386,102.724483
24.5518,short_1_turn_90,0.709487,0.580670,111.823233,0.805716,0.418361,103.199925
24.5680,short_1_turn_90,0.709489,0.580671,112.475426,0.805718,0.418361,103.852118
24.6318,short_1_turn_90,0.709495,0.580660,112.966463,0.805722,0.418349,104.343155
24.6737,short_1_turn_90,0.709510,0.580625,113.597416,0.805732,0.418313,104.974108
24.7308,short_1_turn_90,0.709528,0.580603,114.092831,0.805746,0.418288,105.469523
24.7612,short_1_turn_90,0.709524,0.580629,114.742471,0.805746,0.418314,106.119163
24.8310,short_1_turn_90,0.709517,0.580629,115.208129,0.805739,0.418315,106.584821
24.8613,short_1_turn_90,0.709533,0.580611,115.775031,0.805753,0.418295,107.151723
24.9344,short_1_turn_90,0.709530,0.580636,116.217808,0.805753,0.418320,107.594500
24.9610,short_1_turn_90,0.709523,0.580632,116.800499,0.805746,0.418318,108.177191
25.0293,short_1_turn_90,0.709540,0.580622,117.241610,0.805761,0.418304,108.618303
25.0611,short_1_turn_90,0.709545,0.580594,117.825465,0.805762,0.418277,109.202158
25.1283,short_1_turn_90,0.709578,0.580550,118.302029,0.805787,0.418228,109.678721
25.1661,short_1_turn_90,0.709588,0.580541,118.910906,0.805796,0.418218,110.287598
25.2336,short_1_turn_90,0.709590,0.580542,119.459894,0.805799,0.418218,110.836586
25.2622,short_1_turn_90,0.709592,0.580543,120.052388,0.805801,0.418219,111.429080
25.3283,short_1_turn_90,0.709602,0.580520,120.571225,0.805807,0.418195,111.947917
25.3611,short_1_turn_90,0.709616,0.580516,121.189658,0.805820,0.418189,112.566351
25.4279,short_1_turn_90,0.709608,0.580528,121.766528,0.805814,0.418201,113.143220
25.4637,short_1_turn_90,0.709610,0.580529,122.335735,0.805816,0.418202,113.712427
25.5289,short_1_turn_90,0.709604,0.580552,122.830772,0.805814,0.418226,114.207464
25.5611,short_1_turn_90,0.709584,0.580582,123.424036,0.805798,0.418259,114.800729
25.6320,short_1_turn_90,0.709567,0.580616,123.980153,0.805787,0.418295,115.356845
25.6700,short_1_turn_90,0.709546,0.580645,124.562970,0.805770,0.418327,115.939663
25.7331,short_1_turn_90,0.709537,0.580656,125.086497,0.805763,0.418339,116.463189
25.7616,short_1_turn_90,0.709544,0.580645,125.662020,0.805768,0.418327,117.038712
25.8316,short_1_turn_90,0.709570,0.580602,126.204028,0.805788,0.418281,117.580720
25.8609,short_1_turn_90,0.709614,0.580544,126.649203,0.805823,0.418216,118.025895
25.9287,short_1_turn_90,0.709659,0.580493,127.327597,0.805860,0.418159,118.704289
25.9610,short_1_turn_90,0.709695,0.580443,127.866834,0.805888,0.418104,119.243526
26.0278,short_1_turn_90,0.709737,0.580403,128.411399,0.805922,0.418059,119.788091
26.0609,short_1_turn_90,0.709758,0.580373,128.977181,0.805939,0.418026,120.353873
26.1338,short_1_turn_90,0.709772,0.580378,129.547267,0.805954,0.418029,120.923959
26.1608,short_1_turn_90,0.709769,0.580360,130.129893,0.805948,0.418012,121.506585
26.2278,short_1_turn_90,0.709806,0.580334,130.650719,0.805981,0.417980,122.027412
26.2619,short_1_turn_90,0.709790,0.580369,131.231848,0.805970,0.418017,122.608540
26.3290,short_1_turn_90,0.709734,0.580439,131.776403,0.805925,0.418095,123.153096
26.3647,short_1_turn_90,0.709674,0.580503,132.343014,0.805876,0.418167,123.719706
26.4319,short_1_turn_90,0.709634,0.580539,132.877741,0.805841,0.418208,124.254433
26.4611,short_1_turn_90,0.709612,0.580569,133.350928,0.805824,0.418241,124.727620
26.5310,short_1_turn_90,0.709595,0.580574,134.031367,0.805808,0.418250,125.408059
26.5614,short_1_turn_90,0.709601,0.580579,134.449138,0.805815,0.418254,125.825831
26.6300,short_1_turn_90,0.709596,0.580577,135.089640,0.805810,0.418252,126.466332
26.6632,short_1_turn_90,0.709627,0.580538,135.551206,0.805835,0.418209,126.927898
26.7314,short_1_turn_90,0.709665,0.580516,136.210572,0.805869,0.418182,127.587265
26.7602,short_1_turn_90,0.709679,0.580495,136.683447,0.805880,0.418159,128.060139
26.8279,short_1_turn_90,0.709705,0.580482,137.341645,0.805903,0.418141,128.718337
26.8610,short_1_turn_90,0.709713,0.580472,137.811253,0.805909,0.418130,129.187945
26.9280,short_1_turn_90,0.709720,0.580475,138.463624,0.805917,0.418133,129.840316
26.9618,short_1_turn_90,0.709716,0.580471,138.942819,0.805912,0.418130,130.319511
27.0277,short_1_turn_90,0.709716,0.580485,139.599939,0.805915,0.418143,130.976631
27.0610,short_1_turn_90,0.709700,0.580487,140.064621,0.805899,0.418147,131.441313
27.1278,short_1_turn_90,0.709680,0.580531,140.719660,0.805886,0.418194,132.096352
27.1615,short_1_turn_90,0.709635,0.580538,141.183747,0.805842,0.418208,132.560439
27.2282,short_1_turn_90,0.709627,0.580576,141.841034,0.805840,0.418246,133.217726
27.2610,short_1_turn_90,0.709582,0.580582,142.303953,0.805796,0.418259,133.680645
27.3286,short_1_turn_90,0.709566,0.580629,142.951810,0.805788,0.418308,134.328502
27.3621,short_1_turn_90,0.709515,0.580630,143.411448,0.805738,0.418316,134.788140
27.4371,short_1_turn_90,0.709542,0.580633,144.042063,0.805764,0.418315,135.418756
27.4612,short_1_turn_90,0.709541,0.580613,144.505142,0.805760,0.418296,135.881835
27.5284,short_1_turn_90,0.709582,0.580597,145.148135,0.805799,0.418274,136.524827
27.5611,short_1_turn_90,0.709630,0.580539,145.572292,0.805838,0.418210,136.948984
27.6278,short_1_turn_90,0.709706,0.580518,146.217644,0.805909,0.418177,137.594336
27.6641,short_1_turn_90,0.709702,0.580513,146.710826,0.805905,0.418173,138.087518
27.7290,short_1_turn_90,0.709685,0.580545,147.344339,0.805893,0.418207,138.721031
27.7616,short_1_turn_90,0.709643,0.580552,147.867934,0.805853,0.418220,139.244626
27.8279,short_1_turn_90,0.709602,0.580611,148.517032,0.805820,0.418284,139.893724
27.8620,short_1_turn_90,0.709522,0.580628,149.025922,0.805744,0.418313,140.402614
27.9278,short_1_turn_90,0.709521,0.580641,149.619696,0.805745,0.418327,140.996388
27.9612,short_1_turn_90,0.709496,0.580648,150.101620,0.805721,0.418338,141.478312
28.0306,short_1_turn_90,0.709471,0.580675,150.695567,0.805701,0.418367,142.072259
28.0618,short_1_turn_90,0.709433,0.580685,151.186138,0.805665,0.418383,142.562830
28.1278,short_1_turn_90,0.709425,0.580694,151.799783,0.805658,0.418393,143.176475
28.1640,short_1_turn_90,0.709404,0.580706,152.274620,0.805639,0.418408,143.651312
28.2282,short_1_turn_90,0.709381,0.580718,152.852904,0.805618,0.418424,144.229596
28.2616,short_1_turn_90,0.709395,0.580695,153.332871,0.805629,0.418399,144.709563
28.3299,short_1_turn_90,0.709448,0.580678,153.906248,0.805679,0.418374,145.282941
28.3608,short_1_turn_90,0.709480,0.580659,154.404522,0.805707,0.418350,145.781214
28.4281,short_1_turn_90,0.709519,0.580645,154.996631,0.805743,0.418331,146.373324
28.4609,short_1_turn_90,0.709522,0.580651,155.619892,0.805748,0.418337,146.996584
28.5282,short_1_turn_90,0.709507,0.580655,156.143744,0.805734,0.418342,147.520436
28.5653,short_1_turn_90,0.709508,0.580655,156.754028,0.805734,0.418342,148.130720
28.6280,short_1_turn_90,0.709490,0.580670,157.277579,0.805718,0.418360,148.654272
28.6611,short_1_turn_90,0.709454,0.580682,157.895952,0.805685,0.418377,149.272645
28.7282,short_1_turn_90,0.709430,0.580692,158.397819,0.805663,0.418391,149.774511
28.7609,short_1_turn_90,0.709397,0.580709,158.999481,0.805633,0.418412,150.376173
28.8280,short_1_turn_90,0.709358,0.580720,159.489587,0.805596,0.418429,150.866279
28.8609,short_1_turn_90,0.709325,0.580737,160.118557,0.805566,0.418451,151.495249
28.9277,short_1_turn_90,0.709305,0.580733,160.633924,0.805545,0.418450,152.010616
28.9612,short_1_turn_90,0.709298,0.580747,161.255258,0.805541,0.418465,152.631950
29.0279,short_1_turn_90,0.709298,0.580729,161.756133,0.805538,0.418447,153.132825
29.0611,short_1_turn_90,0.709348,0.580720,162.346584,0.805586,0.418431,153.723276
29.1296,short_1_turn_90,0.709403,0.580693,162.817335,0.805636,0.418395,154.194028
29.1610,short_1_turn_90,0.709445,0.580698,163.402384,0.805678,0.418394,154.779076
29.2282,short_1_turn_90,0.709468,0.580674,163.937734,0.805698,0.418367,155.314426
29.2612,short_1_turn_90,0.709507,0.580681,164.557706,0.805738,0.418368,155.934398
29.3278,short_1_turn_90,0.709502,0.580675,165.127608,0.805732,0.418363,156.504300
29.3618,short_1_turn_90,0.709484,0.580695,165.651821,0.805716,0.418385,157.028513
29.4298,short_1_turn_90,0.709479,0.580671,166.331327,0.805708,0.418362,157.708019
29.4656,short_1_turn_90,0.709478,0.580704,166.856072,0.805712,0.418396,158.232764
29.5278,short_1_turn_90,0.709403,0.580703,167.530863,0.805637,0.418406,158.907555
29.5659,short_1_turn_90,0.709349,0.580734,167.996299,0.805588,0.418444,159.372991
29.6277,short_1_turn_90,0.709273,0.580731,168.702328,0.805513,0.418453,160.079021
29.6691,short_1_turn_90,0.709251,0.580743,169.214329,0.805493,0.418468,160.591021
29.7286,short_1_turn_90,0.709210,0.580747,169.877485,0.805454,0.418478,161.254178
29.7648,short_1_turn_90,0.709186,0.580752,170.390937,0.805430,0.418486,161.767629
29.8278,short_1_turn_90,0.709192,0.580740,171.021397,0.805435,0.418474,162.398089
29.8611,short_1_turn_90,0.709241,0.580732,171.502787,0.805482,0.418459,162.879479
29.9279,short_1_turn_90,0.709304,0.580720,172.137163,0.805542,0.418438,163.513855
29.9612,short_1_turn_90,0.709332,0.580731,172.640998,0.805571,0.418444,164.017690
30.0289,short_1_turn_90,0.709349,0.580715,173.352197,0.805586,0.418425,164.728889
30.0612,short_1_turn_90,0.709388,0.580721,173.824953,0.805626,0.418426,165.201645
30.1307,short_1_turn_90,0.709410,0.580712,174.573051,0.805646,0.418413,165.949743
30.1627,short_1_turn_90,0.709402,0.580731,175.051184,0.805640,0.418434,166.427876
30.2295,short_1_turn_90,0.709389,0.580711,175.784142,0.805625,0.418415,167.160835
30.2618,short_1_turn_90,0.709393,0.580733,176.254490,0.805633,0.418436,167.631182
30.3279,short_1_turn_90,0.709370,0.580716,176.960051,0.805607,0.418423,168.336743
30.3612,short_1_turn_90,0.709349,0.580739,177.430561,0.805590,0.418449,168.807254
30.4290,short_1_turn_90,0.709279,0.580731,178.147614,0.805519,0.418452,169.524306
30.4697,short_1_turn_90,0.709242,0.580736,178.624850,0.805484,0.418462,170.001542
30.5279,short_1_turn_90,0.709212,0.580729,179.337061,0.805453,0.418460,170.713753
30.5672,short_1_turn_90,0.709224,0.580725,179.818176,0.805464,0.418454,171.194868
30.6290,short_1_turn_90,0.709250,0.580726,-179.516750,0.805490,0.418451,171.859942
30.6658,short_1_turn_90,0.709299,0.580719,-179.058540,0.805537,0.418437,172.318152
30.7312,short_1_turn_90,0.709366,0.580724,-178.375562,0.805604,0.418432,173.001130
30.7616,short_1_turn_90,0.709403,0.580729,-177.974286,0.805642,0.418431,173.402406
30.8280,short_1_turn_90,0.709407,0.580737,-177.253859,0.805646,0.418438,174.122833
30.8611,short_1_turn_90,0.709394,0.580732,-176.808497,0.805633,0.418436,174.568195
30.9403,short_1_turn_stop,0.709406,0.580730,-176.101056,0.805644,0.418432,175.275636
30.9613,short_1_turn_stop,0.709394,0.580740,-175.631567,0.805634,0.418444,175.745125
31.0318,short_1_turn_stop,0.709365,0.580730,-174.920571,0.805604,0.418438,176.456121
31.0612,short_1_turn_stop,0.709377,0.580728,-174.539461,0.805615,0.418434,176.837232
31.1278,short_1_turn_stop,0.709392,0.580733,-174.164702,0.805631,0.418437,177.211990
31.1646,short_1_turn_stop,0.709379,0.580736,-174.032488,0.805619,0.418441,177.344204
31.2289,short_1_turn_stop,0.709353,0.580732,-173.922485,0.805593,0.418442,177.454207
31.2612,short_1_turn_stop,0.709353,0.580726,-173.896808,0.805592,0.418435,177.479884
31.3374,short_1_turn_stop,0.709356,0.580733,-173.887189,0.805596,0.418442,177.489503
31.3613,short_1_turn_stop,0.709356,0.580726,-173.889804,0.805595,0.418436,177.486888
31.4413,short_1_turn_stop,0.709371,0.580731,-173.880158,0.805610,0.418438,177.496535
31.4697,short_1_turn_stop,0.709371,0.580731,-173.880158,0.805610,0.418438,177.496535
31.5348,short_1_turn_stop,0.709371,0.580731,-173.880158,0.805610,0.418438,177.496535
31.5630,short_1_turn_stop,0.709371,0.580731,-173.880158,0.805610,0.418438,177.496535
31.6312,short_1_turn_stop,0.709371,0.580731,-173.880158,0.805610,0.418438,177.496535
31.6661,short_1_turn_stop,0.709371,0.580731,-173.880158,0.805610,0.418438,177.496535
31.7282,short_1_turn_stop,0.709371,0.580731,-173.880158,0.805610,0.418439,177.496535
31.7700,short_1_turn_stop,0.709371,0.580732,-173.880158,0.805610,0.418439,177.496535
31.8633,short_1_turn_stop,0.709371,0.580732,-173.867582,0.805610,0.418439,177.509110
31.8754,short_1_turn_stop,0.709383,0.580731,-173.867582,0.805622,0.418436,177.509110
31.9293,long_2_forward,0.709398,0.580735,-173.857911,0.805637,0.418437,177.518782
31.9611,long_2_forward,0.709410,0.580734,-173.857911,0.805649,0.418435,177.518782
32.0284,long_2_forward,0.709425,0.580737,-173.840402,0.805664,0.418436,177.536290
32.0617,long_2_forward,0.709236,0.580749,-173.756134,0.805479,0.418476,177.620558
32.1282,long_2_forward,0.708277,0.580735,-173.596253,0.804530,0.418606,177.780440
32.1636,long_2_forward,0.705480,0.580631,-173.451961,0.801748,0.418922,177.924731
32.2279,long_2_forward,0.701576,0.580097,-173.237234,0.797809,0.418980,178.139458
32.2678,long_2_forward,0.697188,0.579764,-173.199602,0.793420,0.419309,178.177090
32.3298,long_2_forward,0.692150,0.579007,-173.101094,0.788325,0.419315,178.275598
32.3638,long_2_forward,0.687326,0.578577,-173.144262,0.783492,0.419614,178.232431
32.4298,long_2_forward,0.682084,0.577785,-173.143828,0.778190,0.419617,178.232864
32.4613,long_2_forward,0.677201,0.577338,-173.192799,0.773295,0.419907,178.183893
32.5365,long_2_forward,0.671954,0.576558,-173.208756,0.767991,0.419922,178.167936
32.5663,long_2_forward,0.667093,0.576109,-173.225781,0.763117,0.420207,178.150911
32.6319,long_2_forward,0.661949,0.575362,-173.215395,0.757919,0.420240,178.161298
32.6639,long_2_forward,0.657007,0.574889,-173.160552,0.752962,0.420513,178.216140
32.7294,long_2_forward,0.651828,0.574134,-173.229776,0.747728,0.420544,178.146916
32.7612,long_2_forward,0.647003,0.573678,-173.252683,0.742890,0.420816,178.124009
32.8577,long_2_forward,0.641849,0.572940,-173.071072,0.737684,0.420859,178.305621
32.8696,long_2_forward,0.636982,0.572475,-173.165676,0.732802,0.421129,178.211017
32.9282,long_2_forward,0.631793,0.571715,-173.209060,0.727557,0.421156,178.167632
32.9614,long_2_forward,0.626984,0.571266,-173.209060,0.722735,0.421433,178.167632
33.0279,long_2_forward,0.621765,0.570518,-173.196700,0.717463,0.421476,178.179992
33.0612,long_2_forward,0.617071,0.570058,-173.247571,0.712754,0.421725,178.129121
33.1279,long_2_forward,0.611948,0.569355,-173.374523,0.707583,0.421798,178.002169
33.1620,long_2_forward,0.607082,0.568883,-173.381135,0.702701,0.422061,177.995557
33.2293,long_2_forward,0.601833,0.568176,-173.477270,0.697406,0.422149,177.899423
33.2642,long_2_forward,0.596978,0.567706,-173.677505,0.692535,0.422412,177.699187
33.3284,long_2_forward,0.591692,0.567031,-173.594142,0.687208,0.422537,177.782551
33.3614,long_2_forward,0.586916,0.566583,-173.634362,0.682418,0.422810,177.742330
33.4385,long_2_forward,0.581385,0.565871,-173.699928,0.676843,0.422936,177.676764
33.4638,long_2_forward,0.576563,0.565441,-173.639021,0.672011,0.423234,177.737672
33.5280,long_2_forward,0.570689,0.564682,-173.731925,0.666089,0.423365,177.644768
33.5661,long_2_forward,0.565985,0.564250,-173.762731,0.661374,0.423642,177.613961
33.6290,long_2_forward,0.560325,0.563544,-173.814989,0.655672,0.423793,177.561703
33.6698,long_2_forward,0.555622,0.563116,-173.834517,0.650958,0.424075,177.542175
33.7325,long_2_forward,0.549827,0.562414,-173.875723,0.645123,0.424250,177.500969
33.7629,long_2_forward,0.545079,0.561972,-173.894785,0.640363,0.424525,177.481907
33.8282,long_2_forward,0.539393,0.561292,-173.915414,0.634639,0.424704,177.461278
33.8618,long_2_forward,0.534546,0.560849,-173.861903,0.629780,0.424994,177.514789
33.9279,long_2_forward,0.528733,0.560145,-173.842454,0.623927,0.425169,177.534239
33.9642,long_2_forward,0.523926,0.559702,-173.804405,0.619109,0.425452,177.572287
34.0291,long_2_forward,0.518086,0.558991,-173.691149,0.613228,0.425625,177.685543
34.0611,long_2_forward,0.513380,0.558541,-173.599495,0.608507,0.425885,177.777197
34.1282,long_2_forward,0.507559,0.557821,-173.494799,0.602645,0.426046,177.881893
34.1634,long_2_forward,0.502816,0.557343,-173.457711,0.597884,0.426284,177.918982
34.2280,long_2_forward,0.497062,0.556619,-173.512695,0.592086,0.426432,177.863997
34.2618,long_2_forward,0.492224,0.556131,-173.422255,0.587229,0.426674,177.954437
34.3303,long_2_forward,0.486542,0.555405,-173.466407,0.581503,0.426809,177.910285
34.3618,long_2_forward,0.481748,0.554925,-173.503108,0.576691,0.427053,177.873584
34.4290,long_2_forward,0.475872,0.554191,-173.462992,0.570771,0.427208,177.913700
34.4679,long_2_forward,0.471080,0.553702,-173.428137,0.565960,0.427443,177.948555
34.5310,long_2_forward,0.465226,0.552968,-173.438875,0.560063,0.427596,177.937817
34.5613,long_2_forward,0.460453,0.552473,-173.479590,0.555270,0.427822,177.897103
34.6291,long_2_forward,0.454656,0.551758,-173.455122,0.549430,0.427984,177.921570
34.6633,long_2_forward,0.449910,0.551263,-173.447632,0.544664,0.428206,177.929060
34.7305,long_2_forward,0.443953,0.550528,-173.520399,0.538664,0.428372,177.856293
34.7628,long_2_forward,0.439250,0.550044,-173.401731,0.533942,0.428599,177.974962
34.8310,long_2_forward,0.433360,0.549310,-173.440983,0.528008,0.428757,177.935709
34.8636,long_2_forward,0.428588,0.548807,-173.476920,0.523214,0.428975,177.899773
34.9289,long_2_forward,0.422796,0.548101,-173.437023,0.517382,0.429145,177.939670
34.9620,long_2_forward,0.418108,0.547602,-173.367190,0.512673,0.429355,178.009503
35.0280,long_2_forward,0.412485,0.546905,-173.429177,0.507009,0.429508,177.947516
35.0618,long_2_forward,0.407744,0.546401,-173.546764,0.502245,0.429721,177.829928
35.1350,long_2_forward,0.402026,0.545715,-173.561814,0.496489,0.429900,177.814878
35.1618,long_2_forward,0.397342,0.545223,-173.522381,0.491785,0.430116,177.854311
35.2384,long_2_forward,0.391616,0.544537,-173.687404,0.486020,0.430296,177.689288
35.2612,long_2_forward,0.386938,0.544048,-173.640968,0.481322,0.430514,177.735725
35.3335,long_2_forward,0.381266,0.543387,-173.705900,0.475615,0.430711,177.670792
35.3614,long_2_forward,0.376590,0.542897,-173.774087,0.470919,0.430928,177.602605
35.4410,long_2_forward,0.370886,0.542251,-173.711023,0.465182,0.431145,177.665669
35.4626,long_2_forward,0.366227,0.541761,-173.740660,0.460502,0.431359,177.636032
35.5280,long_2_forward,0.360644,0.541125,-173.780929,0.454887,0.431567,177.595764
35.5681,long_2_forward,0.355883,0.540630,-173.856741,0.450106,0.431791,177.519951
35.6312,long_2_forward,0.350132,0.539990,-173.918166,0.444323,0.432021,177.458526
35.6644,long_2_forward,0.345305,0.539495,-173.911595,0.439477,0.432255,177.465097
35.7299,long_2_forward,0.339490,0.538855,-173.978276,0.433632,0.432494,177.398416
35.7612,long_2_forward,0.334754,0.538372,-174.045038,0.428877,0.432727,177.331654
35.8282,long_2_forward,0.328701,0.537728,-173.946682,0.422796,0.432998,177.430010
35.8619,long_2_forward,0.323945,0.537237,-174.062911,0.418020,0.433226,177.313781
35.9281,long_2_forward,0.318424,0.536654,-174.075100,0.412473,0.433477,177.301592
35.9612,long_2_forward,0.313477,0.536147,-173.987178,0.407506,0.433717,177.389515
36.0323,long_2_forward,0.308061,0.535566,-174.033582,0.402065,0.433955,177.343111
36.0623,long_2_forward,0.303213,0.535072,-173.956330,0.397198,0.434194,177.420363
36.1288,long_2_forward,0.297098,0.534410,-173.883623,0.391052,0.434456,177.493069
36.1733,long_2_forward,0.292298,0.533911,-173.949760,0.386232,0.434683,177.426932
36.2294,long_2_forward,0.286177,0.533249,-173.742804,0.380081,0.434946,177.633889
36.2613,long_2_forward,0.281516,0.532755,-173.703147,0.375399,0.435156,177.673546
36.3281,long_2_forward,0.275503,0.532076,-173.689562,0.369352,0.435386,177.687130
36.3642,long_2_forward,0.270827,0.531573,-173.780488,0.364653,0.435590,177.596204
36.4280,long_2_forward,0.264975,0.530923,-173.862473,0.358770,0.435824,177.514219
36.4905,long_2_forward,0.260176,0.530418,-173.756255,0.353949,0.436045,177.620437
36.5283,long_2_forward,0.254172,0.529746,-173.828136,0.347912,0.436281,177.548556
36.5679,long_2_forward,0.249385,0.529241,-173.857936,0.343103,0.436500,177.518756
36.6292,long_2_forward,0.243334,0.528579,-173.871639,0.337022,0.436752,177.505053
36.6721,long_2_forward,0.238575,0.528078,-173.903267,0.332242,0.436970,177.473425
36.7284,long_2_forward,0.233075,0.527482,-173.823659,0.326715,0.437206,177.553034
36.7613,long_2_forward,0.228178,0.526960,-173.898411,0.321794,0.437424,177.478281
36.8300,long_2_forward,0.222964,0.526397,-173.887093,0.316555,0.437649,177.489599
36.8613,long_2_forward,0.218023,0.525873,-173.895746,0.311592,0.437872,177.480947
36.9292,long_2_forward,0.212832,0.525313,-173.878399,0.306375,0.438096,177.498293
36.9636,long_2_forward,0.208954,0.524897,-173.811105,0.302479,0.438267,177.565587
37.0293,long_2_forward,0.203875,0.524352,-173.907803,0.297375,0.438489,177.468890
37.0612,long_2_forward,0.199037,0.523832,-174.000521,0.292513,0.438700,177.376171
37.1312,long_2_forward,0.193919,0.523296,-173.877611,0.287373,0.438938,177.499082
37.1614,long_2_forward,0.189199,0.522786,-173.999562,0.282630,0.439141,177.377130
37.2283,long_2_forward,0.184096,0.522252,-173.978728,0.277505,0.439378,177.397965
37.2901,long_2_forward,0.179305,0.521744,-173.980527,0.272692,0.439595,177.396165
37.5214,long_2_forward,0.174197,0.521208,-173.989591,0.267562,0.439830,177.387101
37.6680,long_2_forward,0.169422,0.520703,-174.082748,0.262764,0.440047,177.293944
37.9474,long_2_forward,0.164423,0.520185,-174.056513,0.257745,0.440285,177.320179
37.9630,long_2_forward,0.154668,0.519172,-174.276411,0.247947,0.440746,177.100281
37.9695,long_2_forward,0.149802,0.518688,-174.347437,0.243064,0.440996,177.029256
37.9728,long_2_forward,0.144829,0.518191,-174.321460,0.238073,0.441251,177.055232
37.9750,long_2_forward,0.140076,0.517722,-174.314009,0.233303,0.441500,177.062684
37.9771,long_2_forward,0.135127,0.517226,-174.327653,0.228336,0.441752,177.049039
37.9792,long_2_forward,0.130364,0.516756,-174.277501,0.223556,0.442001,177.099192
37.9817,long_2_forward,0.125301,0.516247,-174.421714,0.218474,0.442257,176.954978
37.9838,long_2_forward,0.120479,0.515780,-174.473942,0.213636,0.442518,176.902750
37.9859,long_2_forward,0.115306,0.515274,-174.381226,0.208447,0.442794,176.995466
37.9880,long_2_forward,0.110464,0.514802,-174.250253,0.203589,0.443053,177.126439
38.0297,long_2_forward,0.105324,0.514283,-174.161445,0.198429,0.443310,177.215247
38.0611,long_2_forward,0.100506,0.513790,-174.113140,0.193591,0.443545,177.263553
38.1283,long_2_forward,0.095430,0.513268,-174.087884,0.188494,0.443790,177.288808
38.1615,long_2_forward,0.090613,0.512767,-174.030482,0.183657,0.444017,177.346210
38.2383,long_2_forward,0.085649,0.512250,-173.982143,0.178671,0.444251,177.394550
38.2636,long_2_forward,0.080810,0.511738,-173.912798,0.173810,0.444469,177.463895
38.3291,long_2_forward,0.075741,0.511200,-173.960647,0.168718,0.444698,177.416046
38.3618,long_2_forward,0.070989,0.510695,-173.992518,0.163944,0.444911,177.384175
38.4282,long_2_forward,0.065815,0.510153,-173.833865,0.158747,0.445151,177.542827
38.4687,long_2_forward,0.061026,0.509630,-173.833088,0.153934,0.445352,177.543604
38.5346,long_2_forward,0.055952,0.509087,-173.926586,0.148836,0.445576,177.450106
38.5614,long_2_forward,0.051038,0.508561,-173.878944,0.143899,0.445793,177.497749
38.6330,long_2_forward,0.045971,0.508021,-173.835078,0.138808,0.446019,177.541614
38.6636,long_2_forward,0.041142,0.507496,-173.833065,0.133954,0.446223,177.543627
38.7337,long_2_forward,0.036025,0.506946,-173.843879,0.128813,0.446448,177.532813
38.7623,long_2_forward,0.031209,0.506424,-173.836318,0.123973,0.446653,177.540375
38.8332,long_2_forward,0.026122,0.505877,-173.830320,0.118861,0.446875,177.546372
38.8613,long_2_forward,0.021466,0.505371,-173.821618,0.114183,0.447073,177.555074
38.9275,long_2_forward,0.016386,0.504824,-173.804364,0.109077,0.447294,177.572329
38.9624,long_2_forward,0.011650,0.504307,-173.812428,0.104317,0.447492,177.564265
39.0290,long_2_forward,0.006569,0.503759,-173.871024,0.099212,0.447713,177.505669
39.0631,long_2_forward,0.001882,0.503253,-173.788488,0.094503,0.447915,177.588204
39.1281,long_2_forward,-0.003078,0.502717,-173.833743,0.089518,0.448129,177.542949
39.1692,long_2_forward,-0.007811,0.502203,-173.861052,0.084762,0.448330,177.515640
39.2302,long_2_forward,-0.012886,0.501660,-173.809835,0.079662,0.448554,177.566857
39.2723,long_2_forward,-0.017635,0.501141,-173.707125,0.074889,0.448753,177.669567
39.3283,long_2_forward,-0.022606,0.500598,-173.781928,0.069893,0.448961,177.594765
39.3616,long_2_forward,-0.027345,0.500078,-173.793114,0.065129,0.449158,177.583579
39.4316,long_2_forward,-0.032352,0.499536,-173.831203,0.060097,0.449374,177.545490
39.4645,long_2_forward,-0.037047,0.499027,-173.848315,0.055380,0.449573,177.528378
39.5314,long_2_forward,-0.042043,0.498490,-173.971572,0.050359,0.449792,177.405120
39.5613,long_2_forward,-0.046785,0.497989,-173.896394,0.045596,0.450008,177.480299
39.6341,long_2_forward,-0.051696,0.497465,-174.098990,0.040662,0.450226,177.277703
39.6616,long_2_forward,-0.056290,0.496992,-174.174596,0.036049,0.450447,177.202096
39.7295,long_2_forward,-0.061325,0.496475,-174.170725,0.030993,0.450691,177.205968
39.7632,long_2_forward,-0.066027,0.495998,-174.170725,0.026273,0.450924,177.205968
39.8281,long_2_forward,-0.071073,0.495480,-174.243064,0.021206,0.451169,177.133628
39.8624,long_2_forward,-0.075898,0.494997,-174.259030,0.016364,0.451415,177.117662
39.9282,long_2_stop,-0.080943,0.494487,-174.246037,0.011299,0.451666,177.130656
39.9646,long_2_stop,-0.085791,0.494001,-174.225776,0.006433,0.451913,177.150916
40.0284,long_2_stop,-0.090842,0.493488,-174.201613,0.001362,0.452163,177.175080
40.0616,long_2_stop,-0.095267,0.493041,-174.170506,-0.003080,0.452385,177.206186
40.1312,long_2_stop,-0.098550,0.492707,-173.955538,-0.006376,0.452547,177.421154
40.1634,long_2_stop,-0.100173,0.492534,-173.972521,-0.008007,0.452619,177.404171
40.2282,long_2_stop,-0.100847,0.492463,-173.993006,-0.008683,0.452650,177.383686
40.2612,long_2_stop,-0.101130,0.492433,-173.992640,-0.008968,0.452663,177.384052
40.3281,long_2_stop,-0.101234,0.492422,-173.982962,-0.009072,0.452668,177.393730
40.3614,long_2_stop,-0.101270,0.492418,-173.949411,-0.009109,0.452669,177.427281
40.4286,long_2_stop,-0.101293,0.492416,-173.955705,-0.009131,0.452671,177.420987
40.4653,long_2_stop,-0.101304,0.492415,-173.945380,-0.009143,0.452671,177.431312
40.5303,long_2_stop,-0.101289,0.492417,-173.943578,-0.009127,0.452671,177.433114
40.5636,long_2_stop,-0.101291,0.492417,-173.943578,-0.009129,0.452671,177.433114
40.6313,long_2_stop,-0.101301,0.492416,-173.943578,-0.009139,0.452671,177.433114
40.6645,long_2_stop,-0.101301,0.492416,-173.946177,-0.009140,0.452671,177.430515
40.7293,long_2_stop,-0.101286,0.492417,-173.942791,-0.009124,0.452671,177.433901
40.7614,long_2_stop,-0.101287,0.492417,-173.942791,-0.009126,0.452671,177.433901
40.8282,long_2_stop,-0.101286,0.492418,-173.942791,-0.009124,0.452671,177.433901
40.8683,long_2_stop,-0.101287,0.492417,-173.942791,-0.009126,0.452671,177.433901
40.9286,long_2_stop,-0.101286,0.492418,-173.942791,-0.009124,0.452671,177.433901
40.9646,long_2_turn_90,-0.101287,0.492418,-173.942791,-0.009126,0.452671,177.433901
41.0306,long_2_turn_90,-0.101286,0.492418,-173.942791,-0.009124,0.452671,177.433901
41.0612,long_2_turn_90,-0.101287,0.492418,-173.942791,-0.009125,0.452671,177.433901
41.1292,long_2_turn_90,-0.101298,0.492417,-173.904899,-0.009136,0.452672,177.471793
41.1648,long_2_turn_90,-0.101324,0.492414,-173.824406,-0.009162,0.452673,177.552286
41.2303,long_2_turn_90,-0.101373,0.492409,-173.594927,-0.009212,0.452675,177.781765
41.2618,long_2_turn_90,-0.101500,0.492395,-173.337614,-0.009339,0.452681,178.039078
41.3286,long_2_turn_90,-0.101632,0.492379,-172.797495,-0.009472,0.452685,178.579197
41.3612,long_2_turn_90,-0.101693,0.492372,-172.385391,-0.009534,0.452687,178.991301
41.4306,long_2_turn_90,-0.101769,0.492364,-171.738070,-0.009610,0.452690,179.638623
41.4645,long_2_turn_90,-0.101828,0.492355,-171.297125,-0.009669,0.452690,-179.920433
41.5325,long_2_turn_90,-0.101901,0.492347,-170.617951,-0.009743,0.452694,-179.241259
41.5613,long_2_turn_90,-0.101945,0.492338,-170.174441,-0.009788,0.452691,-178.797749
41.6283,long_2_turn_90,-0.101955,0.492340,-169.550684,-0.009797,0.452695,-178.173991
41.6613,long_2_turn_90,-0.102017,0.492332,-169.091444,-0.009860,0.452696,-177.714752
41.7314,long_2_turn_90,-0.102094,0.492319,-168.389673,-0.009938,0.452694,-177.012981
41.7614,long_2_turn_90,-0.102167,0.492306,-167.910396,-0.010012,0.452693,-176.533704
41.8753,long_2_turn_90,-0.102207,0.492297,-167.204533,-0.010053,0.452689,-175.827840
41.8899,long_2_turn_90,-0.102222,0.492297,-166.716198,-0.010067,0.452692,-175.339506
41.9298,long_2_turn_90,-0.102235,0.492296,-166.005116,-0.010080,0.452693,-174.628424
41.9657,long_2_turn_90,-0.102210,0.492302,-165.541276,-0.010055,0.452695,-174.164584
42.0320,long_2_turn_90,-0.102171,0.492317,-164.895246,-0.010014,0.452704,-173.518554
42.0618,long_2_turn_90,-0.102110,0.492331,-164.431928,-0.009951,0.452709,-173.055236
42.1281,long_2_turn_90,-0.102081,0.492352,-163.759050,-0.009920,0.452726,-172.382357
42.1623,long_2_turn_90,-0.102051,0.492353,-163.269741,-0.009891,0.452722,-171.893048
42.2293,long_2_turn_90,-0.102048,0.492372,-162.574719,-0.009884,0.452740,-171.198027
42.2616,long_2_turn_90,-0.102065,0.492358,-162.076529,-0.009903,0.452729,-170.699837
42.3295,long_2_turn_90,-0.102075,0.492369,-161.379851,-0.009911,0.452741,-170.003159
42.3616,long_2_turn_90,-0.102107,0.492355,-160.863450,-0.009945,0.452732,-169.486757
42.4280,long_2_turn_90,-0.102155,0.492350,-160.196100,-0.009993,0.452734,-168.819408
42.4613,long_2_turn_90,-0.102210,0.492326,-159.695659,-0.010051,0.452719,-168.318967
42.5285,long_2_turn_90,-0.102282,0.492311,-159.034872,-0.010125,0.452715,-167.658180
42.5656,long_2_turn_90,-0.102359,0.492278,-158.497858,-0.010206,0.452694,-167.121166
42.6281,long_2_turn_90,-0.102397,0.492264,-157.838257,-0.010245,0.452686,-166.461565
42.6634,long_2_turn_90,-0.102395,0.492263,-157.306624,-0.010244,0.452684,-165.929932
42.7282,long_2_turn_90,-0.102395,0.492271,-156.635756,-0.010243,0.452693,-165.259064
42.7615,long_2_turn_90,-0.102380,0.492273,-156.144200,-0.010228,0.452692,-164.767508
42.8309,long_2_turn_90,-0.102345,0.492295,-155.513036,-0.010189,0.452708,-164.136344
42.8622,long_2_turn_90,-0.102285,0.492316,-154.996687,-0.010128,0.452721,-163.619994
42.9320,long_2_turn_90,-0.102238,0.492354,-154.356771,-0.010075,0.452750,-162.980079
42.9644,long_2_turn_90,-0.102226,0.492359,-153.826068,-0.010063,0.452754,-162.449376
43.0275,long_2_turn_90,-0.102215,0.492371,-153.182123,-0.010050,0.452764,-161.805431
43.0645,long_2_turn_90,-0.102191,0.492380,-152.648739,-0.010025,0.452769,-161.272047
43.1284,long_2_turn_90,-0.102192,0.492395,-151.985111,-0.010023,0.452784,-160.608419
43.1638,long_2_turn_90,-0.102211,0.492381,-151.437975,-0.010044,0.452774,-160.061283
43.2282,long_2_turn_90,-0.102223,0.492381,-150.770500,-0.010056,0.452775,-159.393808
43.2640,long_2_turn_90,-0.102258,0.492368,-150.271605,-0.010093,0.452767,-158.894913
43.3283,long_2_turn_90,-0.102292,0.492347,-149.663634,-0.010130,0.452752,-158.286942
43.3635,long_2_turn_90,-0.102327,0.492333,-149.136860,-0.010166,0.452743,-157.760168
43.4286,long_2_turn_90,-0.102338,0.492319,-148.479987,-0.010180,0.452731,-157.103295
43.4759,long_2_turn_90,-0.102368,0.492317,-147.958544,-0.010209,0.452734,-156.581852
43.5323,long_2_turn_90,-0.102390,0.492292,-147.285446,-0.010235,0.452712,-155.908754
43.5640,long_2_turn_90,-0.102407,0.492294,-146.772995,-0.010252,0.452717,-155.396303
43.6294,long_2_turn_90,-0.102407,0.492283,-146.133711,-0.010252,0.452705,-154.757018
43.6634,long_2_turn_90,-0.102367,0.492311,-145.646089,-0.010209,0.452728,-154.269397
43.7315,long_2_turn_90,-0.102324,0.492344,-144.978094,-0.010162,0.452754,-153.601402
43.7614,long_2_turn_90,-0.102285,0.492373,-144.493363,-0.010119,0.452777,-153.116671
43.8282,long_2_turn_90,-0.102243,0.492407,-143.855432,-0.010072,0.452804,-152.478740
43.8615,long_2_turn_90,-0.102217,0.492432,-143.371390,-0.010042,0.452824,-151.994698
43.9283,long_2_turn_90,-0.102196,0.492450,-142.698373,-0.010019,0.452839,-151.321681
43.9613,long_2_turn_90,-0.102214,0.492451,-142.196210,-0.010037,0.452843,-150.819518
44.0282,long_2_turn_90,-0.102223,0.492434,-141.573515,-0.010048,0.452827,-150.196823
44.0616,long_2_turn_90,-0.102240,0.492434,-141.079108,-0.010065,0.452831,-149.702416
44.1341,long_2_turn_90,-0.102282,0.492402,-140.404388,-0.010111,0.452805,-149.027696
44.1614,long_2_turn_90,-0.102309,0.492378,-139.935834,-0.010141,0.452785,-148.559142
44.2282,long_2_turn_90,-0.102318,0.492368,-139.275447,-0.010153,0.452776,-147.898755
44.2621,long_2_turn_90,-0.102343,0.492358,-138.802781,-0.010178,0.452770,-147.426089
44.3282,long_2_turn_90,-0.102362,0.492334,-138.146834,-0.010200,0.452749,-146.770142
44.3614,long_2_turn_90,-0.102374,0.492329,-137.669940,-0.010213,0.452747,-146.293248
44.4325,long_2_turn_90,-0.102373,0.492323,-137.019978,-0.010213,0.452741,-145.643286
44.4707,long_2_turn_90,-0.102356,0.492341,-136.549099,-0.010193,0.452755,-145.172407
44.5291,long_2_turn_90,-0.102327,0.492366,-135.913445,-0.010161,0.452776,-144.536753
44.5826,long_2_turn_90,-0.102292,0.492401,-135.458308,-0.010122,0.452805,-144.081616
44.6291,long_2_turn_90,-0.102275,0.492430,-134.772560,-0.010100,0.452832,-143.395868
44.6616,long_2_turn_90,-0.102264,0.492437,-134.378884,-0.010088,0.452837,-143.002191
44.7282,long_2_turn_90,-0.102245,0.492460,-133.638834,-0.010066,0.452856,-142.262142
44.7614,long_2_turn_90,-0.102253,0.492463,-133.193864,-0.010074,0.452860,-141.817171
44.8296,long_2_turn_90,-0.102262,0.492449,-132.490188,-0.010085,0.452848,-141.113496
44.8619,long_2_turn_90,-0.102296,0.492430,-132.029333,-0.010121,0.452834,-140.652641
44.9294,long_2_turn_90,-0.102328,0.492384,-131.374924,-0.010159,0.452794,-139.998232
44.9663,long_2_turn_90,-0.102345,0.492367,-130.886877,-0.010179,0.452779,-139.510184
45.0282,long_2_turn_90,-0.102372,0.492341,-130.349397,-0.010210,0.452758,-138.972705
45.0621,long_2_turn_90,-0.102374,0.492325,-129.762859,-0.010213,0.452743,-138.386166
45.1292,long_2_turn_90,-0.102378,0.492333,-129.205406,-0.010216,0.452751,-137.828714
45.1634,long_2_turn_90,-0.102373,0.492329,-128.618735,-0.010212,0.452746,-137.242043
45.2298,long_2_turn_90,-0.102367,0.492344,-128.080957,-0.010204,0.452760,-136.704265
45.2615,long_2_turn_90,-0.102357,0.492352,-127.538046,-0.010193,0.452766,-136.161354
45.3298,long_2_turn_90,-0.102342,0.492374,-127.012519,-0.010175,0.452786,-135.635827
45.3615,long_2_turn_90,-0.102317,0.492401,-126.427896,-0.010146,0.452809,-135.051204
45.4293,long_2_turn_90,-0.102297,0.492437,-125.886995,-0.010121,0.452842,-134.510303
45.4614,long_2_turn_90,-0.102293,0.492450,-125.311761,-0.010115,0.452854,-133.935069
45.5519,long_2_turn_90,-0.102275,0.492465,-124.768711,-0.010095,0.452866,-133.392019
45.5684,long_2_turn_90,-0.102276,0.492483,-124.179509,-0.010094,0.452884,-132.802817
45.6323,long_2_turn_90,-0.102300,0.492454,-123.638200,-0.010122,0.452859,-132.261507
45.6616,long_2_turn_90,-0.102319,0.492421,-123.066023,-0.010145,0.452829,-131.689330
45.7290,long_2_turn_90,-0.102342,0.492392,-122.550182,-0.010172,0.452804,-131.173490
45.7613,long_2_turn_90,-0.102369,0.492351,-121.972212,-0.010205,0.452768,-130.595520
45.8316,long_2_turn_90,-0.102397,0.492307,-121.427478,-0.010239,0.452728,-130.050786
45.8616,long_2_turn_90,-0.102404,0.492282,-120.853020,-0.010250,0.452705,-129.476328
45.9294,long_2_turn_90,-0.102396,0.492291,-120.285837,-0.010241,0.452712,-128.909145
45.9614,long_2_turn_90,-0.102375,0.492321,-119.700944,-0.010215,0.452739,-128.324252
46.0294,long_2_turn_90,-0.102376,0.492342,-119.153783,-0.010213,0.452760,-127.777091
46.0631,long_2_turn_90,-0.102370,0.492339,-118.574983,-0.010208,0.452756,-127.198291
46.1282,long_2_turn_90,-0.102358,0.492362,-118.088770,-0.010193,0.452777,-126.712078
46.1615,long_2_turn_90,-0.102347,0.492384,-117.513226,-0.010178,0.452797,-126.136534
46.2301,long_2_turn_90,-0.102327,0.492417,-116.946683,-0.010154,0.452826,-125.569991
46.2616,long_2_turn_90,-0.102314,0.492452,-116.346352,-0.010135,0.452859,-124.969659
46.3321,long_2_turn_90,-0.102319,0.492458,-115.801762,-0.010140,0.452866,-124.425069
46.3632,long_2_turn_90,-0.102313,0.492455,-115.209480,-0.010134,0.452862,-123.832787
46.4286,long_2_turn_90,-0.102319,0.492461,-114.635490,-0.010139,0.452869,-123.258798
46.4615,long_2_turn_90,-0.102329,0.492439,-114.043403,-0.010153,0.452848,-122.666711
46.5284,long_2_turn_90,-0.102348,0.492406,-113.482190,-0.010176,0.452819,-122.105497
46.5646,long_2_turn_90,-0.102368,0.492362,-112.926050,-0.010202,0.452778,-121.549357
46.6295,long_2_turn_90,-0.102396,0.492304,-112.377066,-0.010238,0.452725,-121.000374
46.6651,long_2_turn_90,-0.102408,0.492256,-111.783308,-0.010258,0.452679,-120.406616
46.7304,long_2_turn_90,-0.102411,0.492241,-111.267806,-0.010263,0.452665,-119.891114
46.7631,long_2_turn_90,-0.102411,0.492241,-110.657563,-0.010263,0.452665,-119.280870
46.8314,long_2_turn_90,-0.102404,0.492251,-110.102847,-0.010255,0.452674,-118.726155
46.8620,long_2_turn_90,-0.102396,0.492274,-109.528653,-0.010243,0.452695,-118.151961
46.9291,long_2_turn_90,-0.102388,0.492299,-109.042802,-0.010231,0.452719,-117.666110
46.9680,long_2_turn_90,-0.102373,0.492333,-108.497394,-0.010211,0.452750,-117.120702
47.0282,long_2_turn_90,-0.102364,0.492373,-107.976150,-0.010196,0.452788,-116.599457
47.0616,long_2_turn_90,-0.102356,0.492396,-107.398454,-0.010185,0.452810,-116.021762
47.1287,long_2_turn_90,-0.102349,0.492422,-106.895168,-0.010174,0.452834,-115.518476
47.1650,long_2_turn_90,-0.102363,0.492414,-106.281510,-0.010189,0.452829,-114.904818
47.2320,long_2_turn_90,-0.102358,0.492394,-105.758386,-0.010187,0.452808,-114.381694
47.2810,long_2_turn_90,-0.102364,0.492396,-105.152778,-0.010194,0.452812,-113.776086
47.3434,long_2_turn_90,-0.102377,0.492361,-104.666105,-0.010212,0.452779,-113.289412
47.3641,long_2_turn_90,-0.102390,0.492314,-104.097325,-0.010232,0.452734,-112.720633
47.4285,long_2_turn_90,-0.102403,0.492263,-103.613481,-0.010251,0.452685,-112.236788
47.4689,long_2_turn_90,-0.102415,0.492215,-103.032792,-0.010270,0.452640,-111.656100
47.5299,long_2_turn_90,-0.102420,0.492174,-102.559074,-0.010282,0.452601,-111.182382
47.5642,long_2_turn_90,-0.102420,0.492162,-101.942340,-0.010284,0.452588,-110.565648
47.6455,long_2_turn_90,-0.102420,0.492162,-101.474314,-0.010284,0.452588,-110.097622
47.6694,long_2_turn_90,-0.102420,0.492162,-100.859554,-0.010284,0.452588,-109.482862
47.7324,long_2_turn_90,-0.102398,0.492204,-100.365426,-0.010256,0.452626,-108.988734
47.7615,long_2_turn_90,-0.102392,0.492278,-99.759839,-0.010239,0.452699,-108.383147
47.8279,long_2_turn_90,-0.102384,0.492330,-99.274621,-0.010223,0.452749,-107.897929
47.8614,long_2_turn_90,-0.102387,0.492356,-98.672675,-0.010222,0.452775,-107.295982
47.9347,long_2_turn_90,-0.102387,0.492356,-98.168707,-0.010222,0.452776,-106.792015
47.9614,long_2_turn_90,-0.102382,0.492368,-97.560409,-0.010215,0.452786,-106.183716
48.0311,long_2_turn_90,-0.102389,0.492372,-97.039123,-0.010221,0.452792,-105.662431
48.0621,long_2_turn_90,-0.102387,0.492360,-96.387586,-0.010221,0.452779,-105.010893
48.1285,long_2_turn_90,-0.102396,0.492338,-95.891876,-0.010234,0.452759,-104.515183
48.1614,long_2_turn_90,-0.102392,0.492312,-95.283422,-0.010233,0.452733,-103.906730
48.2282,long_2_turn_90,-0.102396,0.492302,-94.763573,-0.010240,0.452723,-103.386881
48.2614,long_2_turn_90,-0.102408,0.492254,-94.179398,-0.010258,0.452677,-102.802705
48.3283,long_2_turn_90,-0.102409,0.492186,-93.645536,-0.010269,0.452610,-102.268844
48.3615,long_2_turn_90,-0.102408,0.492149,-93.062089,-0.010274,0.452574,-101.685397
48.4285,long_2_turn_90,-0.102409,0.492123,-92.540230,-0.010279,0.452548,-101.163538
48.4622,long_2_turn_90,-0.102406,0.492110,-91.943803,-0.010278,0.452535,-100.567110
48.5302,long_2_turn_90,-0.102403,0.492122,-91.450774,-0.010273,0.452546,-100.074081
48.5622,long_2_turn_90,-0.102402,0.492146,-90.863606,-0.010268,0.452570,-99.486914
48.6282,long_2_turn_90,-0.102395,0.492195,-90.374141,-0.010254,0.452617,-98.997449
48.6621,long_2_turn_90,-0.102405,0.492232,-89.780254,-0.010259,0.452655,-98.403561
48.7283,long_2_turn_90,-0.102395,0.492266,-89.288169,-0.010244,0.452688,-97.911477
48.7646,long_2_turn_90,-0.102410,0.492291,-88.728286,-0.010254,0.452715,-97.351594
48.8285,long_2_turn_90,-0.102406,0.492277,-88.208563,-0.010253,0.452699,-96.831871
48.8634,long_2_turn_stop,-0.102409,0.492264,-87.637648,-0.010258,0.452688,-96.260955
48.9294,long_2_turn_stop,-0.102399,0.492272,-87.131833,-0.010246,0.452694,-95.755141
48.9619,long_2_turn_stop,-0.102407,0.492297,-86.654717,-0.010251,0.452720,-95.278025
49.0283,long_2_turn_stop,-0.102410,0.492285,-86.119346,-0.010255,0.452709,-94.742654
49.0750,long_2_turn_stop,-0.102406,0.492272,-85.864123,-0.010253,0.452695,-94.487431
49.1316,long_2_turn_stop,-0.102408,0.492261,-85.637988,-0.010257,0.452684,-94.261296
49.1664,long_2_turn_stop,-0.102404,0.492249,-85.575032,-0.010255,0.452672,-94.198340
49.2300,long_2_turn_stop,-0.102404,0.492249,-85.520497,-0.010255,0.452672,-94.143805
49.2674,long_2_turn_stop,-0.102407,0.492236,-85.490308,-0.010259,0.452660,-94.113615
49.3294,long_2_turn_stop,-0.102402,0.492222,-85.480795,-0.010257,0.452645,-94.104103
49.3620,long_2_turn_stop,-0.102402,0.492222,-85.474781,-0.010257,0.452645,-94.098089
49.4329,long_2_turn_stop,-0.102402,0.492222,-85.474781,-0.010257,0.452645,-94.098089
49.4640,long_2_turn_stop,-0.102404,0.492210,-85.474781,-0.010261,0.452633,-94.098089
49.5284,long_2_turn_stop,-0.102400,0.492195,-85.465069,-0.010259,0.452618,-94.088376
49.5617,long_2_turn_stop,-0.102400,0.492195,-85.465069,-0.010259,0.452618,-94.088376
49.6311,long_2_turn_stop,-0.102400,0.492195,-85.465069,-0.010259,0.452618,-94.088376
49.6622,long_2_turn_stop,-0.102402,0.492183,-85.465069,-0.010263,0.452606,-94.088376
49.7283,long_2_turn_stop,-0.102398,0.492168,-85.455326,-0.010261,0.452591,-94.078634
49.7617,long_2_turn_stop,-0.102398,0.492168,-85.438473,-0.010261,0.452591,-94.061781
49.8320,long_2_turn_stop,-0.102398,0.492168,-85.457965,-0.010262,0.452591,-94.081273
49.8658,long_2_turn_stop,-0.102399,0.492168,-85.441109,-0.010262,0.452591,-94.064417
49.9285,short_2_forward,-0.102400,0.492157,-85.460586,-0.010264,0.452580,-94.083894
49.9621,short_2_forward,-0.102396,0.492157,-85.452141,-0.010260,0.452580,-94.075449
50.0284,short_2_forward,-0.102398,0.492183,-85.442594,-0.010259,0.452606,-94.065901
50.0620,short_2_forward,-0.102422,0.491923,-85.373408,-0.010322,0.452352,-93.996716
50.1294,short_2_forward,-0.102413,0.490785,-85.369378,-0.010483,0.451226,-93.992686
50.1615,short_2_forward,-0.102357,0.487952,-85.316607,-0.010853,0.448416,-93.939915
50.2292,short_2_forward,-0.101964,0.484116,-85.191901,-0.011039,0.444565,-93.815209
50.2727,short_2_forward,-0.101772,0.479847,-85.273383,-0.011490,0.440315,-93.896691
50.3294,short_2_forward,-0.101221,0.474957,-85.210505,-0.011678,0.435398,-93.833813
50.3777,short_2_forward,-0.100983,0.470208,-85.218937,-0.012155,0.430667,-93.842244
50.4305,short_2_forward,-0.100391,0.465064,-85.220222,-0.012341,0.425492,-93.843530
50.4617,short_2_forward,-0.100115,0.460322,-85.294843,-0.012779,0.420762,-93.918151
50.5311,short_2_forward,-0.099567,0.455211,-85.342709,-0.013003,0.415628,-93.966017
50.5760,short_2_forward,-0.099301,0.450280,-85.451967,-0.013480,0.410712,-94.075275
50.6343,short_2_forward,-0.098728,0.445006,-85.385838,-0.013704,0.405411,-94.009146
50.6751,short_2_forward,-0.098475,0.440176,-85.400509,-0.014178,0.400598,-94.023817
50.7610,short_2_forward,-0.097909,0.434823,-85.422104,-0.014421,0.395221,-94.045411
50.7779,short_2_forward,-0.097634,0.429978,-85.478282,-0.014876,0.390389,-94.101590
50.8885,short_2_forward,-0.097111,0.424699,-85.433158,-0.015150,0.385092,-94.056465
50.9051,short_2_forward,-0.096798,0.419826,-85.517081,-0.015571,0.380227,-94.140388
50.9312,short_2_forward,-0.096308,0.414722,-85.512587,-0.015852,0.375108,-94.135895
50.9621,short_2_forward,-0.096020,0.409774,-85.456125,-0.016309,0.370172,-94.079433
51.0612,short_2_forward,-0.095496,0.404527,-85.425067,-0.016578,0.364906,-94.048374
51.0783,short_2_forward,-0.095189,0.399545,-85.545119,-0.017022,0.359934,-94.168426
51.1301,short_2_forward,-0.094683,0.394300,-85.435674,-0.017307,0.354672,-94.058982
51.1618,short_2_forward,-0.094387,0.389404,-85.425041,-0.017749,0.349787,-94.048349
51.2285,short_2_forward,-0.093861,0.384004,-85.357940,-0.018038,0.344370,-93.981248
51.2620,short_2_forward,-0.093546,0.379173,-85.433403,-0.018451,0.339546,-94.056710
51.3286,short_2_forward,-0.093047,0.373929,-85.415133,-0.018744,0.334287,-94.038441
51.3616,short_2_forward,-0.092733,0.369071,-85.406044,-0.019162,0.329436,-94.029351
51.4314,short_2_forward,-0.092231,0.363822,-85.331888,-0.019453,0.324171,-93.955196
51.4616,short_2_forward,-0.091911,0.358945,-85.334572,-0.019868,0.319301,-93.957880
51.5295,short_2_forward,-0.091396,0.353596,-85.286092,-0.020161,0.313936,-93.909400
51.5624,short_2_forward,-0.091064,0.348723,-85.338952,-0.020563,0.309068,-93.962259
51.6286,short_2_forward,-0.090564,0.343463,-85.294653,-0.020857,0.303793,-93.917961
51.6619,short_2_forward,-0.090231,0.338584,-85.330531,-0.021259,0.298919,-93.953839
51.7294,short_2_forward,-0.089728,0.333294,-85.346395,-0.021555,0.293613,-93.969703
51.7615,short_2_forward,-0.089397,0.328415,-85.332379,-0.021960,0.288739,-93.955687
51.8314,short_2_forward,-0.088903,0.323135,-85.230164,-0.022264,0.283445,-93.853472
51.8631,short_2_forward,-0.088546,0.318247,-85.265771,-0.022643,0.278559,-93.889079
51.9316,short_2_forward,-0.088064,0.313079,-85.211808,-0.022941,0.273377,-93.835116
51.9774,short_2_forward,-0.087713,0.308180,-85.183043,-0.023329,0.268481,-93.806351
52.0340,short_2_forward,-0.087204,0.302897,-85.258630,-0.023618,0.263181,-93.881938
52.0683,short_2_forward,-0.086859,0.298051,-85.285597,-0.024003,0.258339,-93.908905
52.1334,short_2_forward,-0.086366,0.292748,-85.282114,-0.024311,0.253021,-93.905422
52.1621,short_2_forward,-0.086020,0.287961,-85.332356,-0.024687,0.248236,-93.955664
52.2306,short_2_forward,-0.085554,0.282822,-85.421495,-0.024996,0.243086,-94.044803
52.2625,short_2_forward,-0.085206,0.277973,-85.508107,-0.025379,0.238239,-94.131415
52.4451,short_2_forward,-0.084758,0.272781,-85.481074,-0.025715,0.233040,-94.104382
52.4623,short_2_forward,-0.084418,0.267969,-85.504883,-0.026100,0.228230,-94.128191
52.4713,short_2_forward,-0.083956,0.262595,-85.637089,-0.026449,0.222848,-94.260397
52.4752,short_2_forward,-0.083626,0.257805,-85.555433,-0.026841,0.218063,-94.178741
52.5295,short_2_forward,-0.083177,0.252512,-85.613857,-0.027190,0.212762,-94.237165
52.5624,short_2_forward,-0.082842,0.247707,-85.642618,-0.027580,0.207961,-94.265926
52.6319,short_2_forward,-0.082406,0.242406,-85.651553,-0.027944,0.202655,-94.274861
52.6623,short_2_forward,-0.082064,0.237505,-85.693203,-0.028341,0.197757,-94.316511
52.7288,short_2_forward,-0.081625,0.232090,-85.722212,-0.028718,0.192338,-94.345520
52.7637,short_2_forward,-0.081286,0.227116,-85.677458,-0.029129,0.187370,-94.300766
52.8319,short_2_forward,-0.080842,0.221713,-85.753119,-0.029500,0.181961,-94.376427
52.8638,short_2_forward,-0.080515,0.216925,-85.848040,-0.029895,0.177178,-94.471348
52.9302,short_2_forward,-0.080091,0.211404,-85.798696,-0.030303,0.171656,-94.422004
52.9773,short_2_forward,-0.079759,0.206585,-85.666733,-0.030698,0.166842,-94.290040
53.0284,short_2_forward,-0.079327,0.201188,-85.781349,-0.031079,0.161441,-94.404657
53.0624,short_2_forward,-0.078987,0.196333,-85.661780,-0.031471,0.156590,-94.285088
53.1298,short_2_forward,-0.078560,0.190997,-85.660839,-0.031849,0.151250,-94.284147
53.1633,short_2_forward,-0.078209,0.186022,-85.635067,-0.032248,0.146279,-94.258375
53.2293,short_2_forward,-0.077764,0.180559,-85.731112,-0.032627,0.140811,-94.354419
53.2618,short_2_forward,-0.077422,0.175669,-85.659435,-0.033022,0.135925,-94.282743
53.3319,short_2_forward,-0.076985,0.170254,-85.693093,-0.033403,0.130506,-94.316401
53.3636,short_2_forward,-0.076645,0.165402,-85.659963,-0.033793,0.125658,-94.283270
53.4285,short_2_forward,-0.076199,0.159831,-85.607529,-0.034188,0.120083,-94.230837
53.4634,short_2_forward,-0.075849,0.155040,-85.575954,-0.034560,0.115293,-94.199262
53.5343,short_2_forward,-0.075421,0.149758,-85.606276,-0.034929,0.110007,-94.229584
53.5621,short_2_forward,-0.075071,0.144931,-85.626783,-0.035307,0.105182,-94.250091
53.6283,short_2_forward,-0.074637,0.139514,-85.627192,-0.035690,0.099761,-94.250499
53.6642,short_2_forward,-0.074279,0.134583,-85.655358,-0.036075,0.094832,-94.278666
53.7285,short_2_forward,-0.073847,0.129152,-85.625119,-0.036463,0.089398,-94.248426
53.7653,short_2_forward,-0.073496,0.124309,-85.564720,-0.036842,0.084557,-94.188027
53.8293,short_2_forward,-0.073051,0.118809,-85.524134,-0.037226,0.079052,-94.147441
53.8663,short_2_forward,-0.072686,0.113936,-85.512501,-0.037596,0.074180,-94.135809
53.9315,short_2_stop,-0.072243,0.108518,-85.475113,-0.037971,0.068757,-94.098421
53.9619,short_2_stop,-0.071879,0.103671,-85.414699,-0.038337,0.063910,-94.038006
54.0284,short_2_stop,-0.071425,0.098258,-85.424692,-0.038700,0.058490,-94.048000
54.0627,short_2_stop,-0.071078,0.093776,-85.514025,-0.039029,0.054006,-94.137333
54.1283,short_2_stop,-0.070739,0.089741,-85.567372,-0.039299,0.049966,-94.190680
54.1617,short_2_stop,-0.070606,0.088006,-85.534449,-0.039427,0.048231,-94.157756
54.2293,short_2_stop,-0.070503,0.086796,-85.564948,-0.039508,0.047019,-94.188256
54.2620,short_2_stop,-0.070481,0.086512,-85.554764,-0.039528,0.046735,-94.178072
54.3284,short_2_stop,-0.070469,0.086361,-85.589602,-0.039539,0.046584,-94.212910
54.3626,short_2_stop,-0.070465,0.086300,-85.563135,-0.039544,0.046523,-94.186443
54.4296,short_2_stop,-0.070462,0.086249,-85.574300,-0.039548,0.046472,-94.197608
54.4620,short_2_stop,-0.070460,0.086224,-85.549588,-0.039550,0.046447,-94.172895
54.5320,short_2_stop,-0.070460,0.086217,-85.535812,-0.039552,0.046440,-94.159120
54.5681,short_2_stop,-0.070460,0.086216,-85.549433,-0.039552,0.046440,-94.172741
54.6294,short_2_stop,-0.070461,0.086222,-85.539270,-0.039552,0.046445,-94.162578
54.6624,short_2_stop,-0.070462,0.086222,-85.538806,-0.039552,0.046445,-94.162114
54.7325,short_2_stop,-0.070463,0.086228,-85.528663,-0.039553,0.046452,-94.151971
54.7622,short_2_stop,-0.070463,0.086228,-85.530903,-0.039553,0.046452,-94.154210
54.8287,short_2_stop,-0.070464,0.086233,-85.514346,-0.039553,0.046457,-94.137654
54.8656,short_2_stop,-0.070464,0.086234,-85.522599,-0.039553,0.046457,-94.145907
54.9286,short_2_stop,-0.070464,0.086228,-85.501072,-0.039554,0.046452,-94.124380
54.9679,short_2_turn_90,-0.070463,0.086205,-85.491119,-0.039556,0.046429,-94.114427
55.0299,short_2_turn_90,-0.070462,0.086195,-85.459588,-0.039557,0.046419,-94.082896
55.0621,short_2_turn_90,-0.070462,0.086195,-85.467826,-0.039557,0.046419,-94.091134
55.1296,short_2_turn_90,-0.070463,0.086201,-85.429924,-0.039557,0.046425,-94.053232
55.1632,short_2_turn_90,-0.070461,0.086162,-85.339786,-0.039560,0.046386,-93.963093
55.2296,short_2_turn_90,-0.070452,0.086049,-85.070337,-0.039569,0.046273,-93.693645
55.2626,short_2_turn_90,-0.070442,0.085932,-84.831218,-0.039576,0.046156,-93.454526
55.3286,short_2_turn_90,-0.070437,0.085878,-84.262411,-0.039580,0.046101,-92.885718
55.3724,short_2_turn_90,-0.070436,0.085852,-83.912141,-0.039582,0.046075,-92.535449
55.4296,short_2_turn_90,-0.070434,0.085826,-83.246254,-0.039584,0.046050,-91.869562
55.4638,short_2_turn_90,-0.070432,0.085801,-82.826132,-0.039586,0.046024,-91.449440
55.5362,short_2_turn_90,-0.070431,0.085776,-82.163585,-0.039588,0.046000,-90.786892
55.5618,short_2_turn_90,-0.070433,0.085805,-81.726177,-0.039587,0.046029,-90.349485
55.6318,short_2_turn_90,-0.070442,0.085826,-81.095692,-0.039593,0.046051,-89.719000
55.6623,short_2_turn_90,-0.070439,0.085803,-80.694143,-0.039593,0.046028,-89.317450
55.7327,short_2_turn_90,-0.070442,0.085805,-80.077491,-0.039595,0.046030,-88.700798
55.7642,short_2_turn_90,-0.070443,0.085803,-79.686355,-0.039597,0.046028,-88.309663
55.8325,short_2_turn_90,-0.070447,0.085816,-79.021529,-0.039599,0.046042,-87.644837
55.8633,short_2_turn_90,-0.070452,0.085825,-78.587499,-0.039603,0.046051,-87.210806
55.9299,short_2_turn_90,-0.070457,0.085838,-77.924998,-0.039605,0.046065,-86.548306
55.9665,short_2_turn_90,-0.070463,0.085859,-77.479721,-0.039608,0.046087,-86.103029
56.0295,short_2_turn_90,-0.070472,0.085886,-76.814190,-0.039613,0.046115,-85.437497
56.0622,short_2_turn_90,-0.070482,0.085922,-76.343782,-0.039617,0.046151,-84.967090
56.1295,short_2_turn_90,-0.070495,0.085952,-75.682342,-0.039626,0.046183,-84.305650
56.1640,short_2_turn_90,-0.070499,0.085964,-75.223161,-0.039628,0.046196,-83.846469
56.2421,short_2_turn_90,-0.070509,0.085980,-74.516527,-0.039635,0.046213,-83.139835
56.2654,short_2_turn_90,-0.070518,0.086033,-74.075461,-0.039636,0.046267,-82.698769
56.3305,short_2_turn_90,-0.070547,0.086101,-73.414169,-0.039655,0.046338,-82.037477
56.3622,short_2_turn_90,-0.070558,0.086136,-72.929959,-0.039660,0.046375,-81.553266
56.4280,short_2_turn_90,-0.070575,0.086174,-72.338290,-0.039672,0.046415,-80.961598
56.4618,short_2_turn_90,-0.070579,0.086158,-71.871039,-0.039678,0.046399,-80.494347
56.5321,short_2_turn_90,-0.070573,0.086156,-71.409890,-0.039672,0.046397,-80.033198
56.5674,short_2_turn_90,-0.070589,0.086189,-70.853861,-0.039683,0.046432,-79.477168
56.6338,short_2_turn_90,-0.070596,0.086188,-70.395615,-0.039690,0.046432,-79.018922
56.6625,short_2_turn_90,-0.070592,0.086177,-69.769470,-0.039688,0.046420,-78.392778
56.7286,short_2_turn_90,-0.070599,0.086200,-69.299517,-0.039692,0.046445,-77.922825
56.7621,short_2_turn_90,-0.070616,0.086233,-68.686334,-0.039704,0.046479,-77.309642
56.8285,short_2_turn_90,-0.070629,0.086257,-68.177234,-0.039712,0.046505,-76.800542
56.8620,short_2_turn_90,-0.070637,0.086266,-67.565452,-0.039720,0.046515,-76.188760
56.9290,short_2_turn_90,-0.070640,0.086265,-67.046986,-0.039722,0.046515,-75.670293
56.9624,short_2_turn_90,-0.070645,0.086277,-66.404625,-0.039725,0.046527,-75.027933
57.0296,short_2_turn_90,-0.070653,0.086277,-65.899509,-0.039733,0.046528,-74.522817
57.0619,short_2_turn_90,-0.070651,0.086279,-65.274851,-0.039731,0.046530,-73.898159
57.1317,short_2_turn_90,-0.070662,0.086290,-64.768174,-0.039740,0.046543,-73.391482
57.1620,short_2_turn_90,-0.070673,0.086327,-64.156432,-0.039745,0.046581,-72.779740
57.2287,short_2_turn_90,-0.070704,0.086374,-63.686496,-0.039770,0.046632,-72.309803
57.2664,short_2_turn_90,-0.070714,0.086382,-63.100033,-0.039778,0.046642,-71.723340
57.3292,short_2_turn_90,-0.070716,0.086382,-62.655996,-0.039780,0.046642,-71.279304
57.3639,short_2_turn_90,-0.070721,0.086394,-62.081764,-0.039783,0.046654,-70.705072
57.4287,short_2_turn_90,-0.070739,0.086428,-61.613619,-0.039796,0.046691,-70.236927
57.4645,short_2_turn_90,-0.070760,0.086458,-61.059722,-0.039812,0.046723,-69.683029
57.5317,short_2_turn_90,-0.070768,0.086456,-60.586063,-0.039820,0.046723,-69.209371
57.5659,short_2_turn_90,-0.070761,0.086446,-59.948622,-0.039815,0.046712,-68.571930
57.6295,short_2_turn_90,-0.070767,0.086457,-59.458328,-0.039819,0.046723,-68.081635
57.6651,short_2_turn_90,-0.070781,0.086477,-58.859688,-0.039829,0.046746,-67.482996
57.7304,short_2_turn_90,-0.070793,0.086488,-58.329051,-0.039840,0.046758,-66.952359
57.7682,short_2_turn_90,-0.070798,0.086499,-57.696285,-0.039843,0.046770,-66.319593
57.8285,short_2_turn_90,-0.070810,0.086509,-57.209882,-0.039854,0.046782,-65.833190
57.8638,short_2_turn_90,-0.070816,0.086521,-56.579498,-0.039858,0.046794,-65.202806
57.9295,short_2_turn_90,-0.070824,0.086519,-56.061115,-0.039866,0.046794,-64.684422
57.9641,short_2_turn_90,-0.070816,0.086510,-55.466246,-0.039860,0.046784,-64.089554
58.0357,short_2_turn_90,-0.070822,0.086521,-54.955685,-0.039864,0.046795,-63.578993
58.0617,short_2_turn_90,-0.070833,0.086529,-54.373314,-0.039874,0.046805,-62.996622
58.1336,short_2_turn_90,-0.070835,0.086529,-53.891168,-0.039875,0.046805,-62.514475
58.1619,short_2_turn_90,-0.070836,0.086528,-53.383692,-0.039876,0.046804,-62.007000
58.2285,short_2_turn_90,-0.070846,0.086550,-52.932163,-0.039884,0.046827,-61.555471
58.2633,short_2_turn_90,-0.070867,0.086564,-52.446378,-0.039901,0.046845,-61.069686
58.3284,short_2_turn_90,-0.070873,0.086575,-51.954720,-0.039906,0.046856,-60.578027
58.3665,short_2_turn_90,-0.070889,0.086594,-51.431826,-0.039919,0.046877,-60.055134
58.4323,short_2_turn_90,-0.070901,0.086602,-50.897716,-0.039930,0.046887,-59.521024
58.4620,short_2_turn_90,-0.070908,0.086613,-50.334358,-0.039935,0.046899,-58.957666
58.5338,short_2_turn_90,-0.070926,0.086633,-49.793260,-0.039949,0.046921,-58.416568
58.5622,short_2_turn_90,-0.070937,0.086639,-49.243930,-0.039959,0.046929,-57.867238
58.6317,short_2_turn_90,-0.070938,0.086639,-48.688490,-0.039960,0.046929,-57.311798
58.6627,short_2_turn_90,-0.070933,0.086627,-48.098448,-0.039957,0.046916,-56.721755
58.7285,short_2_turn_90,-0.070894,0.086564,-47.523621,-0.039929,0.046849,-56.146929
58.7619,short_2_turn_90,-0.070849,0.086542,-46.949508,-0.039887,0.046819,-55.572816
58.8342,short_2_turn_90,-0.070856,0.086539,-46.407902,-0.039895,0.046818,-55.031210
58.8791,short_2_turn_90,-0.070846,0.086531,-45.864498,-0.039886,0.046809,-54.487806
58.9457,short_2_turn_90,-0.070847,0.086531,-45.336283,-0.039887,0.046808,-53.959591
58.9666,short_2_turn_90,-0.070866,0.086564,-44.831001,-0.039901,0.046844,-53.454309
59.0315,short_2_turn_90,-0.070899,0.086576,-44.320649,-0.039932,0.046861,-52.943956
59.0623,short_2_turn_90,-0.070888,0.086569,-43.793572,-0.039922,0.046852,-52.416880
59.1401,short_2_turn_90,-0.070883,0.086558,-43.248503,-0.039918,0.046841,-51.871810
59.1652,short_2_turn_90,-0.070879,0.086563,-42.681462,-0.039914,0.046845,-51.304770
59.2317,short_2_turn_90,-0.070874,0.086539,-42.114580,-0.039912,0.046820,-50.737887
59.2655,short_2_turn_90,-0.070859,0.086552,-41.523248,-0.039896,0.046831,-50.146556
59.3322,short_2_turn_90,-0.070900,0.086573,-40.975049,-0.039933,0.046858,-49.598357
59.3619,short_2_turn_90,-0.070907,0.086583,-40.402817,-0.039939,0.046869,-49.026125
59.4286,short_2_turn_90,-0.070915,0.086579,-39.828714,-0.039947,0.046866,-48.452022
59.4638,short_2_turn_90,-0.070924,0.086604,-39.214152,-0.039953,0.046893,-47.837459
59.5339,short_2_turn_90,-0.070946,0.086594,-38.617103,-0.039975,0.046886,-47.240410
59.5638,short_2_turn_90,-0.070919,0.086590,-37.988959,-0.039949,0.046877,-46.612267
59.6294,short_2_turn_90,-0.070912,0.086566,-37.408482,-0.039946,0.046853,-46.031790
59.6738,short_2_turn_90,-0.070890,0.086570,-36.795661,-0.039924,0.046854,-45.418969
59.7348,short_2_turn_90,-0.070889,0.086543,-36.274523,-0.039926,0.046827,-44.897831
59.7639,short_2_turn_90,-0.070847,0.086533,-35.672767,-0.039887,0.046811,-44.296074
59.8303,short_2_turn_90,-0.070854,0.086529,-35.196872,-0.039894,0.046808,-43.820180
59.8621,short_2_turn_90,-0.070850,0.086534,-34.650311,-0.039890,0.046812,-43.273618
59.9304,short_2_turn_90,-0.070865,0.086539,-34.162465,-0.039903,0.046819,-42.785773
59.9619,short_2_turn_90,-0.070857,0.086529,-33.610157,-0.039897,0.046808,-42.233465
60.0301,short_2_turn_90,-0.070828,0.086505,-33.083066,-0.039872,0.046780,-41.706374
60.0618,short_2_turn_90,-0.070795,0.086487,-32.462909,-0.039842,0.046758,-41.086217
60.1314,short_2_turn_90,-0.070773,0.086473,-31.928410,-0.039823,0.046740,-40.551718
60.1620,short_2_turn_90,-0.070761,0.086469,-31.295408,-0.039811,0.046734,-39.918716
60.2288,short_2_turn_90,-0.070753,0.086460,-30.752733,-0.039805,0.046724,-39.376041
60.2621,short_2_turn_90,-0.070740,0.086456,-30.113350,-0.039793,0.046719,-38.736658
60.3286,short_2_turn_90,-0.070741,0.086456,-29.587287,-0.039793,0.046718,-38.210595
60.3699,short_2_turn_90,-0.070741,0.086455,-28.961854,-0.039794,0.046718,-37.585162
60.4288,short_2_turn_90,-0.070725,0.086438,-28.443924,-0.039780,0.046698,-37.067231
60.4643,short_2_turn_90,-0.070690,0.086423,-27.816204,-0.039748,0.046678,-36.439511
60.5295,short_2_turn_90,-0.070684,0.086427,-27.296140,-0.039741,0.046681,-35.919448
60.5623,short_2_turn_90,-0.070696,0.086429,-26.702059,-0.039753,0.046685,-35.325367
60.6328,short_2_turn_90,-0.070705,0.086437,-26.264979,-0.039761,0.046695,-34.888287
60.6628,short_2_turn_90,-0.070691,0.086414,-25.624930,-0.039750,0.046669,-34.248238
60.7293,short_2_turn_90,-0.070629,0.086388,-25.175664,-0.039693,0.046635,-33.798972
60.7620,short_2_turn_90,-0.070575,0.086359,-24.576902,-0.039644,0.046598,-33.200210
60.8358,short_2_turn_90,-0.070549,0.086366,-24.068532,-0.039617,0.046601,-32.691840
60.8614,short_2_turn_90,-0.070547,0.086345,-23.496936,-0.039618,0.046580,-32.120244
60.9334,short_2_turn_90,-0.070494,0.086330,-22.928514,-0.039568,0.046557,-31.551822
60.9646,short_2_turn_90,-0.070471,0.086320,-22.319974,-0.039547,0.046544,-30.943282
61.0286,short_2_turn_90,-0.070484,0.086340,-21.787140,-0.039557,0.046566,-30.410447
61.0624,short_2_turn_90,-0.070514,0.086337,-21.168610,-0.039587,0.046567,-29.791918
61.1287,short_2_turn_90,-0.070537,0.086364,-20.646715,-0.039605,0.046597,-29.270023
61.1618,short_2_turn_90,-0.070560,0.086346,-20.006227,-0.039631,0.046583,-28.629535
61.2294,short_2_turn_90,-0.070535,0.086355,-19.471631,-0.039604,0.046588,-28.094939
61.2618,short_2_turn_90,-0.070551,0.086350,-18.851903,-0.039622,0.046585,-27.475211
61.3286,short_2_turn_90,-0.070546,0.086355,-18.301774,-0.039616,0.046590,-26.925081
61.3618,short_2_turn_90,-0.070569,0.086363,-17.702868,-0.039638,0.046601,-26.326176
61.4288,short_2_turn_90,-0.070585,0.086363,-17.198860,-0.039653,0.046604,-25.822168
61.4642,short_2_turn_90,-0.070575,0.086356,-16.650754,-0.039644,0.046595,-25.274062
61.5293,short_2_turn_90,-0.070560,0.086355,-16.156050,-0.039629,0.046592,-24.779357
61.5656,short_2_turn_90,-0.070528,0.086335,-15.615035,-0.039601,0.046567,-24.238342
61.6285,short_2_turn_90,-0.070463,0.086321,-15.103622,-0.039539,0.046543,-23.726930
61.6617,short_2_turn_90,-0.070426,0.086314,-14.539002,-0.039503,0.046531,-23.162310
61.7334,short_2_turn_90,-0.070431,0.086326,-13.977905,-0.039506,0.046544,-22.601213
61.7619,short_2_turn_90,-0.070447,0.086319,-13.405467,-0.039523,0.046539,-22.028775
61.8341,short_2_turn_90,-0.070432,0.086319,-12.874428,-0.039508,0.046537,-21.497736
61.8620,short_2_turn_90,-0.070432,0.086319,-12.252306,-0.039508,0.046537,-20.875614
61.9293,short_2_turn_90,-0.070411,0.086307,-11.668991,-0.039490,0.046522,-20.292298
61.9635,short_2_turn_90,-0.070396,0.086315,-11.085627,-0.039473,0.046527,-19.708935
62.0293,short_2_turn_90,-0.070422,0.086319,-10.523231,-0.039498,0.046536,-19.146539
62.0646,short_2_turn_90,-0.070435,0.086318,-9.935060,-0.039511,0.046536,-18.558368
62.1293,short_2_turn_90,-0.070467,0.086334,-9.368535,-0.039541,0.046557,-17.991842
62.1623,short_2_turn_90,-0.070551,0.086352,-8.814177,-0.039621,0.046587,-17.437484
62.2292,short_2_turn_90,-0.070601,0.086341,-8.296986,-0.039672,0.046584,-16.920294
62.2646,short_2_turn_90,-0.070599,0.086347,-7.775658,-0.039670,0.046590,-16.398966
62.3317,short_2_turn_90,-0.070604,0.086341,-7.274932,-0.039675,0.046584,-15.898239
62.3623,short_2_turn_90,-0.070591,0.086342,-6.720438,-0.039662,0.046584,-15.343746
62.4310,short_2_turn_90,-0.070558,0.086328,-6.181365,-0.039632,0.046565,-14.804673
62.4614,short_2_turn_90,-0.070496,0.086325,-5.594253,-0.039571,0.046552,-14.217561
62.5299,short_2_turn_90,-0.070444,0.086320,-5.019557,-0.039520,0.046540,-13.642865
62.5621,short_2_turn_90,-0.070418,0.086325,-4.421577,-0.039494,0.046541,-13.044885
62.6298,short_2_turn_90,-0.070396,0.086316,-3.884718,-0.039474,0.046529,-12.508026
62.6622,short_2_turn_90,-0.070382,0.086326,-3.273965,-0.039458,0.046536,-11.897273
62.7286,short_2_turn_90,-0.070364,0.086311,-2.686462,-0.039442,0.046518,-11.309770
62.7638,short_2_turn_90,-0.070361,0.086332,-2.037529,-0.039436,0.046539,-10.660836
62.8295,short_2_turn_90,-0.070394,0.086318,-1.527596,-0.039471,0.046530,-10.150904
62.8630,short_2_turn_stop,-0.070405,0.086329,-0.912101,-0.039480,0.046543,-9.535409
62.9295,short_2_turn_stop,-0.070435,0.086322,-0.388174,-0.039511,0.046540,-9.011482
62.9641,short_2_turn_stop,-0.070470,0.086333,0.174127,-0.039544,0.046557,-8.449181
63.0308,short_2_turn_stop,-0.070504,0.086318,0.606510,-0.039580,0.046547,-8.016797
63.0618,short_2_turn_stop,-0.070515,0.086329,0.925226,-0.039589,0.046559,-7.698081
63.1294,short_2_turn_stop,-0.070534,0.086318,1.033427,-0.039609,0.046551,-7.589881
63.1627,short_2_turn_stop,-0.070521,0.086321,1.092545,-0.039596,0.046552,-7.530763
63.2343,short_2_turn_stop,-0.070521,0.086321,1.111342,-0.039596,0.046552,-7.511965
63.2615,short_2_turn_stop,-0.070521,0.086321,1.111342,-0.039596,0.046552,-7.511965
63.3321,short_2_turn_stop,-0.070533,0.086324,1.111342,-0.039607,0.046557,-7.511965
63.3628,short_2_turn_stop,-0.070533,0.086318,1.119909,-0.039609,0.046551,-7.503398
63.4289,short_2_turn_stop,-0.070530,0.086323,1.110321,-0.039605,0.046556,-7.512987
63.4621,short_2_turn_stop,-0.070542,0.086320,1.118855,-0.039617,0.046555,-7.504453
63.5299,short_2_turn_stop,-0.070542,0.086320,1.118855,-0.039617,0.046555,-7.504453
63.5644,short_2_turn_stop,-0.070542,0.086320,1.118855,-0.039617,0.046555,-7.504453
63.6289,short_2_turn_stop,-0.070542,0.086320,1.118855,-0.039617,0.046555,-7.504453
63.6622,short_2_turn_stop,-0.070542,0.086320,1.118855,-0.039617,0.046555,-7.504453
63.7289,short_2_turn_stop,-0.070542,0.086320,1.118855,-0.039617,0.046555,-7.504453
63.7622,short_2_turn_stop,-0.070530,0.086318,1.118855,-0.039605,0.046551,-7.504453
63.8326,short_2_turn_stop,-0.070528,0.086323,1.109404,-0.039603,0.046555,-7.513904
